                      (        forth.asm):00001         * 6309 Forth based on my 1984/07/16 TRS-80 Model 1 level II ROM implementation.
                      (        forth.asm):00002         *
                      (        forth.asm):00003         * This work is dedicated to Alain Pinaud, author of "Programmer en Forth"
                      (        forth.asm):00004         * published by Editions du P.S.I. in 1983--i.e. my virtual mentor in the field.
                      (        forth.asm):00005         * Special thanks go William Astle for his fantastic LW Tools utility set and
                      (        forth.asm):00006         * to Robert Lipe for his advice on serial line handling. Apache subversion
                      (        forth.asm):00007         * and the sdiff utility also were on my side all the time.
                      (        forth.asm):00008         *
                      (        forth.asm):00009         * Also credited for their help: Justin Poirier (seminal HW design), Daniel
                      (        forth.asm):00010         * Tufvesson (original CompactFlash interface), Peter Minuth (general Forth
                      (        forth.asm):00011         * guruness), Paul E. Bennett (ANSI compatibility advice); Michel Jean, Bill
                      (        forth.asm):00012         * Ragsdale, Pablo Hugo Reda, Matthias Koch, Demitri Peynado and Bernd Paysan
                      (        forth.asm):00013         * for contributed application level code; Carsten Strotmann for most of the
                      (        forth.asm):00014         * benchmarking code (see https://theultimatebenchmark.org/); Gerry Jackson and
                      (        forth.asm):00015         * Steve R. Palmer (see https://github.com/gerryjackson/forth2012-test-suite)
                      (        forth.asm):00016         * for selected bits and pieces of the Forth2012 test suite
                      (        forth.asm):00017         * (see https://forth-standard.org/).
                      (        forth.asm):00018         *
                      (        forth.asm):00019         * This is a native Forth. Not a threaded interpretive implementation.
                      (        forth.asm):00020         * Worth noticing is the fact that the return stack does not hold return
                      (        forth.asm):00021         * addresses at all. All what is stored there is loop indexes and input stream
                      (        forth.asm):00022         * parameters. Actual return addresses are kept in the system stack. All in all,
                      (        forth.asm):00023         * this is the result of the work of a 19 year old, heavily revisited 35 years
                      (        forth.asm):00024         * later. The downside of this implementation is that the generated code is
                      (        forth.asm):00025         * about 30% larger than a threaded interpretive implementation would be.
                      (        forth.asm):00026         * So it goes...
                      (        forth.asm):00027         *
                      (        forth.asm):00028         * Control flow constructs have been re-implemented based on Wonyong Koh's
                      (        forth.asm):00029         * hForth for the 8086. The original code can be consulted at
                      (        forth.asm):00030         * https://github.com/nealcrook/hForth. Of particular interest is
                      (        forth.asm):00031         * 8086/HF86RAM.ASM. Entries on the control flow stack (implemented on the
                      (        forth.asm):00032         * data stack here) are two cell entities that consist of a parameter
                      (        forth.asm):00033         * (an address), on the top of which a tag identifying the type of address
                      (        forth.asm):00034         * is pushed. They are:
                      (        forth.asm):00035         *
                      (        forth.asm):00036         * Control-flow stack item    Representation (parameter and type)
                      (        forth.asm):00037         * -----------------------    -------------------------------------
                      (        forth.asm):00038         * dest                       control-flow destination      0
                      (        forth.asm):00039         * orig                       control-flow origin           1
                      (        forth.asm):00040         * of-sys                     OF origin                     2 [1]
                      (        forth.asm):00041         * case-sys                   x (any value)                 3 [1]
                      (        forth.asm):00042         * do-sys                     ?DO origin                    DO destination
                      (        forth.asm):00043         * colon-sys                  xt of current definition     -1 [1]
                      (        forth.asm):00044         *
                      (        forth.asm):00045         * [1] Not implemented in Z79Forth/A.
                      (        forth.asm):00046         * 
                      (        forth.asm):00047         * This mechanism allows for verification of balanced control flow constructs.
                      (        forth.asm):00048         *
                      (        forth.asm):00049         * The code generated is limited to a very small instruction set:
                      (        forth.asm):00050         *
                      (        forth.asm):00051         * LDXOPC        $8E     LDX (immediate)
                      (        forth.asm):00052         * JMPOPC        $7E     JMP (extended)
                      (        forth.asm):00053         * JSROPC        $BD     JSR (extended)
                      (        forth.asm):00054         * RTSOPC        $39     RTS (inherent)
                      (        forth.asm):00055         * BCSOPC        $2503   BCS *+5 (relative) Used in LOOP, +LOOP
                      (        forth.asm):00056         * BNEOPC        $2603   BNE *+5 (relative) Used in ?DO, IF, UNTIL
                      (        forth.asm):00057         *
                      (        forth.asm):00058         * On error, the system stack pointer is reset. The return stack pointer also is.
                      (        forth.asm):00059         * The data stack will be cleared as well since it is used as the control flow
                      (        forth.asm):00060         * stack. ABORT and QUIT enforce their own ANS94 standard behaviour.
                      (        forth.asm):00061         *
                      (        forth.asm):00062         * RESTRICT is non-standard. It comes from GNU Forth (VolksForth). The " OK"
                      (        forth.asm):00063         * non-prompt string also does, by the way. Thanks to Anton Ertl for his terse
                      (        forth.asm):00064         * yet valuable input.
                      (        forth.asm):00065         *
                      (        forth.asm):00066         * .' (dot-tick) is non-standard. It comes from SwiftForth. It will be supported
                      (        forth.asm):00067         * whether or not the symbolic stack dump has been configured (see SSDFEAT in
                      (        forth.asm):00068         * constants.asm). However, please note that effective symbolic references will
                      (        forth.asm):00069         * be resolved only if the feature was enabled at compilation time. Otherwise
                      (        forth.asm):00070         * a simple HEX print of the cell at the top of the data stack will be
                      (        forth.asm):00071         * performed. This is meant to support Forth source code that does not depend
                      (        forth.asm):00072         * on the feature vector (see examples/dis.4th).
                      (        forth.asm):00073         *
                      (        forth.asm):00074         * MONITOR and ICHECK are also non-standard. They are intended to maintain and
                      (        forth.asm):00075         * verify the integrity of a checksum of the code section of RAM resident
                      (        forth.asm):00076         * words, with the exception of VARIABLEs and CREATEd words. CREATEd words,
                      (        forth.asm):00077         * if subject to the MONITOR treatment will also carry a code section
                      (        forth.asm):00078         * checksum, although this is not the default behaviour. The checksum will
                      (        forth.asm):00079         * consist in an extra byte added to every word's header. MONITOR and ICHECK
                      (        forth.asm):00080         * will be available whether or not the reliability feature has been configured
                      (        forth.asm):00081         * (see RELFEAT in constants.asm). They will only carry effective semantics
                      (        forth.asm):00082         * if the feature was actually enabled at compilation time. This is meant to
                      (        forth.asm):00083         * support Forth source code that does not depend on the feature vector.
                      (        forth.asm):00084         *
                      (        forth.asm):00085         * Experimental MC146818 RTC support: the feature is disabled by default
                      (        forth.asm):00086         * (see RTCFEAT in constants.asm) because it relies on undocumented schematics.
                      (        forth.asm):00087         * Also, the required underlying circuitry is not intended to ever become an
                      (        forth.asm):00088         * integral part of the Z79Forth reference board itself. Some better designed
                      (        forth.asm):00089         * form of it might eventually surface in the form of an extension specification.
                      (        forth.asm):00090         * At the time of this writing this is just a proof of concept, but whether or
                      (        forth.asm):00091         * not the feature is enabled, three extra words will be added to the dictionary.
                      (        forth.asm):00092         * They are RTC@ RTC! and TICKS They can be safely ignored.
                      (        forth.asm):00093         *
                      (        forth.asm):00094         * Forth source code portability note:
                      (        forth.asm):00095         * Because Z79Forth does not use the return stack to store return addresses,
                      (        forth.asm):00096         * it makes it quite easy to write code that is not readily portable to classic
                      (        forth.asm):00097         * threaded interpretive implementations. The resulting code will be simpler but
                      (        forth.asm):00098         * portability will be limited.
                      (        forth.asm):00099         *
                      (        forth.asm):00100         * Miscellaneous notes: RA stands for return address; EP for entry point.
                      (        forth.asm):00101         * CF is a shortcut for CompactFlash. TOS means top of the data/normal stack.
                      (        forth.asm):00102         * Occasionally, CFA is used for code field address which, in this
                      (        forth.asm):00103         * implementation, is a synonym for compilation address. XT means execution
                      (        forth.asm):00104         * token--the ANSI term for a compilation address. MSC stands for most
                      (        forth.asm):00105         * significant cell; LSC for least significant cell.
                      (        forth.asm):00106         *
                      (        forth.asm):00107         * The complete guide to the HD6309 extended instruction set can be found at:
                      (        forth.asm):00108         * https://cyberabi.ipower.com/Downloads/The_6309_Book.pdf. For convenience,
                      (        forth.asm):00109         * and with the author's explicit agreement, this document has been included
                      (        forth.asm):00110         * in this distribution. This is recommended reading for anyone altering this
                      (        forth.asm):00111         * code or trying to make some sense of it!!!
                      (        forth.asm):00112         *
                      (        forth.asm):00113         * This whole effort started out as a porting endeavour and ended up being a
                      (        forth.asm):00114         * substantial rewrite, trying to take advantage of the features of the 6309
                      (        forth.asm):00115         * as much as possible. The primary goals of this implementation are:
                      (        forth.asm):00116         * reliability, performance and code compactness. A number of bugs in the
                      (        forth.asm):00117         * original code have been fixed--some remain for sure!
                      (        forth.asm):00118         *
                      (        forth.asm):00119         * Obligatory literary reference:
                      (        forth.asm):00120         * "The paper is very heavy going, and I should never have read it, had I not
                      (        forth.asm):00121         * written it myself." John E. Littlewood (1885-1977).
                      (        forth.asm):00122         *
                      (        forth.asm):00123         * The original soundtrack for this work is available at:
                      (        forth.asm):00124         * https://youtu.be/YqXZtGyFyDo?t=4023 (J.S. Bach BWV 1080, contrapunctus 14).
                      (        forth.asm):00125         
0000                  (        forth.asm):00126         pragma  opt cd,operandsizewarning
                      (        forth.asm):00127         
                      (        forth.asm):00128                 include constants.asm
                      (    constants.asm):00001         * Begin tunable parameters section.
                      (    constants.asm):00002         
     0000             (    constants.asm):00003         CSSNTVE equ     0               Words and HEX numbers are case sensitive if NZ
     0001             (    constants.asm):00004         SSDFEAT equ     1               Set to 1 to enable the symbolic stack dump feat.
     0001             (    constants.asm):00005         RELFEAT set     1               Set to 1 to enable the reliability feature
                      (    constants.asm):00006         
     0001             (    constants.asm):00007         WTCFEAT equ     1               MECB SYS I/O RTC
     0000             (    constants.asm):00008         RTCFEAT equ     0               Cool but the reliability feature must go...
     0000             (    constants.asm):00009         DEBUG   set     0               Enforce assertions and miscellaneous checks
     0001             (    constants.asm):00010         HVNMI   equ     1               NMI handler support
     0000             (    constants.asm):00011         HVNMI2  equ     0               NMI handler support (async input debugging)
                      (    constants.asm):00012         * Loop count for MS. This is busy waiting, so we depend on the CPU clock speed.
     00C2             (    constants.asm):00013         MSLCNT  equ     194             at 1 MHz native mode (MECB)
                      (    constants.asm):00014         *MSLCNT equ     794             at 4 MHz native mode
                      (    constants.asm):00015         *MSLCNT equ     994             at 5 MHz native mode
                      (    constants.asm):00016         
                      (    constants.asm):00017         * End tunable parameters section.
                      (    constants.asm):00018         
                      (    constants.asm):00019                 IFNE    RTCFEAT
0000                  (    constants.asm):00020         RELFEAT set     0               RTCFEAT disables RELFEAT
                      (    constants.asm):00021                 ELSE
                      (    constants.asm):00022                 IFNE    HVNMI
                      (    constants.asm):00023                 IFNE    HVNMI2
0000                  (    constants.asm):00024         RELFEAT set     0               (HVNMI and HVNMI2) disable RELFEAT
                      (    constants.asm):00025                 ENDC                    HVNMI2
                      (    constants.asm):00026                 ENDC                    HVNMI
                      (    constants.asm):00027                 ENDC                    RTCFEAT
                      (    constants.asm):00028         
                      (    constants.asm):00029         * Intrinsic ANS94 support prevents both DEBUG and the reliability feature.
     0000             (    constants.asm):00030         RELFEAT set     0
     0000             (    constants.asm):00031         DEBUG   set     0
                      (    constants.asm):00032         
                      (    constants.asm):00033         * Control flow stack implemented on the top of the data stack.
     D7E5             (    constants.asm):00034         CSPUSH  EQU     NPUSH
     D7F3             (    constants.asm):00035         CSPOP   EQU     NPOP
                      (    constants.asm):00036         
                      (    constants.asm):00037         * Memory map.
     0000             (    constants.asm):00038         RAMSTRT equ     $0000
     8000             (    constants.asm):00039         RAMSIZE equ     $8000
     C000             (    constants.asm):00040         IOSTRT  equ     $C000
     D000             (    constants.asm):00041         ROMSTRT equ     $D000
     FFF0             (    constants.asm):00042         VECTBL  equ     $FFF0
                      (    constants.asm):00043         
                      (    constants.asm):00044         * Base address for global variables (direct page addressed).
     0100             (    constants.asm):00045         VARSPC  equ     $100
                      (    constants.asm):00046         
                      (    constants.asm):00047         * The 74HCT138 (U7) IO address decoder maps one 1 KB area per usable device.
     C0C0             (    constants.asm):00048         DEV0    equ     $C0C0           Compact Flash memory module (optional)
     C400             (    constants.asm):00049         DEV1    equ     $C400
     C800             (    constants.asm):00050         DEV2    equ     $C800
     CC00             (    constants.asm):00051         DEV3    equ     $CC00
     C040             (    constants.asm):00052         DEV4    equ     $C040       RTC-72421 (optional MECB)
     D400             (    constants.asm):00053         DEV5    equ     $D400           MC146818 RTC (optional)
     C008             (    constants.asm):00054         DEV6    equ     $C008           HD63B50 unit 0
     DC00             (    constants.asm):00055         DEV7    equ     $DC00
                      (    constants.asm):00056         
     C008             (    constants.asm):00057         ACIACTL equ     DEV6
     C009             (    constants.asm):00058         ACIADAT equ     DEV6+1
                      (    constants.asm):00059         
                      (    constants.asm):00060         * ACIA control register bits.
     0003             (    constants.asm):00061         ACRST   equ     %00000011       ACIA master reset
                      (    constants.asm):00062         
                      (    constants.asm):00063         * 1.84320 MHz Y1: 115200 bps in the direct path, 38400 bps in the DIV3 path
     0001             (    constants.asm):00064         ACDIV16 equ     %00000001       ACIA div 16
                      (    constants.asm):00065         
     0014             (    constants.asm):00066         AC8N1   equ     %00010100       ACIA 8N1
     0000             (    constants.asm):00067         ACRTS0  equ     %00000000       ACIA RTS# low
     0040             (    constants.asm):00068         ACRTS1  equ     %01000000       ACIA RTS# high
     0080             (    constants.asm):00069         ACRDINT equ     %10000000       IRQ on RDRF
                      (    constants.asm):00070         
     0043             (    constants.asm):00071         ACIRSET equ     ACRTS1|ACRST
     00D5             (    constants.asm):00072         ACIRTS1 equ     ACRTS1|ACRDINT|AC8N1|ACDIV16
     0095             (    constants.asm):00073         ACIRTS0 equ     ACRTS0|ACRDINT|AC8N1|ACDIV16
                      (    constants.asm):00074         
                      (    constants.asm):00075         * ACIA status register bits.
     0001             (    constants.asm):00076         ACIRDRF equ     %00000001       Receive data register full
     0002             (    constants.asm):00077         ACITDRE equ     %00000010       Transmit data register empty
     0020             (    constants.asm):00078         ACIOVRN equ     %00100000       Overrun status register bit
     0080             (    constants.asm):00079         ACIISVC equ     %10000000       Interrupt needs servicing
                      (    constants.asm):00080         
                      (    constants.asm):00081         * Compact Flash parameters.
     C0C0             (    constants.asm):00082         CFBASE  equ     DEV0
     C0C0             (    constants.asm):00083         CFDATAR equ     CFBASE          R/W data register
     C0C1             (    constants.asm):00084         CFERROR equ     CFBASE+1        RO error register
     C0C1             (    constants.asm):00085         CFFEATR equ     CFBASE+1        WO features register
     C0C2             (    constants.asm):00086         CFSCNTR equ     CFBASE+2        R/W sector count register
     C0C3             (    constants.asm):00087         CFSNUMR equ     CFBASE+3        R/W sector number register
     C0C4             (    constants.asm):00088         CFCLOWR equ     CFBASE+4        R/W cylinder low register
     C0C5             (    constants.asm):00089         CFCHIGR equ     CFBASE+5        R/W cylinder high register
     C0C6             (    constants.asm):00090         CFDRHDR equ     CFBASE+6        R/W drive/head register
     C0C7             (    constants.asm):00091         CFSTATR equ     CFBASE+7        RO status register
     C0C7             (    constants.asm):00092         CFCOMDR equ     CFBASE+7        WO command register
                      (    constants.asm):00093         
                      (    constants.asm):00094         * CF status bits.
     0080             (    constants.asm):00095         CFBSYB  equ     %10000000       BSY status bit
     0040             (    constants.asm):00096         CFRDYB  equ     %01000000       RDY status bit
     0020             (    constants.asm):00097         CFDWFB  equ     %00100000       DWF status bit (not used)
     0010             (    constants.asm):00098         CFDSCB  equ     %00010000       DSC status bit (not used)
     0008             (    constants.asm):00099         CFDRQB  equ     %00001000       DRQ status bit
     0001             (    constants.asm):00100         CFERRB  equ     %00000001       ERR status bit
                      (    constants.asm):00101         
     0200             (    constants.asm):00102         CFSCSZ  equ     $200            Compact Flash (IDE) sector size
                      (    constants.asm):00103         
                      (    constants.asm):00104         * CF commands.
     00EC             (    constants.asm):00105         CFIDDEV equ     $EC             Identify Device
     00EF             (    constants.asm):00106         CFSETFT equ     $EF             Set Feature
     0020             (    constants.asm):00107         CFRSCTS equ     $20             Read Sectors
     0030             (    constants.asm):00108         CFWSCTS equ     $30             Write Sectors
                      (    constants.asm):00109         
                      (    constants.asm):00110         * Buffer in-memory structure:
                      (    constants.asm):00111         * data: 1024 bytes.
                      (    constants.asm):00112         * terminator: 1 byte set to 0.
                      (    constants.asm):00113         * flags: 1 byte.
                      (    constants.asm):00114         * blknum: 2 bytes.
     0001             (    constants.asm):00115         BINUSE  equ     1               Buffer is allocated (the blknum field is valid)
     0002             (    constants.asm):00116         BMAPPD  equ     2               Block has been read from the CF device
     0004             (    constants.asm):00117         BDIRTY  equ     4               Block has been marked for update
     0400             (    constants.asm):00118         BLKSIZ  equ     2*CFSCSZ        Block size is 2 CF sectors (1 KB)
                      (    constants.asm):00119         * Buffer field offsets.
     0400             (    constants.asm):00120         BOTERM  equ     BLKSIZ          Base buffer to the 'terminator' field offset
     0401             (    constants.asm):00121         BOFLAGS equ     BLKSIZ+1        Base buffer to the 'flag' field offset
     0402             (    constants.asm):00122         BOBLKNO equ     BLKSIZ+2        Base buffer to the 'blknum' field offset
                      (    constants.asm):00123         
     0410             (    constants.asm):00124         BFDISP  equ     BUF1-BUF0       Offset between resident buffers
                      (    constants.asm):00125         
                      (    constants.asm):00126         ;;;
                      (    constants.asm):00127         ;;; RTC-72421 registers
                      (    constants.asm):00128         ;;; 
     C040             (    constants.asm):00129         rtc_base        equ     DEV4
     C040             (    constants.asm):00130         rtc_reg_s1      equ     rtc_base+$0     ; 1-second digit
     C041             (    constants.asm):00131         rtc_reg_s10     equ     rtc_base+$1     ; 10-seconds digit
     C042             (    constants.asm):00132         rtc_reg_mi1     equ     rtc_base+$2     ; 1-minute digit
     C043             (    constants.asm):00133         rtc_reg_mi10    equ     rtc_base+$3     ; 10-minutes digit
     C044             (    constants.asm):00134         rtc_reg_h1      equ     rtc_base+$4     ; 1-hour digit
     C045             (    constants.asm):00135         rtc_reg_h10     equ     rtc_base+$5     ; 10-hours digit
     C046             (    constants.asm):00136         rtc_reg_d1      equ     rtc_base+$6     ; 1-day digit
     C047             (    constants.asm):00137         rtc_reg_d10     equ     rtc_base+$7     ; 10-days digit
     C048             (    constants.asm):00138         rtc_reg_mo1     equ     rtc_base+$8     ; 1-month digit
     C049             (    constants.asm):00139         rtc_reg_mo10    equ     rtc_base+$9     ; 10-months digit
     C04A             (    constants.asm):00140         rtc_reg_y1      equ     rtc_base+$a     ; 1-year digit
     C04B             (    constants.asm):00141         rtc_reg_y10     equ     rtc_base+$b     ; 10-years digit
     C04C             (    constants.asm):00142         rtc_reg_w       equ     rtc_base+$c     ; Day of week
     C04D             (    constants.asm):00143         rtc_reg_cd      equ     rtc_base+$d     ; Control reg D
     C04E             (    constants.asm):00144         rtc_reg_ce      equ     rtc_base+$e     ; Control reg E
     C04F             (    constants.asm):00145         rtc_reg_cf      equ     rtc_base+$f     ; Control reg F
                      (    constants.asm):00146         
                      (    constants.asm):00147         
                      (    constants.asm):00148         * MC146818 RTC registers.
     D400             (    constants.asm):00149         RTAS    equ     DEV5            Latch target register address offset
     D401             (    constants.asm):00150         RTDS    equ     (DEV5+1)        Actual target register access
                      (    constants.asm):00151         * RTC internal register offsets.
     0000             (    constants.asm):00152         RTOSEC  equ     0               Seconds
     0001             (    constants.asm):00153         RTOSECA equ     1               Seconds alarm
     0002             (    constants.asm):00154         RTOMIN  equ     2               Minutes
     0003             (    constants.asm):00155         RTOMINA equ     3               Minutes alarm
     0004             (    constants.asm):00156         RTOHOUR equ     4               Hours
     0005             (    constants.asm):00157         RTOHRA  equ     5               Hours alarm
     0006             (    constants.asm):00158         RTODOW  equ     6               Day of week
     0007             (    constants.asm):00159         RTODOM  equ     7               Day of month
     0008             (    constants.asm):00160         RTOMON  equ     8               Month
     0009             (    constants.asm):00161         RTOYEAR equ     9               Year
     000A             (    constants.asm):00162         RTOREGA equ     10              Register A
     000B             (    constants.asm):00163         RTOREGB equ     11              Register B
     000C             (    constants.asm):00164         RTOREGC equ     12              Register C
     000D             (    constants.asm):00165         RTOREGD equ     13              Register D
     000E             (    constants.asm):00166         RTOUMB  equ     14              Base of user defined NVRAM storage
     0032             (    constants.asm):00167         RTUMSZ  equ     50              Size of user defined NVRAM storage
     003F             (    constants.asm):00168         RTOPRES equ     (RTOUMB+RTUMSZ-1) RTC NVRAM offset for dectecting dev presence
                      (    constants.asm):00169         
                      (    constants.asm):00170         * Register A bits.
     0080             (    constants.asm):00171         RTAUIP  equ     $80             Update in progress
     0070             (    constants.asm):00172         RTADVRS equ     $70             Divider reset, not in operation
     0020             (    constants.asm):00173         RTADV32 equ     $20             In operation, 32 KHz time base
     000A             (    constants.asm):00174         RTARS64 equ     $A              32 KHz time base, 64 Hz PI (every 15.625 ms)
                      (    constants.asm):00175         
                      (    constants.asm):00176         * Register B bits.
     0080             (    constants.asm):00177         RTBSET  equ     $80
     0040             (    constants.asm):00178         RTBPIE  equ     $40
     0004             (    constants.asm):00179         RTBDM   equ     4               Set to 1 for binary register contents
     0002             (    constants.asm):00180         RTB24   equ     2               Set to 1 for 24 hour format
                      (    constants.asm):00181         
                      (    constants.asm):00182         * Register C bits.
     0040             (    constants.asm):00183         RTCPF   equ     $40             Periodic interrupt pending flag
                      (    constants.asm):00184         
                      (    constants.asm):00185         * ASCII trivia.
     0000             (    constants.asm):00186         NUL     equ     0               End of string marker
     0003             (    constants.asm):00187         ETX     equ     3               Control-C (intr)
     0008             (    constants.asm):00188         BS      equ     8               Backspace
     0009             (    constants.asm):00189         HT      equ     9               Horizontal tab
     000A             (    constants.asm):00190         LF      equ     $0A             Aka new line
     000D             (    constants.asm):00191         CR      equ     $0D             Carriage return
     0015             (    constants.asm):00192         NAK     equ     $15             Control-U (kill)
     0020             (    constants.asm):00193         SP      equ     $20             Aka BL in Forth
     0013             (    constants.asm):00194         XOFF    equ     $13             Aka DC3
     0011             (    constants.asm):00195         XON     equ     $11             Aka DC1
                      (    constants.asm):00196         
                      (    constants.asm):00197         * Stack sizes.
     0100             (    constants.asm):00198         NSTKSZ  equ     256             Expressed in bytes. Now only limited by RAM size
     00FE             (    constants.asm):00199         RSTKSZ  equ     254             Expressed in bytes. Up to 127 nested loops
                      (    constants.asm):00200         
                      (    constants.asm):00201         * Buffer sizes.
     0084             (    constants.asm):00202         CMDBFSZ equ     132             Command line entry buffer
     0050             (    constants.asm):00203         HEXBFSZ equ     80
     0048             (    constants.asm):00204         TBUFSZ  equ     72              Used by VLIST to print word name and CVNSTR
     0054             (    constants.asm):00205         PADBSZ  equ     84              79-STANDARD mandates a minimum of 64 bytes
     0040             (    constants.asm):00206         SERBSZ  equ     64              Serial buffer size. Needs to be a power of 2
                      (    constants.asm):00207         
                      (    constants.asm):00208         * Dictionary flag masks.
     0080             (    constants.asm):00209         IMDFLM  equ     $80             Immediate flag mask
     0040             (    constants.asm):00210         DEFFLM  equ     $40             Compilation only flag mask
                      (    constants.asm):00211                 IFNE    RELFEAT
0000                  (    constants.asm):00212         MONFLM  equ     $20             Monitored flag mask. This indicates that the
                      (    constants.asm):00213         *                               word to which it relates might be checked for
                      (    constants.asm):00214         *                               integrity. This applies by default to all words
                      (    constants.asm):00215         *                               defined with : and all constants. It might
                      (    constants.asm):00216         *                               also apply to any other CREATEd object by
                      (    constants.asm):00217         *                               resorting to the MONITOR word. Using MONITOR
                      (    constants.asm):00218         *                               on variable word contents is guaranteed to
                      (    constants.asm):00219         *                               raise ICHECK's attention.
                      (    constants.asm):00220                 ENDC
                      (    constants.asm):00221         
                      (    constants.asm):00222         * Division function codes and options.
     0000             (    constants.asm):00223         DVFSLMD equ     0               Function is /MOD
     0001             (    constants.asm):00224         DVFMOD  equ     1               Function is MOD
     0002             (    constants.asm):00225         DVFDIV  equ     2               Function is /
     0008             (    constants.asm):00226         DVOA1D  equ     8               Argument 1 is a double (FM/MOD SM/REM)
     0010             (    constants.asm):00227         DVOWSYM equ     16              Want symmetric division (default is floored)
     0007             (    constants.asm):00228         DVFMASK equ     7               Mask for extracting function codes
                      (    constants.asm):00229         
     001F             (    constants.asm):00230         WRLNMSK equ     $1F             31 character is the maximum word length
                      (    constants.asm):00231         
                      (    constants.asm):00232         * 6309 opcodes.
     008E             (    constants.asm):00233         LDXOPC  equ     $8E             LDX (immediate)
     007E             (    constants.asm):00234         JMPOPC  equ     $7E             JMP (extended)
     00BD             (    constants.asm):00235         JSROPC  equ     $BD             JSR (extended)
     0039             (    constants.asm):00236         RTSOPC  equ     $39             RTS (inherent)
     2503             (    constants.asm):00237         BCSOPC  equ     $2503           BCS *+5 (relative)
     2603             (    constants.asm):00238         BNEOPC  equ     $2603           BNE *+5 (relative)
     00C7             (    constants.asm):00239         ILLOPC  equ     $C7             An illegal operation code. Meant to raise a trap
                      (    constants.asm):00240         
     0001             (    constants.asm):00241         CFLAG   equ     1               CC bit 0 (C)
     0004             (    constants.asm):00242         ZFLAG   equ     4               CC bit 2 (Z)
     0010             (    constants.asm):00243         IFLAG   equ     $10             CC bit 4 (I)
     0040             (    constants.asm):00244         FFLAG   equ     $40             CC bit 6 (F)
                      (    constants.asm):00245         
                      (    constants.asm):00246         * RAM based execution token for @.
     0D84             (    constants.asm):00247         RAMFTCH set     WDICSPC+4       Dictionary header overhead is word's length + 3
                      (    constants.asm):00248                 IFNE    RELFEAT         The reliability features adds one byte to the
0000                  (    constants.asm):00249         RAMFTCH set     WDICSPC+5       header: a checksum.
                      (    constants.asm):00250                 ENDC
                      (    constants.asm):00251         
                      (        forth.asm):00129         
                      (        forth.asm):00130         * Unchecked NPUSH. This is for situations in which there is absolutely no
                      (        forth.asm):00131         * chance of overflow. For instance, in case we just popped 2 cells and push
                      (        forth.asm):00132         * back one or two.
0000                  (        forth.asm):00133         UCNPUSH MACRO   NOEXPAND
                      (        forth.asm):00134                 pshu    x
                      (        forth.asm):00135                 ENDM
                      (        forth.asm):00136         
                      (        forth.asm):00137         * Unchecked NPOP. To be used only after trusted words have been invoked, i.e.
                      (        forth.asm):00138         * when one is positively sure that the data stack contains at least one cell.
0000                  (        forth.asm):00139         UCNPOP  MACRO   NOEXPAND
                      (        forth.asm):00140                 pulu    x
                      (        forth.asm):00141                 ENDM
                      (        forth.asm):00142         
                      (        forth.asm):00143         * Make sure minimum data stack requirements are satisfied upon word entry.
                      (        forth.asm):00144         * The requirement is expressed in cell size--2 bytes on the 6309.
                      (        forth.asm):00145         * \1 specifies the required number of cells.
0000                  (        forth.asm):00146         MINDREQ MACRO   NOEXPAND
                      (        forth.asm):00147                 ldd     #NSTBOT-(\1*2)  Cell count one expects to be stacked up
                      (        forth.asm):00148                 bra     CHKNDPT         No return if the condition is not met
                      (        forth.asm):00149                 ENDM
                      (        forth.asm):00150         
                      (        forth.asm):00151         * Reliability feature support: execution tokens.
                      (        forth.asm):00152         * \1 has the opcode we want to emit.
                      (        forth.asm):00153         * \2 has the execution token address, as if the header overhead always
                      (        forth.asm):00154         * was 3 bytes.
0000                  (        forth.asm):00155         RFXT    MACRO   NOEXPAND
                      (        forth.asm):00156                 IFNE    RELFEAT
                      (        forth.asm):00157                 \1      \2+1
                      (        forth.asm):00158                 ELSE
                      (        forth.asm):00159                 \1      \2
                      (        forth.asm):00160                 ENDC                    RELFEAT
                      (        forth.asm):00161                 ENDM
                      (        forth.asm):00162         
                      (        forth.asm):00163         * Reliability feature support: variable word header contents.
                      (        forth.asm):00164         * This is a dummy checksum only used for EEPROM resident words.
                      (        forth.asm):00165         * Those never are checked for code integrity by MONITOR.
0000                  (        forth.asm):00166         RFCS    MACRO   NOEXPAND
                      (        forth.asm):00167                 IFNE    RELFEAT
                      (        forth.asm):00168                 fcb     ILLOPC          Illegal opcode
                      (        forth.asm):00169                 ENDC                    RELFEAT
                      (        forth.asm):00170                 ENDM
                      (        forth.asm):00171         
                      (        forth.asm):00172         *******************************************************************************
                      (        forth.asm):00173         * RAM definitions. We cannot initialize globals from the assembly defs.
                      (        forth.asm):00174         * All we can do here is define addresses and size things up.
                      (        forth.asm):00175         
                      (        forth.asm):00176         * RAMSTART is 0. We leave page 0 unused as a bug proof area.
                      (        forth.asm):00177         * When compiled in debug mode, this area is filled with illegal
                      (        forth.asm):00178         * instruction opcodes ($C7).
                      (        forth.asm):00179         
                      (        forth.asm):00180                 org     VARSPC
                      (        forth.asm):00181         
                      (        forth.asm):00182         * Global pointers.
0100                  (        forth.asm):00183         RSP     rmb     2               The return stack pointer
0102                  (        forth.asm):00184         TOKENSP rmb     2               Token start pointer (STRS)
0104                  (        forth.asm):00185         TOKENEP rmb     2               Token end pointer (STRE)
0106                  (        forth.asm):00186         LSTWAD  rmb     2               Last defined word header pointer--LAST
0108                  (        forth.asm):00187         DICEND  rmb     2               Current end of the dictionary--HERE
010A                  (        forth.asm):00188         BLSTWAD rmb     2               Backup (was IX)
010C                  (        forth.asm):00189         BDICEND rmb     2               Backup (was IY)
010E                  (        forth.asm):00190         PLOAD   rmb     2               Word payload if found by SWDIC
0110                  (        forth.asm):00191         FNDPLD  rmb     2               Last code payload reported by FIND
0112                  (        forth.asm):00192         RECADDR rmb     2               Used by RECURSE
0114                  (        forth.asm):00193         JSRLAST rmb     2               Last compilation address of #JSROPC
0116                  (        forth.asm):00194         FWDREF  rmb     2               Address of the last forward reference
0118                  (        forth.asm):00195         RAKEVAR rmb     2               Linked list of LEAVE forward references
011A                  (        forth.asm):00196         VLPRVEP rmb     2               Used in WORDS to compute word code length
011C                  (        forth.asm):00197         VLPRVHD rmb     2               Used in WORDS to compute word code length
011E                  (        forth.asm):00198         MRUBUFA rmb     2               Most recently used buffer address
0120                  (        forth.asm):00199         BSBFADR rmb     2               Base buffer address for the input stream
                      (        forth.asm):00200         
                      (        forth.asm):00201         * Global variables.
0122                  (        forth.asm):00202         UBASE   rmb     2               Base for numbers input and output--BASE
0124                  (        forth.asm):00203         USTATE  rmb     2               0 if interpreting, 255 if compiling--STATE
0126                  (        forth.asm):00204         ISLEN   rmb     2               Input stream length
0128                  (        forth.asm):00205         ISEADDR rmb     2               End of input stream address (included)
012A                  (        forth.asm):00206         UTOIN   rmb     2               User variable for >IN
012C                  (        forth.asm):00207         UBLK    rmb     2               User variable for BLK
012E                  (        forth.asm):00208         USCR    rmb     2               User variable for SCR (output for LIST)
0130                  (        forth.asm):00209         TIKSHI  rmb     2               RTC clock ticks updated on FIRQ
0132                  (        forth.asm):00210         TIKSLOW rmb     2               RTC clock ticks updated on FIRQ
                      (        forth.asm):00211                 IFNE    DEBUG
0134                  (        forth.asm):00212         CCREG   rmb     2               A DEBUG variable for predicates (see CMP2)
                      (        forth.asm):00213                 ENDC                    DEBUG
                      (        forth.asm):00214                 IFNE    HVNMI
                      (        forth.asm):00215                 IFNE    HVNMI2
0134                  (        forth.asm):00216         SBDROPC rmb     2               Char. drop count for serial input (see FIRQHDL)
                      (        forth.asm):00217                 ENDC                    HVNMI2
                      (        forth.asm):00218                 ENDC                    HVNMI
0134                  (        forth.asm):00219         ANCMPF  rmb     1               Anonymous compilation flag
0135                  (        forth.asm):00220         BALNCD  rmb     1               Balanced flag for control flow constructs
0136                  (        forth.asm):00221         BASBKUP rmb     1               BASE backup when a base prefix is in use
0137                  (        forth.asm):00222         DIVFCN  rmb     1               Flag used by /, MOD and /MOD
0138                  (        forth.asm):00223         DIVDBL  rmb     1               DIV: N1 is a double (flag)
0139                  (        forth.asm):00224         DIVSYM  rmb     1               DIV: symmetric division required (flag)
013A                  (        forth.asm):00225         MULFCN  rmb     1               Flag used by *, M*
013B                  (        forth.asm):00226         F83DIVF rmb     1               FORTH-83 adjusment flag for floored division
013C                  (        forth.asm):00227         STSLFCN rmb     1               Flag used by */, */MOD
013D                  (        forth.asm):00228         CVTFCN  rmb     1               CVT: 0 => # semantics, 1 => #S semantics
013E                  (        forth.asm):00229         ISNEGF  rmb     1               Number being scanned is negative
013F                  (        forth.asm):00230         ISDBLF  rmb     1               Number being scanned is a double
0140                  (        forth.asm):00231         CVISSGN rmb     1               Flag: should CVNSTR consider numbers as signed
0141                  (        forth.asm):00232         CURTOKL rmb     1               Current token length. Set by SWDIC
0142                  (        forth.asm):00233         SVCTOKL rmb     1               Saved current token length. Set by NUMCVT
0143                  (        forth.asm):00234         IMDFLG  rmb     1               Immediate flag
0144                  (        forth.asm):00235         DEFFLG  rmb     1               Define flag
0145                  (        forth.asm):00236         RTCAVL  rmb     1               NZ if real time clock is present
0146                  (        forth.asm):00237         CFCARDP rmb     1               NZ if CF card present
0147                  (        forth.asm):00238         CFCMMIR rmb     1               Last CF command issued
0148                  (        forth.asm):00239         CFERRCD rmb     1               and the corresponding error code
0149                  (        forth.asm):00240         SRCID   rmb     1               ANSI SOURCE-ID (internal only)
014A                  (        forth.asm):00241         CYCLO   rmb     1               McCabe cyclomatic complexity counter
014B                  (        forth.asm):00242         SQUOTFN rmb     1               NZ only if running WORD from S" (or .")
                      (        forth.asm):00243         
                      (        forth.asm):00244             IFNE WTCFEAT
                      (        forth.asm):00245         ; realtime watch data
014C                  (        forth.asm):00246         ram_time
014C                  (        forth.asm):00247         rt_c    rmb     1 ;     $20     0 century
014D                  (        forth.asm):00248         rt_y    rmb     1 ;     $24     1 year
014E                  (        forth.asm):00249         rt_o    rmb     1 ;     $10     2 month
014F                  (        forth.asm):00250         rt_d    rmb     1 ;     $03     3 date
0150                  (        forth.asm):00251         rt_h    rmb     1 ;     $17     4 hour
0151                  (        forth.asm):00252         rt_m    rmb     1 ;     $55     5 minute
0152                  (        forth.asm):00253         rt_s    rmb     1 ;     0       6 second
                      (        forth.asm):00254         ;rt_cs   rmb    1 ;     0       7 checksum (unused)
                      (        forth.asm):00255             ENDC WTCFEAT
                      (        forth.asm):00256         
                      (        forth.asm):00257         
                      (        forth.asm):00258         * Serial buffer parameters. Queing happens on FIRQ.
                      (        forth.asm):00259         * Dequeing occurs when GETCH is invoked.
0153                  (        forth.asm):00260         SERBENQ rmb     1               Enqueue offset
0154                  (        forth.asm):00261         SERBDEQ rmb     1               Dequeue offset
0155                  (        forth.asm):00262         SERBCNT rmb     1               Buffer byte count
0156                  (        forth.asm):00263         XMITOK  rmb     1               Software flow control on output flag
0157                  (        forth.asm):00264         SERBUF  rmb     SERBSZ          The actual buffer
                      (        forth.asm):00265         
0197                  (        forth.asm):00266         PADBUF  rmb     PADBSZ          PAD lives here.
01EB                  (        forth.asm):00267         APADBUF rmb     PADBSZ          Alternate PAD here. Used by <#, #, #S, #>
                      (        forth.asm):00268         
                      (        forth.asm):00269         * The normal (data) stack.
023F 00               (        forth.asm):00270                 align   2
     0240             (        forth.asm):00271         NSTTOP  equ     *               U's value when the data stack is full
0240                  (        forth.asm):00272                 rmb     NSTKSZ
     0340             (        forth.asm):00273         NSTBOT  equ     *               U's value when the data stack is empty
                      (        forth.asm):00274         
                      (        forth.asm):00275         * The return stack.
     0340             (        forth.asm):00276         RSTTOP  equ     *
0340                  (        forth.asm):00277                 rmb     RSTKSZ
     043E             (        forth.asm):00278         RSTBOT  equ     *
                      (        forth.asm):00279         
043E                  (        forth.asm):00280         CMDBUF  rmb     CMDBFSZ
04C2                  (        forth.asm):00281         HEXBUF  rmb     HEXBFSZ
                      (        forth.asm):00282         
0512                  (        forth.asm):00283         TBUFF   rmb     TBUFSZ          Output for CVNSTR
                      (        forth.asm):00284         
055A 000000000000     (        forth.asm):00285                 align   16
0560                  (        forth.asm):00286         BUF0    rmb     BLKSIZ+4
                      (        forth.asm):00287         
0964 0000000000000000 (        forth.asm):00288                 align   16
     00000000
0970                  (        forth.asm):00289         BUF1    rmb     BLKSIZ+4
                      (        forth.asm):00290         
                      (        forth.asm):00291         *******************************************************************************
                      (        forth.asm):00292         * Writable dictionary section begins right here. We cannot have anything
                      (        forth.asm):00293         * statically defined at this point. Therefore, FORTHIN moves the code for @
                      (        forth.asm):00294         * to this location and sets up DICEND and LSTWAD accordingly. All the RAM
                      (        forth.asm):00295         * beyond this point (after the reallocated @ implementation) is user defined
                      (        forth.asm):00296         * material. Note that builtin words, though they cannot be forgotten (to the
                      (        forth.asm):00297         * extent they are ROM resident--not to mention inter-word dependencies),
                      (        forth.asm):00298         * might still be overridden by user definitions. WORDS will happily ignore
                      (        forth.asm):00299         * that fact and list everything in the dictionary linked list order.
                      (        forth.asm):00300         
0D74 0000000000000000 (        forth.asm):00301                 align   16
     00000000
     0D80             (        forth.asm):00302         WDICSPC equ     *
                      (        forth.asm):00303         
                      (        forth.asm):00304         *******************************************************************************
                      (        forth.asm):00305         * ROM code begins.
                      (        forth.asm):00306         
                      (        forth.asm):00307                 org     ROMSTRT
                      (        forth.asm):00308         * Trap handler: division by zero or illegal opcode. See page 4-10 of "The 6309
                      (        forth.asm):00309         * Book" for a description of interrupt stacks in native 6309 mode.
D000 113C40           (        forth.asm):00310 (4)     IODZHDL bitmd   #$40            Illegal opcode?
D003 2705             (        forth.asm):00311 (3)             beq     @iodzh1
D005 8EEFD1           (        forth.asm):00312 (3)             ldx     #IOPERRM
D008 2008             (        forth.asm):00313 (3)             bra     @iodzh2
D00A 113C80           (        forth.asm):00314 (4)     @iodzh1 bitmd   #$80            Division by zero?
D00D 2726             (        forth.asm):00315 (3)             beq     @iodzh3         And you may ask yourself, well
                      (        forth.asm):00316         *                               How did I get here?
D00F 8EEFE6           (        forth.asm):00317 (3)             ldx     #DV0ERRM        Division by zero it is!
D012 BDD2EA           (        forth.asm):00318 (7)     @iodzh2 jsr     PUTS
D015 EC6C             (        forth.asm):00319 (5+1)           ldd     12,s            Return code address (PC)
D017 108E04C2         (        forth.asm):00320 (4)             ldy     #HEXBUF
D01B BDD192           (        forth.asm):00321 (7)             jsr     HDMP4   
D01E 8E04C2           (        forth.asm):00322 (3)             ldx     #HEXBUF
D021 BDD2EA           (        forth.asm):00323 (7)             jsr     PUTS
D024 BDD2F7           (        forth.asm):00324 (7)             jsr     PUTCR
D027 8ED757           (        forth.asm):00325 (3)             ldx     #ERRHD1
D02A AF6C             (        forth.asm):00326 (5+1)           stx     12,s            Resume execution in the error handler
D02C 8ED000           (        forth.asm):00327 (3)             ldx     #IODZHDL
D02F AF68             (        forth.asm):00328 (5+1)           stx     8,s             With Y set to IODZHDL
D031 8603             (        forth.asm):00329 (2)             lda     #3              And user ABORT error code
D033 A762             (        forth.asm):00330 (4+1)           sta     2,s             Passed back through B
D035 3B               (        forth.asm):00331 (17+?)  @iodzh3 rti
                      (        forth.asm):00332         
     D036             (        forth.asm):00333         SWI3HDL equ     *
     D036             (        forth.asm):00334         SWI2HDL equ     *
     D036             (        forth.asm):00335         IRQHDL  equ     *
     D036             (        forth.asm):00336         SWIHDL  equ     *
                      (        forth.asm):00337                 IFEQ    HVNMI
D036                  (        forth.asm):00338         NMIHDL                          This should never happen
                      (        forth.asm):00339                 ENDC
D036 3B               (        forth.asm):00340 (17+?)          rti
                      (        forth.asm):00341         
                      (        forth.asm):00342         * Interrupts are disabled by default upon reset.
                      (        forth.asm):00343         * NMI# will not be "armed" until S is initialized.
D037 113D01           (        forth.asm):00344 (5)     RSTHDL  ldmd    #1              Establish 6309 native mode
                      (        forth.asm):00345         
D03A 8643             (        forth.asm):00346 (2)             lda     #ACIRSET
D03C B7C008           (        forth.asm):00347 (4)             sta     ACIACTL         ACIA master reset
D03F 86D5             (        forth.asm):00348 (2)             lda     #ACIRTS1
D041 B7C008           (        forth.asm):00349 (4)             sta     ACIACTL         RTS# high, 8N1
                      (        forth.asm):00350         
D044 8EEF54           (        forth.asm):00351 (3)             ldx     #BOOTMSG        Identity statement
                      (        forth.asm):00352         
                      (        forth.asm):00353         * Send the NUL terminated string pointed to by X to the ACIA.
                      (        forth.asm):00354         * The RAM is not yet assumed to be working.
D047 C602             (        forth.asm):00355 (2)     INIT    ldb     #ACITDRE
D049 A680             (        forth.asm):00356 (4+1)   @init0  lda     ,x+
D04B 270A             (        forth.asm):00357 (3)             beq     RAMCHK          NUL marks the end of the string
D04D F5C008           (        forth.asm):00358 (4)     @init1  bitb    ACIACTL         Wait for TDRE bit to be set
D050 27FB             (        forth.asm):00359 (3)             beq     @init1
D052 B7C009           (        forth.asm):00360 (4)             sta     ACIADAT         Transmit data
D055 20F2             (        forth.asm):00361 (3)             bra     @init0          Next char, if any
                      (        forth.asm):00362         
                      (        forth.asm):00363         * RAM0 32 KB self test (destructive).
D057 8E0000           (        forth.asm):00364 (3)     RAMCHK  ldx     #RAMSTRT
D05A AF84             (        forth.asm):00365 (5+0)   @ramch1 stx     ,x
D05C AC84             (        forth.asm):00366 (5+0)           cmpx    ,x
D05E 2609             (        forth.asm):00367 (3)             bne     RAMFAIL
D060 3002             (        forth.asm):00368 (4+1)           leax    2,x
D062 8C8000           (        forth.asm):00369 (3)             cmpx    #RAMSTRT+RAMSIZE
D065 26F3             (        forth.asm):00370 (3)             bne     @ramch1
D067 2012             (        forth.asm):00371 (3)             bra     RAMOK
                      (        forth.asm):00372         
D069 C680             (        forth.asm):00373 (2)     RAMFAIL ldb     #128
D06B 108E8000         (        forth.asm):00374 (4)     @ramf1  ldy     #$8000
D06F 313F             (        forth.asm):00375 (4+1)   @ramf2  leay    -1,y
D071 26FC             (        forth.asm):00376 (3)             bne     @ramf2
D073 5A               (        forth.asm):00377 (1)             decb
D074 26F5             (        forth.asm):00378 (3)             bne     @ramf1
D076 8EEFAF           (        forth.asm):00379 (3)             ldx     #RAMFM
D079 20CC             (        forth.asm):00380 (3)             bra     INIT            Here we go again
                      (        forth.asm):00381         
                      (        forth.asm):00382         * RAM Initialization to all $C7 if DEBUG mode is enabled else zeroes.
D07B 8E0000           (        forth.asm):00383 (3)     RAMOK   ldx     #RAMSTRT
D07E 3101             (        forth.asm):00384 (4+1)           leay    1,x
D080 10867FFF         (        forth.asm):00385 (4)             ldw     #RAMSIZE-1
                      (        forth.asm):00386                 IFNE    DEBUG
                      (        forth.asm):00387                 lda     #ILLOPC
                      (        forth.asm):00388                 sta     ,x
                      (        forth.asm):00389                 ELSE
D084 6F84             (        forth.asm):00390 (6+0)           clr     ,x
                      (        forth.asm):00391                 ENDC                    DEBUG
D086 113812           (        forth.asm):00392 (6+?)           tfm     x+,y+
                      (        forth.asm):00393         
                      (        forth.asm):00394         * Initialize the system stack pointer and the direct page base address register.
D089 10CE8000         (        forth.asm):00395 (4)             lds     #RAMSTRT+RAMSIZE
D08D 8601             (        forth.asm):00396 (2)             lda     #VARSPC/256
D08F 1F8B             (        forth.asm):00397 (4)             tfr     a,dp
     01               (        forth.asm):00398                 SETDP   VARSPC/256
                      (        forth.asm):00399         
                      (        forth.asm):00400         * Serial buffer parameters initialization. We are doing this here because
                      (        forth.asm):00401         * PUTS requires prior software flow control initialization.
                      (        forth.asm):00402                 IFNE    DEBUG
                      (        forth.asm):00403                 clrd
                      (        forth.asm):00404                 std     SERBENQ         Two birds with one stone
                      (        forth.asm):00405                 sta     SERBCNT
                      (        forth.asm):00406                 IFNE    HVNMI
                      (        forth.asm):00407                 IFNE    HVNMI2
                      (        forth.asm):00408                 std     SBDROPC         Initialize chararacter drop count
                      (        forth.asm):00409                 ENDC                    HVNMI2
                      (        forth.asm):00410                 ENDC                    HVNMI
                      (        forth.asm):00411                 ENDC                    DEBUG
D091 8601             (        forth.asm):00412 (2)             lda     #1              Initialize software flow control on output
D093 9756             (        forth.asm):00413 (3)             sta     XMITOK
                      (        forth.asm):00414         
D095 8EEF9F           (        forth.asm):00415 (3)             ldx     #RAMOKM
D098 BDD2EA           (        forth.asm):00416 (7)             jsr     PUTS
D09B BDD355           (        forth.asm):00417 (7)             jsr     FORTHIN         Global variables initialization
D09E BDDA2E           (        forth.asm):00418 (7)             jsr     CFINIT          CompactFlash card initialization
                      (        forth.asm):00419                 IFNE    RTCFEAT
                      (        forth.asm):00420                 jsr     RTCINIT         Real time clock initialization
                      (        forth.asm):00421                 ENDC                    RTCFEAT
                      (        forth.asm):00422         
                      (        forth.asm):00423         * Lower RTS and enable FIRQ.
D0A1 8695             (        forth.asm):00424 (2)             lda     #ACIRTS0
D0A3 B7C008           (        forth.asm):00425 (4)             sta     ACIACTL
D0A6 1CBF             (        forth.asm):00426 (2)             andcc   #^FFLAG
                      (        forth.asm):00427         
D0A8 0D46             (        forth.asm):00428 (4)             tst     CFCARDP
D0AA 2706             (        forth.asm):00429 (3)             beq     INTERP
                      (        forth.asm):00430         
                      (        forth.asm):00431         * A CF card is present, LOAD block #1.
D0AC 8E0001           (        forth.asm):00432 (3)             ldx     #1
D0AF BDE905           (        forth.asm):00433 (7)             jsr     LOAD1
                      (        forth.asm):00434         
                      (        forth.asm):00435         * The interpreter main loop.
D0B2 104F             (        forth.asm):00436 (2)     INTERP  clrd
D0B4 DD2C             (        forth.asm):00437 (4)             std     UBLK            Interpreting from the console. Set BLK to 0
D0B6 9749             (        forth.asm):00438 (3)             sta     SRCID           Clear SOURCE-ID. Not invoked in EVALUATE context
D0B8 BDD166           (        forth.asm):00439 (7)             jsr     READLN          Acquire the next input line (>IN is cleared)
D0BB 8D02             (        forth.asm):00440 (6)             bsr     _INTERP
D0BD 20F3             (        forth.asm):00441 (3)     MINTLRA bra     INTERP
                      (        forth.asm):00442         
                      (        forth.asm):00443         * The interpreter itself.
D0BF BDD38C           (        forth.asm):00444 (7)     _INTERP jsr     SCNSTOK         Scan for the beginning of a word at address X
D0C2 2710             (        forth.asm):00445 (3)             beq     @oeistr         This is the end
D0C4 0D25             (        forth.asm):00446 (4)             tst     USTATE+1        We do ignore the upper byte
D0C6 264D             (        forth.asm):00447 (3)             bne     COMP            We are compiling
D0C8 BDD4A5           (        forth.asm):00448 (7)             jsr     SWDIC           Updates TOKENEP, CURTOKL, IMDFLG/DEFFLG
D0CB 261C             (        forth.asm):00449 (3)             bne     @exec           Word found, execute it
D0CD BDD3E4           (        forth.asm):00450 (7)             jsr     NUMCVT
     D0D0             (        forth.asm):00451         NMCVIRA equ     *
D0D0 9E04             (        forth.asm):00452 (4)             ldx     TOKENEP
D0D2 20EB             (        forth.asm):00453 (3)             bra     _INTERP         Next token, please!
                      (        forth.asm):00454         * End of input stream condition is recognized. We are looking at the past here.
D0D4 0D49             (        forth.asm):00455 (4)     @oeistr tst     SRCID           Were we running a string via EVALUATE?
D0D6 2604             (        forth.asm):00456 (3)             bne     @done           No feedback if that was the case
D0D8 DC2C             (        forth.asm):00457 (4)             ldd     UBLK
D0DA 2701             (        forth.asm):00458 (3)             beq     @feedbk         We are back from the console
D0DC 39               (        forth.asm):00459 (4)     @done   rts                     We're done here
D0DD 8EEFC2           (        forth.asm):00460 (3)     @feedbk ldx     #OKFEEDB        Provide OK feedback
D0E0 0D25             (        forth.asm):00461 (4)             tst     USTATE+1        No OK feedback if we're compiling, just CRLF
D0E2 2702             (        forth.asm):00462 (3)             beq     @fullfb
D0E4 3003             (        forth.asm):00463 (4+1)           leax    3,x             Skip the ' OK' string when compiling
D0E6 7ED2EA           (        forth.asm):00464 (3)     @fullfb jmp     PUTS            Back to whoever invoked us
D0E9 9644             (        forth.asm):00465 (3)     @exec   lda     DEFFLG
D0EB 2705             (        forth.asm):00466 (3)             beq     @introk         Compilation only flag is not set
D0ED C606             (        forth.asm):00467 (2)             ldb     #6              Incorrect STATE
D0EF BDD754           (        forth.asm):00468 (7)             jsr     ERRHDLR         No return
     D0F2             (        forth.asm):00469         INTISRA equ     *               For symbolic stack debugging purposes
D0F2 8D0C             (        forth.asm):00470 (6)     @introk bsr     WIEN2IN         Ask Vienna for its opinion about >IN
D0F4 8ED0FB           (        forth.asm):00471 (3)             ldx     #INTRPRA        The return address
D0F7 3410             (        forth.asm):00472 (4+2)           pshs    x
D0F9 1F25             (        forth.asm):00473 (4)             tfr     y,pc            An indirect call to Y
D0FB BDD885           (        forth.asm):00474 (7)     INTRPRA jsr     BKIN2PT         Derive X from BLK, >IN
D0FE 20BF             (        forth.asm):00475 (3)             bra     _INTERP
                      (        forth.asm):00476         
                      (        forth.asm):00477         * The Vienna anomaly: have >IN point one character further into the input
                      (        forth.asm):00478         * stream if the end of the input stream has not been reached yet and
                      (        forth.asm):00479         * the next available character is BL. This simplifies WORD and is required
                      (        forth.asm):00480         * for the GNU Forth based PARSE implementation.
D100 9E04             (        forth.asm):00481 (4)     WIEN2IN ldx     TOKENEP
D102 DC28             (        forth.asm):00482 (4)             ldd     ISEADDR
D104 103701           (        forth.asm):00483 (4)             cmpr    d,x
D107 2708             (        forth.asm):00484 (3)             beq     @noskip         End of input stream reached already
D109 8620             (        forth.asm):00485 (2)             lda     #SP
D10B A184             (        forth.asm):00486 (4+0)           cmpa    ,x
D10D 2602             (        forth.asm):00487 (3)             bne     @noskip
D10F 3001             (        forth.asm):00488 (4+1)           leax    1,x
D111 1F10             (        forth.asm):00489 (4)     @noskip tfr     x,d
D113 204C             (        forth.asm):00490 (3)             bra     U2INFRD         Derive >IN from D
                      (        forth.asm):00491         
                      (        forth.asm):00492         * The compiler.
                      (        forth.asm):00493         * Upon entry TOKENSP has been set by a prior call to SCNSTOK.
D115 BDD4A5           (        forth.asm):00494 (7)     COMP    jsr     SWDIC           Updates TOKENEP, CURTOKL, IMDFLG/DEFFLG
D118 271C             (        forth.asm):00495 (3)             beq     @cmpnum         Word @ TOKENSP is not in the dictionary
D11A 0D43             (        forth.asm):00496 (4)             tst     IMDFLG
D11C 2710             (        forth.asm):00497 (3)             beq     @notimd
D11E 8DE0             (        forth.asm):00498 (6)             bsr     WIEN2IN         Ask Vienna for its opinion about >IN
D120 8ED127           (        forth.asm):00499 (3)             ldx     #COMPLRA        Word is immediate. Execute it
D123 3410             (        forth.asm):00500 (4+2)           pshs    x               Return to COMPLRA
D125 1F25             (        forth.asm):00501 (4)             tfr     y,pc            An indirect call to Y
D127 BDD885           (        forth.asm):00502 (7)     COMPLRA jsr     BKIN2PT         Derive X from BLK, >IN
D12A 9F04             (        forth.asm):00503 (4)             stx     TOKENEP
D12C 2091             (        forth.asm):00504 (3)             bra     _INTERP         Branch back to the interpreter
D12E 1F21             (        forth.asm):00505 (4)     @notimd tfr     y,x
D130 8D20             (        forth.asm):00506 (6)             bsr     EMXASXT         Emit X as an execution token
D132 9E04             (        forth.asm):00507 (4)     @cmpdon ldx     TOKENEP
D134 2089             (        forth.asm):00508 (3)             bra     _INTERP
D136 BDD3E4           (        forth.asm):00509 (7)     @cmpnum jsr     NUMCVT
     D139             (        forth.asm):00510         NMCVCRA equ     *
D139 0D3F             (        forth.asm):00511 (4)             tst     ISDBLF
D13B 2607             (        forth.asm):00512 (3)             bne     @cmpdbl
D13D 3710             (        forth.asm):00513                 UCNPOP                  TOS to X
D13F BDD56E           (        forth.asm):00514 (7)             jsr     LITER
D142 20EE             (        forth.asm):00515 (3)             bra     @cmpdon
                      (        forth.asm):00516         * The following is some sort of half baked 2LITERAL.
                      (        forth.asm):00517         * Please note that NUMCVT guarantees us that at least two cells are stacked up.
D144 AE42             (        forth.asm):00518 (5+1)   @cmpdbl ldx     2,u
D146 BDD56E           (        forth.asm):00519 (7)             jsr     LITER           LSC
D149 AEC4             (        forth.asm):00520 (5+0)           ldx     ,u
D14B BDD56E           (        forth.asm):00521 (7)             jsr     LITER           MSC
D14E 3344             (        forth.asm):00522 (4+1)           leau    4,u             2DROP
D150 20E0             (        forth.asm):00523 (3)             bra     @cmpdon
                      (        forth.asm):00524         
                      (        forth.asm):00525         * Emit (in a code generation understanding) X as an execution token.
                      (        forth.asm):00526         * In essence, this simply inserts JSR <X> at HERE.
                      (        forth.asm):00527         * Note: this code provides support for trailing JSR elimination.
                      (        forth.asm):00528         * On input: X has the target execution token.
                      (        forth.asm):00529         * On output: Y will have HERE, A will be altered, X will be preserved.
D152 109E08           (        forth.asm):00530 (5)     EMXASXT ldy     DICEND
D155 109F14           (        forth.asm):00531 (5)             sty     JSRLAST         JSRLAST points to the latest JSR code emission
D158 86BD             (        forth.asm):00532 (2)             lda     #JSROPC         JSR extended
D15A BDD585           (        forth.asm):00533 (7)             jsr     VARCON2         Compile a JSR to the execution token
D15D 109F08           (        forth.asm):00534 (5)             sty     DICEND
D160 39               (        forth.asm):00535 (4)             rts
                      (        forth.asm):00536         
                      (        forth.asm):00537         * Derive UTOIN from D's current value. D is altered.
D161 9320             (        forth.asm):00538 (4)     U2INFRD subd    BSBFADR
D163 DD2A             (        forth.asm):00539 (4)             std     UTOIN
D165 39               (        forth.asm):00540 (4)             rts
                      (        forth.asm):00541         
                      (        forth.asm):00542         * Used by INTERP and REFILL.
D166 8E043E           (        forth.asm):00543 (3)     READLN  ldx     #CMDBUF
D169 9F20             (        forth.asm):00544 (4)             stx     BSBFADR
D16B C684             (        forth.asm):00545 (2)             ldb     #CMDBFSZ
D16D BDD30D           (        forth.asm):00546 (7)             jsr     GETS
D170 4F               (        forth.asm):00547 (1)             clra
D171 DD26             (        forth.asm):00548 (4)             std     ISLEN           GETS returns the entered character count via B
D173 5F               (        forth.asm):00549 (1)             clrb
D174 DD28             (        forth.asm):00550 (4)             std     ISEADDR         Clear end of input stream address (included)
D176 DD2A             (        forth.asm):00551 (4)             std     UTOIN           and >IN as well
D178 39               (        forth.asm):00552 (4)             rts
                      (        forth.asm):00553         
                      (        forth.asm):00554         * Store the HEX representation of the lower nibble of A to Y+.
D179 3404             (        forth.asm):00555 (4+1)   HEX1D   pshs    b
D17B C630             (        forth.asm):00556 (2)             ldb     #'0
D17D 840F             (        forth.asm):00557 (2)             anda    #$0f
D17F 810A             (        forth.asm):00558 (2)             cmpa    #10
D181 2502             (        forth.asm):00559 (3)             bcs     @hex1d1
D183 C637             (        forth.asm):00560 (2)             ldb     #'A-10
D185 103098           (        forth.asm):00561 (4)     @hex1d1 addr    b,a
D188 A7A0             (        forth.asm):00562 (4+1)           sta     ,y+
D18A 3504             (        forth.asm):00563 (4+1)           puls    b
D18C 39               (        forth.asm):00564 (4)             rts
                      (        forth.asm):00565         
D18D 44               (        forth.asm):00566 (1)     ADIV16  lsra
D18E 44               (        forth.asm):00567 (1)             lsra
D18F 44               (        forth.asm):00568 (1)             lsra
D190 44               (        forth.asm):00569 (1)             lsra
D191 39               (        forth.asm):00570 (4)             rts
                      (        forth.asm):00571         
                      (        forth.asm):00572         * Hexdump D to 4 bytes starting at Y.  Upon return, Y will point 1 byte
                      (        forth.asm):00573         * after the last character emitted. D is preserved.
D192 3406             (        forth.asm):00574 (4+2)   HDMP4   pshs    d
D194 8DF7             (        forth.asm):00575 (6)             bsr     ADIV16
D196 8DE1             (        forth.asm):00576 (6)             bsr     HEX1D
D198 A6E4             (        forth.asm):00577 (4+0)           lda     ,s
D19A 8DDD             (        forth.asm):00578 (6)             bsr     HEX1D
D19C A661             (        forth.asm):00579 (4+1)           lda     1,s
D19E 8DED             (        forth.asm):00580 (6)             bsr     ADIV16
D1A0 8DD7             (        forth.asm):00581 (6)             bsr     HEX1D
D1A2 A661             (        forth.asm):00582 (4+1)           lda     1,s
D1A4 8DD3             (        forth.asm):00583 (6)             bsr     HEX1D
D1A6 3506             (        forth.asm):00584 (4+2)           puls    d
D1A8 6FA4             (        forth.asm):00585 (6+0)           clr     ,y
D1AA 39               (        forth.asm):00586 (4)             rts
                      (        forth.asm):00587         
D1AB 3406             (        forth.asm):00588 (4+2)   HDMP2   pshs    d
D1AD 8DDE             (        forth.asm):00589 (6)             bsr     ADIV16
D1AF 8DC8             (        forth.asm):00590 (6)             bsr     HEX1D
D1B1 A6E4             (        forth.asm):00591 (4+0)           lda     ,s
D1B3 8DC4             (        forth.asm):00592 (6)             bsr     HEX1D
D1B5 3506             (        forth.asm):00593 (4+2)           puls    d
D1B7 6FA4             (        forth.asm):00594 (6+0)           clr     ,y
D1B9 39               (        forth.asm):00595 (4)             rts
                      (        forth.asm):00596         
                      (        forth.asm):00597                 IFNE    HVNMI
                      (        forth.asm):00598         * Add string pointed to by X starting at the address stored in Y.
D1BA 3402             (        forth.asm):00599 (4+1)   ADDS    pshs    a
D1BC A680             (        forth.asm):00600 (4+1)   @adds1  lda     ,x+
D1BE A7A0             (        forth.asm):00601 (4+1)           sta     ,y+
D1C0 26FA             (        forth.asm):00602 (3)             bne     @adds1
D1C2 3502             (        forth.asm):00603 (4+1)           puls    a
D1C4 39               (        forth.asm):00604 (4)             rts
                      (        forth.asm):00605         
D1C5 8DF3             (        forth.asm):00606 (6)     NMI2DM  bsr     ADDS
D1C7 313F             (        forth.asm):00607 (4+1)           leay    -1,y            Backward over NUL
D1C9 20E0             (        forth.asm):00608 (3)             bra     HDMP2
                      (        forth.asm):00609         
D1CB 8DED             (        forth.asm):00610 (6)     NMI4DM  bsr     ADDS
D1CD 313F             (        forth.asm):00611 (4+1)           leay    -1,y            Backward over NUL
D1CF 20C1             (        forth.asm):00612 (3)             bra     HDMP4
                      (        forth.asm):00613         
D1D1 8E0512           (        forth.asm):00614 (3)     NMIDML  ldx     #TBUFF
D1D4 BDD2EA           (        forth.asm):00615 (7)             jsr     PUTS
D1D7 7ED2F7           (        forth.asm):00616 (3)             jmp     PUTCR
                      (        forth.asm):00617         
                      (        forth.asm):00618         * All registers are stacked in native mode.
D1DA B6C008           (        forth.asm):00619 (4)     NMIHDL  lda     ACIACTL
D1DD 3402             (        forth.asm):00620 (4+1)           pshs    a
D1DF 9656             (        forth.asm):00621 (3)             lda     XMITOK
D1E1 3402             (        forth.asm):00622 (4+1)           pshs    a
D1E3 8601             (        forth.asm):00623 (2)             lda     #1
D1E5 9756             (        forth.asm):00624 (3)             sta     XMITOK
                      (        forth.asm):00625         * Stack structure at this point
                      (        forth.asm):00626         * 0     saved XMITOK: 1 byte
                      (        forth.asm):00627         * 1     saved ACIA status register: 1 byte
                      (        forth.asm):00628         * 2     CC
                      (        forth.asm):00629         * 3     D
                      (        forth.asm):00630         * 5     W
                      (        forth.asm):00631         * 7     DP
                      (        forth.asm):00632         * 8     X
                      (        forth.asm):00633         * 10    Y
                      (        forth.asm):00634         * 12    U
                      (        forth.asm):00635         * 14    PC
D1E7 BDD2F7           (        forth.asm):00636 (7)             jsr     PUTCR
                      (        forth.asm):00637         
                      (        forth.asm):00638         * First line: CC, D, W, DP, X, Y, U, PC, S
D1EA 108E0512         (        forth.asm):00639 (4)             ldy     #TBUFF
D1EE 8ED21D           (        forth.asm):00640 (3)             ldx     #CCREGM
D1F1 A662             (        forth.asm):00641 (4+1)           lda     2,s             CC in the system stack
D1F3 8DD0             (        forth.asm):00642 (6)             bsr     NMI2DM
                      (        forth.asm):00643         
D1F5 EC63             (        forth.asm):00644 (5+1)           ldd     3,s             D in the system stack
D1F7 8DD2             (        forth.asm):00645 (6)             bsr     NMI4DM
                      (        forth.asm):00646         
D1F9 EC65             (        forth.asm):00647 (5+1)           ldd     5,s             W in the system stack
D1FB 8DCE             (        forth.asm):00648 (6)             bsr     NMI4DM
                      (        forth.asm):00649         
D1FD A667             (        forth.asm):00650 (4+1)           lda     7,s             DP in the system stack
D1FF 8DC4             (        forth.asm):00651 (6)             bsr     NMI2DM
                      (        forth.asm):00652         
D201 EC68             (        forth.asm):00653 (5+1)           ldd     8,s             X in the system stack
D203 8DC6             (        forth.asm):00654 (6)             bsr     NMI4DM
                      (        forth.asm):00655         
D205 EC6A             (        forth.asm):00656 (5+1)           ldd     10,s            Y in the system stack
D207 8DC2             (        forth.asm):00657 (6)             bsr     NMI4DM
                      (        forth.asm):00658         
D209 EC6C             (        forth.asm):00659 (5+1)           ldd     12,s            U in the system stack
D20B 8DBE             (        forth.asm):00660 (6)             bsr     NMI4DM
                      (        forth.asm):00661         
D20D EC6E             (        forth.asm):00662 (5+1)           ldd     14,s            PC in the system stack
D20F 8DBA             (        forth.asm):00663 (6)             bsr     NMI4DM
                      (        forth.asm):00664         
D211 33E810           (        forth.asm):00665 (4+1)           leau    16,s            S in the system stack
D214 1F30             (        forth.asm):00666 (4)             tfr     u,d
D216 8DB3             (        forth.asm):00667 (6)             bsr     NMI4DM
                      (        forth.asm):00668         
D218 8DB7             (        forth.asm):00669 (6)             bsr     NMIDML
                      (        forth.asm):00670         
                      (        forth.asm):00671                 IFNE    HVNMI2
                      (        forth.asm):00672         * Second line: ACIST, XMTOK, SBASE, SBENQ, SBDEQ, SBCNT, SBDROPC
                      (        forth.asm):00673                 ldy     #TBUFF
                      (        forth.asm):00674                 ldx     #ACISTM
                      (        forth.asm):00675                 lda     1,s             ACIA status register in the system stack
                      (        forth.asm):00676                 bsr     NMI2DM
                      (        forth.asm):00677         
                      (        forth.asm):00678                 lda     ,s              XMITOK in the system stack
                      (        forth.asm):00679                 bsr     NMI2DM
                      (        forth.asm):00680         
                      (        forth.asm):00681                 ldd     #SERBUF         SERBUF address
                      (        forth.asm):00682                 bsr     NMI4DM
                      (        forth.asm):00683         
                      (        forth.asm):00684                 lda     SERBENQ         SERBENQ 8 bit offset
                      (        forth.asm):00685                 bsr     NMI2DM
                      (        forth.asm):00686         
                      (        forth.asm):00687                 lda     SERBDEQ         SERBDEQ 8 bit offset
                      (        forth.asm):00688                 bsr     NMI2DM
                      (        forth.asm):00689         
                      (        forth.asm):00690                 lda     SERBCNT
                      (        forth.asm):00691                 bsr     NMI2DM
                      (        forth.asm):00692         
                      (        forth.asm):00693                 ldd     SBDROPC         Number of bytes dropped because SERBUF was full
                      (        forth.asm):00694                 bsr     NMI4DM
                      (        forth.asm):00695         
                      (        forth.asm):00696                 bsr     NMIDML
                      (        forth.asm):00697                 ENDC                    HVNMI2
                      (        forth.asm):00698         
D21A 3262             (        forth.asm):00699 (4+1)           leas    2,s             System stack cleanup
D21C 3B               (        forth.asm):00700 (17+?)          rti
                      (        forth.asm):00701         
D21D 43432000         (        forth.asm):00702         CCREGM  fcn     'CC '
D221 20442000         (        forth.asm):00703         DREGM   fcn     ' D '
D225 20572000         (        forth.asm):00704         WREGM   fcn     ' W '
D229 2044502000       (        forth.asm):00705         DPREGM  fcn     ' DP '
D22E 20582000         (        forth.asm):00706         XREGM   fcn     ' X '
D232 20592000         (        forth.asm):00707         YREGM   fcn     ' Y '
D236 20552000         (        forth.asm):00708         UREGM   fcn     ' U '
D23A 2050432000       (        forth.asm):00709         PCREGM  fcn     ' PC '
D23F 20532000         (        forth.asm):00710         SREGM   fcn     ' S '
                      (        forth.asm):00711                 IFNE    HVNMI2
D243                  (        forth.asm):00712         ACISTM  fcn     'AS '           ACIA status register
D243                  (        forth.asm):00713         XMTOKM  fcn     ' XO '          XMITOK--software flow control (one byte)
D243                  (        forth.asm):00714         SBASEM  fcn     ' SB '          Serial FIFO base address (two bytes)
D243                  (        forth.asm):00715         SBENQM  fcn     ' EN '          FIFO enqueue offset (one byte)
D243                  (        forth.asm):00716         SBSEQM  fcn     ' DE '          FIFO dequeue offset (one byte)
D243                  (        forth.asm):00717         SBCNTM  fcn     ' CN '          FIFO queued byte count (one byte)
D243                  (        forth.asm):00718         SBDRPM  fcn     ' DR '          Number of characters dropped (two bytes)
                      (        forth.asm):00719                 ENDC                    HVNMI2
                      (        forth.asm):00720         
                      (        forth.asm):00721                 ENDC                    HVNMI
                      (        forth.asm):00722         
                      (        forth.asm):00723         * Returns the length of the string pointed to by X (terminator excluded) in W.
D243 3410             (        forth.asm):00724 (4+2)   SLEN    pshs    x
D245 105F             (        forth.asm):00725 (2)             clrw
D247 105C             (        forth.asm):00726 (2)     @slen1  incw
D249 A680             (        forth.asm):00727 (4+1)           lda     ,x+
D24B 26FA             (        forth.asm):00728 (3)             bne     @slen1
D24D 105A             (        forth.asm):00729 (2)             decw
D24F 3510             (        forth.asm):00730 (4+2)           puls    x
D251 39               (        forth.asm):00731 (4)             rts
                      (        forth.asm):00732         
                      (        forth.asm):00733                 include console.asm
                      (      console.asm):00001         * FIRQ interrupt handler. This is entered on RDRF (input available).
D252 3416             (      console.asm):00002 (4+4)   FIRQHDL pshs    x,d
                      (      console.asm):00003                 IFNE    RTCFEAT
                      (      console.asm):00004                 jsr     RTCIHDL         Check for RTC periodic interrupt
                      (      console.asm):00005                 ENDC                    RTCFEAT
D254 B6C008           (      console.asm):00006 (4)             lda     ACIACTL
D257 8580             (      console.asm):00007 (2)             bita    #ACIISVC        Does the ACIA need input service?
D259 2731             (      console.asm):00008 (3)             beq     @nsintr         No. This is not the IRQ source we're looking for
                      (      console.asm):00009                 IFNE    DEBUG
                      (      console.asm):00010                 bita    #ACIRDRF
                      (      console.asm):00011                 beq     @nsintr         ACIA RDRF status bit should be set in all cases
                      (      console.asm):00012                 bita    #ACIOVRN        ACIA data overrun on read?
                      (      console.asm):00013                 beq     @datval         No, incoming data is valid
                      (      console.asm):00014                 ldb     ACIADAT         Clear overrun bit and INTACK
                      (      console.asm):00015                 ldb     #'%             Error indicating character is %
                      (      console.asm):00016                 bra     @chkovf
                      (      console.asm):00017                 ENDC                    DEBUG
                      (      console.asm):00018         * Out of band characters processing.
D25B F6C009           (      console.asm):00019 (4)     @datval ldb     ACIADAT         Incoming data byte to B and INTACK
D25E C103             (      console.asm):00020 (2)             cmpb    #ETX            Control-C?
D260 272D             (      console.asm):00021 (3)             beq     @sigint         Yes
D262 C113             (      console.asm):00022 (2)             cmpb    #XOFF
D264 273C             (      console.asm):00023 (3)             beq     @outngo         Output is being suspended
D266 C111             (      console.asm):00024 (2)             cmpb    #XON
D268 273B             (      console.asm):00025 (3)             beq     @outok          Output is being re-enabled
D26A 9655             (      console.asm):00026 (3)     @chkovf lda     SERBCNT
D26C 810F             (      console.asm):00027 (2)             cmpa    #15             At high water level mark?
D26E 2609             (      console.asm):00028 (3)             bne     @sbenq          No, proceed without negating RTS#
D270 3404             (      console.asm):00029 (4+1)           pshs    b
D272 C6D5             (      console.asm):00030 (2)             ldb     #ACIRTS1
D274 F7C008           (      console.asm):00031 (4)             stb     ACIACTL         Negate RTS#
D277 3504             (      console.asm):00032 (4+1)           puls    b
D279 8140             (      console.asm):00033 (2)     @sbenq  cmpa    #SERBSZ
                      (      console.asm):00034                 IFNE    HVNMI2
                      (      console.asm):00035                 beq     @nsdrop         Serial input buffer physically full
                      (      console.asm):00036                 ELSE
D27B 270F             (      console.asm):00037 (3)             beq     @nsintr         Serial input buffer physically full
                      (      console.asm):00038                 ENDC                    HVNMI2
D27D 4C               (      console.asm):00039 (1)             inca
D27E 9755             (      console.asm):00040 (3)             sta     SERBCNT         Update incoming FIFO byte count
D280 8E0157           (      console.asm):00041 (3)             ldx     #SERBUF
D283 9653             (      console.asm):00042 (3)             lda     SERBENQ         Enqueue offset to A
D285 E786             (      console.asm):00043 (4+1)           stb     a,x             Enqueue incoming character
D287 4C               (      console.asm):00044 (1)             inca
D288 843F             (      console.asm):00045 (2)             anda    #SERBSZ-1       Modulo arithmetic
D28A 9753             (      console.asm):00046 (3)             sta     SERBENQ
D28C 3516             (      console.asm):00047 (4+4)   @nsintr puls    d,x
D28E 3B               (      console.asm):00048 (17+?)          rti
                      (      console.asm):00049         * Control-C was recognized.
D28F 3264             (      console.asm):00050 (4+1)   @sigint leas    4,s             Drop D and X
D291 9654             (      console.asm):00051 (3)             lda     SERBDEQ
D293 9753             (      console.asm):00052 (3)             sta     SERBENQ
D295 0F55             (      console.asm):00053 (5)             clr     SERBCNT         Serial input buffer has been emptied
D297 10AE61           (      console.asm):00054 (6+1)           ldy     1,s             Saved PC from the FIRQ stack
D29A 8ED757           (      console.asm):00055 (3)             ldx     #ERRHD1
D29D AF61             (      console.asm):00056 (5+1)           stx     1,s             Execution continues in the error handler
D29F C603             (      console.asm):00057 (2)             ldb     #3              with ABORT error code passed through B
D2A1 3B               (      console.asm):00058 (17+?)          rti
D2A2 4F               (      console.asm):00059 (1)     @outngo clra
D2A3 2002             (      console.asm):00060 (3)             bra     @sxmsta
D2A5 8601             (      console.asm):00061 (2)     @outok  lda     #1
D2A7 9756             (      console.asm):00062 (3)     @sxmsta sta     XMITOK          Update XMIT status flag
D2A9 20E1             (      console.asm):00063 (3)             bra     @nsintr
                      (      console.asm):00064                 IFNE    HVNMI2
                      (      console.asm):00065         * Increment character drop count (displayed by NMIHDL).
D2AB                  (      console.asm):00066         @nsdrop ldd     SBDROPC
                      (      console.asm):00067                 incd
                      (      console.asm):00068                 std     SBDROPC
                      (      console.asm):00069                 bra     @nsintr
                      (      console.asm):00070                 ENDC                    HVNMI2
                      (      console.asm):00071         
                      (      console.asm):00072         * We do not have to talk to the ACIA directly, unless SERBCNT is zero,
                      (      console.asm):00073         * in which case we have to lower RTS#, so as to accept incoming characters.
                      (      console.asm):00074         * This can only be called from base level!
D2AB 3416             (      console.asm):00075 (4+4)   GETCH   pshs    x,d
D2AD 0D55             (      console.asm):00076 (4)     @again  tst     SERBCNT
D2AF 260F             (      console.asm):00077 (3)             bne     @sbdind         We have incoming material
D2B1 C695             (      console.asm):00078 (2)             ldb     #ACIRTS0
D2B3 F7C008           (      console.asm):00079 (4)             stb     ACIACTL         Assert RTS#
D2B6 1CBF             (      console.asm):00080 (2)             andcc   #^FFLAG         Unmask FIRQ
D2B8 8E0001           (      console.asm):00081 (3)             ldx     #1
D2BB BDE971           (      console.asm):00082 (7)             jsr     MILLIS1         Busy waiting for one millisecond
D2BE 20ED             (      console.asm):00083 (3)             bra     @again          Try again
                      (      console.asm):00084         * Serial buffer data indication.
D2C0 1A40             (      console.asm):00085 (2)     @sbdind orcc    #FFLAG          Mask FIRQ
D2C2 0A55             (      console.asm):00086 (5)             dec     SERBCNT
D2C4 1CBF             (      console.asm):00087 (2)             andcc   #^FFLAG         Unmask FIRQ
D2C6 8E0157           (      console.asm):00088 (3)             ldx     #SERBUF
D2C9 9654             (      console.asm):00089 (3)             lda     SERBDEQ         Dequeue offset to A
D2CB E686             (      console.asm):00090 (4+1)           ldb     a,x             Buffered input character to B
D2CD E7E4             (      console.asm):00091 (4+0)           stb     ,s              Incoming character to A in the caller's stack
D2CF 4C               (      console.asm):00092 (1)             inca
D2D0 843F             (      console.asm):00093 (2)             anda    #SERBSZ-1       Modulo arithmetic
D2D2 9754             (      console.asm):00094 (3)             sta     SERBDEQ
D2D4 3516             (      console.asm):00095 (4+4)           puls    d,x             Same as it ever was
D2D6 39               (      console.asm):00096 (4)             rts
                      (      console.asm):00097         
D2D7 3404             (      console.asm):00098 (4+1)   PUTCH   pshs    b
D2D9 C602             (      console.asm):00099 (2)             ldb     #ACITDRE
D2DB F5C008           (      console.asm):00100 (4)     @tdrdrn bitb    ACIACTL
D2DE 27FB             (      console.asm):00101 (3)             beq     @tdrdrn         Drain the transmit data register
D2E0 0D56             (      console.asm):00102 (4)     @wfxon  tst     XMITOK          Software flow control on output
D2E2 27FC             (      console.asm):00103 (3)             beq     @wfxon          Wait for XON
D2E4 B7C009           (      console.asm):00104 (4)             sta     ACIADAT         Transmit data
D2E7 3504             (      console.asm):00105 (4+1)           puls    b
D2E9 39               (      console.asm):00106 (4)             rts
                      (      console.asm):00107         
                      (      console.asm):00108         * Send NUL terminated string pointed to by X to the ACIA.
D2EA 3416             (      console.asm):00109 (4+4)   PUTS    pshs    x,d
D2EC A680             (      console.asm):00110 (4+1)   @puts1  lda     ,x+
D2EE 2704             (      console.asm):00111 (3)             beq     @puts2         NUL marks the end of the string
D2F0 8DE5             (      console.asm):00112 (6)             bsr     PUTCH
D2F2 20F8             (      console.asm):00113 (3)             bra     @puts1
D2F4 3516             (      console.asm):00114 (4+4)   @puts2  puls    d,x
D2F6 39               (      console.asm):00115 (4)             rts
                      (      console.asm):00116         
D2F7 3410             (      console.asm):00117 (4+2)   PUTCR   pshs    x
D2F9 8EEFAC           (      console.asm):00118 (3)             ldx     #CRLFSTR
D2FC 8DEC             (      console.asm):00119 (6)             bsr     PUTS
D2FE 3510             (      console.asm):00120 (4+2)           puls    x
D300 39               (      console.asm):00121 (4)             rts
                      (      console.asm):00122         
D301 8608             (      console.asm):00123 (2)     _BS     lda     #BS
D303 8DD2             (      console.asm):00124 (6)             bsr     PUTCH          Output BS
D305 8620             (      console.asm):00125 (2)             lda     #SP
D307 8DCE             (      console.asm):00126 (6)             bsr     PUTCH          Clear character
D309 8608             (      console.asm):00127 (2)             lda     #BS
D30B 20CA             (      console.asm):00128 (3)             bra     PUTCH          And go back again
                      (      console.asm):00129         
                      (      console.asm):00130         * Receive CR terminated string and store it to X.
                      (      console.asm):00131         * Upon entry B contains the receiving buffer length.
                      (      console.asm):00132         * On exit, B will contain the number of characters
                      (      console.asm):00133         * entered. A and X are preserved.
D30D 5D               (      console.asm):00134 (1)     GETS    tstb
D30E 2601             (      console.asm):00135 (3)             bne     @gets0          If B is zero, do nothing
D310 39               (      console.asm):00136 (4)             rts
D311 3416             (      console.asm):00137 (4+4)   @gets0  pshs    x,d
D313 8D96             (      console.asm):00138 (6)     @gets1  bsr     GETCH
D315 8108             (      console.asm):00139 (2)             cmpa    #BS             Backspace?
D317 260B             (      console.asm):00140 (3)             bne     @gets3
D319 E161             (      console.asm):00141 (4+1)           cmpb    1,s             B upon routine entry
D31B 27F6             (      console.asm):00142 (3)             beq     @gets1          Do not go beyond the beginning of the buffer
D31D 8DE2             (      console.asm):00143 (6)             bsr     _BS
D31F 301F             (      console.asm):00144 (4+1)           leax    -1,x
D321 5C               (      console.asm):00145 (1)             incb
D322 20EF             (      console.asm):00146 (3)             bra     @gets1
D324 8115             (      console.asm):00147 (2)     @gets3  cmpa    #NAK            Kill input?
D326 260B             (      console.asm):00148 (3)             bne     @gets5
                      (      console.asm):00149         * While B != 1,S (initial buffer length), decrement X, increment B.
D328 E161             (      console.asm):00150 (4+1)   @gets4  cmpb    1,s
D32A 27E7             (      console.asm):00151 (3)             beq     @gets1
D32C 8DD3             (      console.asm):00152 (6)             bsr     _BS
D32E 301F             (      console.asm):00153 (4+1)           leax     -1,x
D330 5C               (      console.asm):00154 (1)             incb
D331 20F5             (      console.asm):00155 (3)             bra     @gets4
                      (      console.asm):00156         * Regular input handling: echo input character.
D333 810D             (      console.asm):00157 (2)     @gets5  cmpa    #CR
D335 2707             (      console.asm):00158 (3)             beq     @gets6          Minicom only sends CR
D337 8D9E             (      console.asm):00159 (6)             bsr     PUTCH
D339 A780             (      console.asm):00160 (4+1)           sta     ,x+
D33B 5A               (      console.asm):00161 (1)             decb
D33C 26D5             (      console.asm):00162 (3)             bne     @gets1
D33E 8620             (      console.asm):00163 (2)     @gets6  lda     #SP             End of buffer reached or CR entered
D340 8D95             (      console.asm):00164 (6)             bsr     PUTCH
D342 1F10             (      console.asm):00165 (4)             tfr     x,d
D344 A362             (      console.asm):00166 (5+1)           subd    2,s             Actual number of characters entered
D346 E761             (      console.asm):00167 (4+1)           stb     1,s             Stored to B (through the system stack).         
D348 3516             (      console.asm):00168 (4+4)           puls    d,x
D34A 39               (      console.asm):00169 (4)             rts
                      (      console.asm):00170         
                      (        forth.asm):00734         
                      (        forth.asm):00735         * Clear the data stack.
D34B CE0340           (        forth.asm):00736 (3)     NCLR    ldu     #NSTBOT
D34E 39               (        forth.asm):00737 (4)             rts
                      (        forth.asm):00738         
                      (        forth.asm):00739         * Clear the return stack.
D34F 8E043E           (        forth.asm):00740 (3)     RCLR    ldx     #RSTBOT
D352 9F00             (        forth.asm):00741 (4)             stx     RSP
D354 39               (        forth.asm):00742 (4)             rts
                      (        forth.asm):00743         
D355 8DF4             (        forth.asm):00744 (6)     FORTHIN bsr     NCLR            Initialize the data stack
D357 8DF6             (        forth.asm):00745 (6)             bsr     RCLR            Initialize the return stack
                      (        forth.asm):00746         * Relocate '@' code to RAM and set it up as the last dictionary entry (RO).
D359 8EEF40           (        forth.asm):00747 (3)             ldx     #THEEND         Source address for tfm
D35C 1086000C         (        forth.asm):00748 (4)             ldw     #(REALEND-THEEND) Byte count for tfm
D360 108E0D80         (        forth.asm):00749 (4)             ldy     #WDICSPC        Destination address for tfm
D364 109F06           (        forth.asm):00750 (5)             sty     LSTWAD
D367 113812           (        forth.asm):00751 (6+?)           tfm     x+,y+
D36A 109F08           (        forth.asm):00752 (5)             sty     DICEND
                      (        forth.asm):00753                 IFNE    RELFEAT
                      (        forth.asm):00754                 RFXT    jsr,MONITOR+10  XT for MONITOR (monitor @ in RAM)
                      (        forth.asm):00755                 ENDC                    RELFEAT
D36D BDDB1B           (        forth.asm):00756 (7)             jsr     EMPTYB          Buffer related initializations
                      (        forth.asm):00757                 IFNE    DEBUG
                      (        forth.asm):00758                 clrd
                      (        forth.asm):00759                 std     USTATE          Initial mode is interpretation
                      (        forth.asm):00760                 std     USCR            Clear SCR
                      (        forth.asm):00761                 std     UBLK            Clear BLK
                      (        forth.asm):00762                 std     UTOIN           Clear >IN
                      (        forth.asm):00763                 std     MRUBUFA         Clear most the recently used buffer address
                      (        forth.asm):00764                 sta     SRCID
                      (        forth.asm):00765                 ENDC                    DEBUG
D370 7EED14           (        forth.asm):00766                 RFXT    jmp,DECIMAL+10  XT for DECIMAL. Default base is decimal
                      (        forth.asm):00767         
                      (        forth.asm):00768         * Input stream end reached? If ISEADDR is clear, compute it, then compare
                      (        forth.asm):00769         * X to it. EOL condition should be handled if we return from this with ZFLAG
                      (        forth.asm):00770         * set. BSBFADR and ISLEN must have been previously initialized.
D373 3406             (        forth.asm):00771 (4+2)   ISERCHD pshs    d
D375 DC28             (        forth.asm):00772 (4)             ldd     ISEADDR
D377 2606             (        forth.asm):00773 (3)             bne     @cont
                      (        forth.asm):00774         * Input stream end address (ISEADDR) needs to be initialized.
D379 DC20             (        forth.asm):00775 (4)             ldd     BSBFADR
D37B D326             (        forth.asm):00776 (4)             addd    ISLEN
D37D DD28             (        forth.asm):00777 (4)             std     ISEADDR
D37F 103710           (        forth.asm):00778 (4)     @cont   cmpr    x,d             CC = (D - X)
D382 3506             (        forth.asm):00779 (4+2)           puls    d
D384 2501             (        forth.asm):00780 (3)             blo     @inpovf
D386 39               (        forth.asm):00781 (4)             rts
D387 C612             (        forth.asm):00782 (2)     @inpovf ldb     #18             >IN Out of range
D389 BDD754           (        forth.asm):00783 (7)             jsr     ERRHDLR         No return
                      (        forth.asm):00784         
                      (        forth.asm):00785         * Scan for the next non-space character pointed to by X.
                      (        forth.asm):00786         * Return with ZFLAG set if an end of input stream condition is recognized,
                      (        forth.asm):00787         * otherwise ZFLAG will be clear. A is altered.
                      (        forth.asm):00788         * Update TOKENSP in all cases.
D38C 8DE5             (        forth.asm):00789 (6)     SCNSTOK bsr     ISERCHD         End of input stream reached?
D38E 2708             (        forth.asm):00790 (3)             beq     @scstk1         Yes, update TOKENSP and return w. ZFLAG set
D390 A680             (        forth.asm):00791 (4+1)           lda     ,x+
D392 8120             (        forth.asm):00792 (2)             cmpa    #SP
D394 27F6             (        forth.asm):00793 (3)             beq     SCNSTOK
D396 301F             (        forth.asm):00794 (4+1)           leax    -1,x            Backward one character
                      (        forth.asm):00795         * LEA affects ZFLAG but it will remain clear at this point.
D398 1FA8             (        forth.asm):00796 (4)     @scstk1 tfr     cc,a
D39A 9F02             (        forth.asm):00797 (4)             stx     TOKENSP         This affects ZFLAG!!!
D39C 1F8A             (        forth.asm):00798 (4)             tfr     a,cc
D39E 39               (        forth.asm):00799 (4)             rts
                      (        forth.asm):00800         
                      (        forth.asm):00801         * Scan for the next white space character as an end of token marker.
                      (        forth.asm):00802         * Upon entry:
                      (        forth.asm):00803         * - X points to the input stream.
                      (        forth.asm):00804         * Upon return:
                      (        forth.asm):00805         * - X will point to the next space character or one character after the
                      (        forth.asm):00806         *   end of the input stream.
                      (        forth.asm):00807         * - CURTOKL will hold the current token length (returned in B).
                      (        forth.asm):00808         * - TOKENEP will point to the end of the current token.
                      (        forth.asm):00809         * - A is altered.
                      (        forth.asm):00810         * This routine assumes there was an identified start of token in the past,
                      (        forth.asm):00811         * i.e. that X was not pointing to a BL character upon entry.
D39F 5F               (        forth.asm):00812 (1)     SCNETOK clrb
D3A0 8DD1             (        forth.asm):00813 (6)     @scetok bsr     ISERCHD         End of input stream reached?
D3A2 270A             (        forth.asm):00814 (3)             beq     @scetk1
D3A4 A680             (        forth.asm):00815 (4+1)           lda     ,x+
D3A6 5C               (        forth.asm):00816 (1)             incb
D3A7 8120             (        forth.asm):00817 (2)             cmpa    #SP
D3A9 26F5             (        forth.asm):00818 (3)             bne     @scetok
D3AB 301F             (        forth.asm):00819 (4+1)           leax    -1,x            Keep pointing at the trailing space
D3AD 5A               (        forth.asm):00820 (1)             decb                    Uncount BL as that was the end of token marker
D3AE 1FA8             (        forth.asm):00821 (4)     @scetk1 tfr     cc,a
D3B0 9F04             (        forth.asm):00822 (4)             stx     TOKENEP
D3B2 D741             (        forth.asm):00823 (3)             stb     CURTOKL
D3B4 1F8A             (        forth.asm):00824 (4)             tfr     a,cc
D3B6 39               (        forth.asm):00825 (4)             rts
                      (        forth.asm):00826         
D3B7 8DBA             (        forth.asm):00827 (6)     NXTCHAR bsr     ISERCHD
D3B9 2702             (        forth.asm):00828 (3)             beq     @gtnxc1         End of input stream detected. Return with Z set
D3BB A680             (        forth.asm):00829 (4+1)           lda     ,x+
D3BD 39               (        forth.asm):00830 (4)     @gtnxc1 rts
                      (        forth.asm):00831         
                      (        forth.asm):00832         * Check for numeric literal BASE prefix. On entry X has the input stream
                      (        forth.asm):00833         * pointer. On exit, BASE is altered if needed and the original BASE saved
                      (        forth.asm):00834         * to BASBKUP. If BASE was not changed, BASBKUP will be zero.
                      (        forth.asm):00835         * D is altered, X is updated if a BASE prefix is detected, other registers
                      (        forth.asm):00836         * are untouched.
D3BE E684             (        forth.asm):00837 (4+0)   CKNBPFX ldb     ,x              B has a potential base prefix character
D3C0 3410             (        forth.asm):00838 (4+2)           pshs    x
D3C2 8EF103           (        forth.asm):00839 (3)             ldx     #BASALST        A associative list (A-list) of BASE prefixes
D3C5 A681             (        forth.asm):00840 (4+2)   @pflkup lda     ,x++            Potential BASE prefix character to A
D3C7 2707             (        forth.asm):00841 (3)             beq     @nopfix         Reached the end of the A-list. No prefix found
D3C9 103798           (        forth.asm):00842 (4)             cmpr    b,a             Prefix match?
D3CC 2707             (        forth.asm):00843 (3)             beq     @pfxfnd         Yes
D3CE 20F5             (        forth.asm):00844 (3)             bra     @pflkup         Perform base prefix lookup
D3D0 0F36             (        forth.asm):00845 (5)     @nopfix clr     BASBKUP         Nothing to be restored to BASE
D3D2 3510             (        forth.asm):00846 (4+2)           puls    x
D3D4 39               (        forth.asm):00847 (4)             rts
D3D5 9623             (        forth.asm):00848 (3)     @pfxfnd lda     UBASE+1
D3D7 9736             (        forth.asm):00849 (3)             sta     BASBKUP         Back up the current BASE value
D3D9 A61F             (        forth.asm):00850 (4+1)           lda     -1,x            The BASE specified by the prefix
D3DB 9723             (        forth.asm):00851 (3)             sta     UBASE+1         Update BASE
D3DD 3510             (        forth.asm):00852 (4+2)           puls    x
D3DF 3001             (        forth.asm):00853 (4+1)           leax    1,x             Skip the prefix from the input stream
D3E1 0A41             (        forth.asm):00854 (5)             dec     CURTOKL         For the sanity of NUMCVT
D3E3 39               (        forth.asm):00855 (4)             rts
                      (        forth.asm):00856         
                      (        forth.asm):00857         * NUMCVT performs a signed string to number conversion. The input string is
                      (        forth.asm):00858         * acquired from the input stream. Note that this routine always is called
                      (        forth.asm):00859         * after a dictionary lookup (SWDIC), so TOKENEP and CURTOKL are guaranteed
                      (        forth.asm):00860         * to have been set previously. There are two ways out this routine:
                      (        forth.asm):00861         * - redirection to the error handler (Undefined word), or
                      (        forth.asm):00862         * - a converted cell or double cell returned through the data stack.
                      (        forth.asm):00863         *   Upon return, ISDBLF being NZ will indicate a double.
D3E4 0F3E             (        forth.asm):00864 (5)     NUMCVT  clr     ISNEGF          Assume the result is positive
D3E6 0F3F             (        forth.asm):00865 (5)             clr     ISDBLF          Assume the result is not a double number
D3E8 9641             (        forth.asm):00866 (3)             lda     CURTOKL
D3EA 9742             (        forth.asm):00867 (3)             sta     SVCTOKL         Save CURTOKL's value upon entry
D3EC 9E02             (        forth.asm):00868 (4)             ldx     TOKENSP
D3EE 8DCE             (        forth.asm):00869 (6)             bsr     CKNBPFX         Check for numeric literal BASE prefix
                      (        forth.asm):00870         * Check for optional minus sign.
D3F0 A684             (        forth.asm):00871 (4+0)           lda     ,x
D3F2 812D             (        forth.asm):00872 (2)             cmpa    #'-
D3F4 2606             (        forth.asm):00873 (3)             bne     @ncini
D3F6 0A41             (        forth.asm):00874 (5)             dec     CURTOKL
D3F8 0C3E             (        forth.asm):00875 (5)             inc     ISNEGF          Remember to negate the result before returning
D3FA 3001             (        forth.asm):00876 (4+1)           leax    1,x             Skip the negativity!
D3FC 1F12             (        forth.asm):00877 (4)     @ncini  tfr     x,y             Backup input stream pointer
D3FE 1FC1             (        forth.asm):00878 (4)             tfr     0,x             Initialize the result
D400 BDD7E5           (        forth.asm):00879 (7)             jsr     NPUSH           LSC
D403 BDD7E5           (        forth.asm):00880 (7)             jsr     NPUSH           MSC
D406 1F21             (        forth.asm):00881 (4)             tfr     y,x             Restore the input stream pointer
D408 BDD7E5           (        forth.asm):00882 (7)             jsr     NPUSH           Base scanning address
D40B 4F               (        forth.asm):00883 (1)             clra
D40C D641             (        forth.asm):00884 (3)             ldb     CURTOKL
D40E 1F01             (        forth.asm):00885 (4)             tfr     d,x             Token length to X (might include a trailing .)
D410 BDD7E5           (        forth.asm):00886 (7)             jsr     NPUSH
D413 BDE62A           (        forth.asm):00887                 RFXT    jsr,TONUMBR+10
                      (        forth.asm):00888         * At this point, at least four cells are on the data stack.
D416 3710             (        forth.asm):00889                 UCNPOP
D418 1F10             (        forth.asm):00890 (4)             tfr     x,d             Number of unconverted characters to D
D41A 3710             (        forth.asm):00891                 UCNPOP                  Address of the last non convertible char to X
D41C 104D             (        forth.asm):00892 (2)             tstd
D41E 2717             (        forth.asm):00893 (3)             beq     @ncadj          Not dealing with a double
D420 10830001         (        forth.asm):00894 (4)             cmpd    #1
D424 2623             (        forth.asm):00895 (3)             bne     @ncnogo         At most one character must be unconverted
D426 A684             (        forth.asm):00896 (4+0)           lda     ,x
D428 812E             (        forth.asm):00897 (2)             cmpa    #'.             Was a double number meant?
D42A 261D             (        forth.asm):00898 (3)             bne     @ncnogo         No, we do not have a winner...
D42C 0C3F             (        forth.asm):00899 (5)             inc     ISDBLF
                      (        forth.asm):00900         * Double cell number adjustments.
D42E 0D3E             (        forth.asm):00901 (4)             tst     ISNEGF          Are we dealing with a negative number?
D430 2725             (        forth.asm):00902 (3)             beq     RSBSPFX         No. Restore BASE if needed--the end
D432 BDE541           (        forth.asm):00903                 RFXT    jsr,DNEG+10     Acknowledge the negativity
D435 2020             (        forth.asm):00904 (3)             bra     RSBSPFX         Restore BASE if needed--the end
                      (        forth.asm):00905         * Single cell number adjustments.
D437 ECC1             (        forth.asm):00906 (5+2)   @ncadj  ldd     ,u++            MSC Should be zero
D439 2705             (        forth.asm):00907 (3)             beq     @cvsnok
D43B C604             (        forth.asm):00908 (2)             ldb     #4              Out of range error if not
D43D BDD754           (        forth.asm):00909 (7)             jsr     ERRHDLR         No return
D440 0D3E             (        forth.asm):00910 (4)     @cvsnok tst     ISNEGF          Are we dealing with a negative number?
D442 2713             (        forth.asm):00911 (3)             beq     RSBSPFX         No. Restore BASE if needed--the end
D444 BDE12F           (        forth.asm):00912                 RFXT    jsr,NEGATE+9    Acknowledge the negativity
D447 200E             (        forth.asm):00913 (3)             bra     RSBSPFX         Restore BASE if needed--the end
D449 3344             (        forth.asm):00914 (4+1)   @ncnogo leau    4,u             Drop two cells from the data stack
D44B 9642             (        forth.asm):00915 (3)             lda     SVCTOKL
D44D 9741             (        forth.asm):00916 (3)             sta     CURTOKL         Restore CURTOKL's original value
D44F 9E02             (        forth.asm):00917 (4)             ldx     TOKENSP         Beginning address of the current token
D451 C602             (        forth.asm):00918 (2)             ldb     #2              Undefined (X points to the offending word)
D453 BDD754           (        forth.asm):00919 (7)             jsr     ERRHDLR         No return
     D456             (        forth.asm):00920         NUMCVRA equ     *               For symbolic stack dump purposes
D456 12               (        forth.asm):00921 (1)             nop
                      (        forth.asm):00922         
                      (        forth.asm):00923         * Restore BASE if a numeric literal BASE prefix was detected.
                      (        forth.asm):00924         * X is to be preserved at all cost!
D457 9636             (        forth.asm):00925 (3)     RSBSPFX lda     BASBKUP
D459 2702             (        forth.asm):00926 (3)             beq     @theend
D45B 9723             (        forth.asm):00927 (3)             sta     UBASE+1
D45D 39               (        forth.asm):00928 (4)     @theend rts
                      (        forth.asm):00929         
                      (        forth.asm):00930         * Convert number stored in X to a string (depending on BASE value).
                      (        forth.asm):00931         * Output is stored in the global TBUFF buffer. X is preserved.
D45E 0F3E             (        forth.asm):00932 (5)     CVNSTR  clr     ISNEGF
D460 1F10             (        forth.asm):00933 (4)             tfr     x,d
D462 0D40             (        forth.asm):00934 (4)             tst     CVISSGN         Are we to perform a signed conversion?
D464 2708             (        forth.asm):00935 (3)             beq     @cvnst1
D466 104D             (        forth.asm):00936 (2)             tstd
D468 2A04             (        forth.asm):00937 (3)             bpl     @cvnst1
D46A 0C3E             (        forth.asm):00938 (5)             inc     ISNEGF          Number being converted is negative
D46C 1040             (        forth.asm):00939 (2)             negd
D46E 1F06             (        forth.asm):00940 (4)     @cvnst1 tfr     d,w
D470 104F             (        forth.asm):00941 (2)             clrd
D472 108E0525         (        forth.asm):00942 (4)             ldy     #TBUFF+19       Sign + 16 digits + terminator + 1
D476 6FA2             (        forth.asm):00943 (6+1)           clr     ,-y             End of string marker
D478 119E22           (        forth.asm):00944 (35)    @cvnst2 divq    UBASE           D returns the modulo and W the quotient
D47B 8630             (        forth.asm):00945 (2)             lda     #'0
D47D C10A             (        forth.asm):00946 (2)             cmpb    #10
D47F 2502             (        forth.asm):00947 (3)             bcs     @cvnst3
                      (        forth.asm):00948         * BASE has letters among its valid numbers.
D481 8637             (        forth.asm):00949 (2)             lda     #'A-10
D483 103089           (        forth.asm):00950 (4)     @cvnst3 addr    a,b
D486 E7A2             (        forth.asm):00951 (4+1)           stb     ,-y
D488 104F             (        forth.asm):00952 (2)             clrd
D48A 105D             (        forth.asm):00953 (2)             tstw
D48C 26EA             (        forth.asm):00954 (3)             bne     @cvnst2
D48E C620             (        forth.asm):00955 (2)             ldb     #SP
D490 0D3E             (        forth.asm):00956 (4)             tst     ISNEGF
D492 2702             (        forth.asm):00957 (3)             beq     @cvnst4
D494 C62D             (        forth.asm):00958 (2)             ldb     #'-
D496 E7A2             (        forth.asm):00959 (4+1)   @cvnst4 stb     ,-y
                      (        forth.asm):00960         * We need to insert leading spaces up to the beginning of the output buffer.
D498 C620             (        forth.asm):00961 (2)             ldb     #SP
D49A 108C0512         (        forth.asm):00962 (4)     @cvnst5 cmpy    #TBUFF
D49E 2601             (        forth.asm):00963 (3)             bne     @cvnst6
D4A0 39               (        forth.asm):00964 (4)             rts
D4A1 E7A2             (        forth.asm):00965 (4+1)   @cvnst6 stb     ,-y
D4A3 20F5             (        forth.asm):00966 (3)             bra     @cvnst5
                      (        forth.asm):00967         
                      (        forth.asm):00968         * Search word beginning at address TOKENSP in the dictionary.
                      (        forth.asm):00969         * Upon return Z will be set if the word was not found.
                      (        forth.asm):00970         * Otherwise, Y will point to the code section of the word.
                      (        forth.asm):00971         * CSSNTVE (defined in constants.asm) defines whether the
                      (        forth.asm):00972         * dictionary match is case sensitive or not.
                      (        forth.asm):00973         * Important note: if the word is found TOKENEP will be copied to TOKENSP.
D4A5 9E02             (        forth.asm):00974 (4)     SWDIC   ldx     TOKENSP
D4A7 BDD39F           (        forth.asm):00975 (7)             jsr     SCNETOK         B has CURTOKL, update TOKENEP
D4AA 9E08             (        forth.asm):00976 (4)     SWDIC1  ldx     DICEND          Entry point for the ANSI FIND
D4AC 9F1A             (        forth.asm):00977 (4)             stx     VLPRVEP         Last dictionary entry code address + 1
D4AE 9E02             (        forth.asm):00978 (4)             ldx     TOKENSP
D4B0 109E06           (        forth.asm):00979 (5)             ldy     LSTWAD          Latest word header address to Y
D4B3 2606             (        forth.asm):00980 (3)     @swrdc0 bne     @swrdc1
D4B5 1FC2             (        forth.asm):00981 (4)             tfr     0,y             Word not found. Z is set
D4B7 109F0E           (        forth.asm):00982 (5)             sty     PLOAD
D4BA 39               (        forth.asm):00983 (4)             rts
D4BB A6A4             (        forth.asm):00984 (4+0)   @swrdc1 lda     ,y              Word attribute to A
D4BD 841F             (        forth.asm):00985 (2)             anda    #WRLNMSK        Extract word length
D4BF 3420             (        forth.asm):00986 (4+2)           pshs    y
D4C1 103789           (        forth.asm):00987 (4)             cmpr    a,b             Word length match?
D4C4 2638             (        forth.asm):00988 (3)             bne     @swrdc3         No, point to next dictionary entry
D4C6 3121             (        forth.asm):00989 (4+1)           leay    1,y
D4C8 A6A0             (        forth.asm):00990 (4+1)   @swrdc2 lda     ,y+
                      (        forth.asm):00991                 IFNE    CSSNTVE
                      (        forth.asm):00992                 cmpa    ,x+             Case sensitive dictionary
                      (        forth.asm):00993                 ELSE
D4CA 1F9E             (        forth.asm):00994 (4)             tfr     b,e             Case insensitive search (preferred)
D4CC E680             (        forth.asm):00995 (4+1)           ldb     ,x+
D4CE C161             (        forth.asm):00996 (2)             cmpb    #'a
D4D0 2506             (        forth.asm):00997 (3)             bcs     @nochg
D4D2 C17B             (        forth.asm):00998 (2)             cmpb    #'z+1
D4D4 2402             (        forth.asm):00999 (3)             bcc     @nochg
D4D6 C020             (        forth.asm):01000 (2)             subb    #'a-'A
D4D8 103789           (        forth.asm):01001 (4)     @nochg  cmpr    a,b
D4DB 1FE9             (        forth.asm):01002 (4)             tfr     e,b
                      (        forth.asm):01003                 ENDC                    CSSNTVE
D4DD 261F             (        forth.asm):01004 (3)             bne     @swrdc3
D4DF 5A               (        forth.asm):01005 (1)             decb
D4E0 26E6             (        forth.asm):01006 (3)             bne     @swrdc2
                      (        forth.asm):01007         * Word match!
D4E2 3510             (        forth.asm):01008 (4+2)           puls    x
D4E4 E684             (        forth.asm):01009 (4+0)           ldb     ,x              Word attribute byte to B
D4E6 4F               (        forth.asm):01010 (1)             clra
D4E7 58               (        forth.asm):01011 (1)             lslb                    Bit 7 to CFLAG
D4E8 49               (        forth.asm):01012 (1)             rola                    CFLAG to A
D4E9 9743             (        forth.asm):01013 (3)             sta     IMDFLG          Set IMMEDIATE flag
D4EB 4F               (        forth.asm):01014 (1)             clra
D4EC 58               (        forth.asm):01015 (1)             lslb                    Bit 6 to CFLAG
D4ED 49               (        forth.asm):01016 (1)             rola                    CFLAG to A
D4EE 9744             (        forth.asm):01017 (3)             sta     DEFFLG          Set DEFINE (compilation only) flag
D4F0 9E04             (        forth.asm):01018 (4)             ldx     TOKENEP
D4F2 9F02             (        forth.asm):01019 (4)             stx     TOKENSP
                      (        forth.asm):01020                 IFNE    RELFEAT
                      (        forth.asm):01021                 leay    3,y             Skip back pointer and checksum. Return XT
                      (        forth.asm):01022                 ELSE
D4F4 3122             (        forth.asm):01023 (4+1)           leay    2,y             Skip back pointer. Return XT
                      (        forth.asm):01024                 ENDC                    RELFEAT
D4F6 DC1A             (        forth.asm):01025 (4)             ldd     VLPRVEP
D4F8 103220           (        forth.asm):01026 (4)             subr    y,d
D4FB DD0E             (        forth.asm):01027 (4)             std     PLOAD
D4FD 39               (        forth.asm):01028 (4)             rts                     NZ since there is no zero payload word
D4FE 3520             (        forth.asm):01029 (4+2)   @swrdc3 puls    y
D500 109F1A           (        forth.asm):01030 (5)             sty     VLPRVEP
D503 4F               (        forth.asm):01031 (1)             clra
D504 E6A0             (        forth.asm):01032 (4+1)           ldb     ,y+
D506 C41F             (        forth.asm):01033 (2)             andb    #WRLNMSK
D508 31AB             (        forth.asm):01034 (4+2)           leay    d,y
D50A 9E02             (        forth.asm):01035 (4)             ldx     TOKENSP
D50C D641             (        forth.asm):01036 (3)             ldb     CURTOKL
D50E 10AEA4           (        forth.asm):01037 (6+0)           ldy     ,y              Point to previous word header
D511 20A0             (        forth.asm):01038 (3)             bra     @swrdc0
                      (        forth.asm):01039         
                      (        forth.asm):01040         * Create new dictionary entry. The word name being created is acquired from
                      (        forth.asm):01041         * the input stream. Warning, this requires a writable dictionary!
                      (        forth.asm):01042         * The new end of the dictionary is returned in Y. W is preserved.
D513 1038             (        forth.asm):01043 (6)     LOCWRT  pshsw
D515 9E08             (        forth.asm):01044 (4)             ldx     DICEND
                      (        forth.asm):01045                 IFNE    DEBUG
                      (        forth.asm):01046                 cmpx    #ROMSTRT
                      (        forth.asm):01047                 bcs     @locwr0
                      (        forth.asm):01048                 ldb     #10             Assertion failure (trying to write to ROM!)
                      (        forth.asm):01049                 jsr     ERRHDLR         No return
D517                  (        forth.asm):01050         LWAFRA  equ     *
D517                  (        forth.asm):01051         @locwr0
                      (        forth.asm):01052                 ENDC                    DEBUG
D517 9F0C             (        forth.asm):01053 (4)             stx     BDICEND         Back pointer up
D519 9E06             (        forth.asm):01054 (4)             ldx     LSTWAD
D51B 9F0A             (        forth.asm):01055 (4)             stx     BLSTWAD         Back pointer up
D51D BDD885           (        forth.asm):01056 (7)             jsr     BKIN2PT         Derive X from BLK, >IN
D520 BDD38C           (        forth.asm):01057 (7)             jsr     SCNSTOK         Locate token starting address
D523 2605             (        forth.asm):01058 (3)             bne     @locwr1
D525 C605             (        forth.asm):01059 (2)             ldb     #5              EOIS condition recognized: missing word name
D527 BDD754           (        forth.asm):01060 (7)             jsr     ERRHDLR         No return
     D52A             (        forth.asm):01061         LWMNRA  equ     *               LOCWRT missing word name return address
D52A BDD39F           (        forth.asm):01062 (7)     @locwr1 jsr     SCNETOK         X has TOKENEP, B has CURTOKL
D52D 109E02           (        forth.asm):01063 (5)             ldy     TOKENSP
D530 103221           (        forth.asm):01064 (4)             subr    y,x
D533 3410             (        forth.asm):01065 (4+2)           pshs    x               Word length to the system stack
D535 9E08             (        forth.asm):01066 (4)             ldx     DICEND
D537 A661             (        forth.asm):01067 (4+1)           lda     1,s             Word length LSB in the system stack
D539 8120             (        forth.asm):01068 (2)             cmpa    #1+WRLNMSK      Max word length is 31, 79-STANDARD compliant
D53B 2505             (        forth.asm):01069 (3)             blo     @locwr2
D53D C610             (        forth.asm):01070 (2)             ldb     #16             Word name is too long
D53F BDD754           (        forth.asm):01071 (7)             jsr     ERRHDLR         No return
     D542             (        forth.asm):01072         WTOOLNG equ     *
D542 A780             (        forth.asm):01073 (4+1)   @locwr2 sta     ,x+             Word length to dictionary
D544 10A6E1           (        forth.asm):01074 (6+2)           ldw     ,s++            16-bit word length to W
D547 1E12             (        forth.asm):01075 (5)             exg     x,y             Y points to the dictionary, X has TOKENSP
                      (        forth.asm):01076                 IFNE    CSSNTVE
                      (        forth.asm):01077                 tfm     x+,y+           Word name to dictionary, as is
                      (        forth.asm):01078                 ELSE
D549 1FF9             (        forth.asm):01079 (4)             tfr     f,b             Force dictionary entry to upper case
D54B A680             (        forth.asm):01080 (4+1)   @locwr3 lda     ,x+
D54D 8161             (        forth.asm):01081 (2)             cmpa    #'a
D54F 2506             (        forth.asm):01082 (3)             bcs     @locwr4
D551 817B             (        forth.asm):01083 (2)             cmpa    #'z+1
D553 2402             (        forth.asm):01084 (3)             bcc     @locwr4
D555 8020             (        forth.asm):01085 (2)             suba    #'a-'A          To upper case
D557 A7A0             (        forth.asm):01086 (4+1)   @locwr4 sta     ,y+
D559 5A               (        forth.asm):01087 (1)             decb
D55A 26EF             (        forth.asm):01088 (3)             bne     @locwr3
                      (        forth.asm):01089                 ENDC                    CSSNTVE
D55C 1F10             (        forth.asm):01090 (4)             tfr     x,d
D55E BDD161           (        forth.asm):01091 (7)             jsr     U2INFRD         Derive >IN from D
D561 9E06             (        forth.asm):01092 (4)             ldx     LSTWAD
D563 AFA1             (        forth.asm):01093 (5+2)           stx     ,y++            Back pointer to dictionary
                      (        forth.asm):01094                 IFNE    RELFEAT
                      (        forth.asm):01095                 clr     ,y+             Initialize the checksum header field
                      (        forth.asm):01096                 ENDC                    RELFEAT
D565 109F08           (        forth.asm):01097 (5)             sty     DICEND
D568 109F12           (        forth.asm):01098 (5)             sty     RECADDR         Should we resort to recursion later on
D56B 1039             (        forth.asm):01099 (6)             pulsw
D56D 39               (        forth.asm):01100 (4)             rts
                      (        forth.asm):01101         
                      (        forth.asm):01102         * Compile 'ldx  #X; jsr NPUSH'.
                      (        forth.asm):01103         * DICEND is updated and returned in Y.
D56E 109E08           (        forth.asm):01104 (5)     LITER   ldy     DICEND
D571 868E             (        forth.asm):01105 (2)             lda     #LDXOPC         LDX immediate
D573 8D10             (        forth.asm):01106 (6)             bsr     VARCON2
D575 86BD             (        forth.asm):01107 (2)             lda     #JSROPC         JSR extended
D577 109F14           (        forth.asm):01108 (5)             sty     JSRLAST         JSRLAST points to the latest JSR code emission
D57A 8D06             (        forth.asm):01109 (6)             bsr     VARCON1
D57C 109F08           (        forth.asm):01110 (5)             sty     DICEND
D57F 39               (        forth.asm):01111 (4)             rts
                      (        forth.asm):01112         
                      (        forth.asm):01113         * Compile 'jmp  NPUSH'.
                      (        forth.asm):01114         * Y points to the end of the dictionary on entry and on exit.
D580 867E             (        forth.asm):01115 (2)     VARCON  lda     #JMPOPC         JMP extended
D582 8ED7E5           (        forth.asm):01116 (3)     VARCON1 ldx     #NPUSH
D585 A7A0             (        forth.asm):01117 (4+1)   VARCON2 sta     ,y+
D587 AFA1             (        forth.asm):01118 (5+2)           stx     ,y++
D589 39               (        forth.asm):01119 (4)             rts
                      (        forth.asm):01120         
                      (        forth.asm):01121         * Used by U<, U>, <, >.
D58A BDDAFC           (        forth.asm):01122 (7)     CMP2    jsr     MIN2PST         At least 2 cells must be stacked up
D58D 10AEC4           (        forth.asm):01123 (6+0)   CMP2RA  ldy     ,u
D590 AE42             (        forth.asm):01124 (5+1)           ldx     2,u
D592 103721           (        forth.asm):01125 (4)             cmpr    y,x
D595 1FA9             (        forth.asm):01126 (4)             tfr     cc,b
                      (        forth.asm):01127                 IFNE    DEBUG
                      (        forth.asm):01128                 clra
                      (        forth.asm):01129                 std     CCREG
                      (        forth.asm):01130                 ENDC                    DEBUG
D597 1FC1             (        forth.asm):01131 (4)             tfr     0,x
D599 3344             (        forth.asm):01132 (4+1)           leau    4,u
D59B 1F9A             (        forth.asm):01133 (4)             tfr     b,cc
D59D 39               (        forth.asm):01134 (4)             rts
                      (        forth.asm):01135         
                      (        forth.asm):01136         * Used by CMOVE, CMOVE>, MOVE.
D59E BDDB01           (        forth.asm):01137 (7)     ACQMOVP jsr     MIN3PST         At least 3 cells must be stacked up
D5A1 10A6C4           (        forth.asm):01138 (6+0)   ACQVMRA ldw     ,u              Byte count
D5A4 10AE42           (        forth.asm):01139 (6+1)           ldy     2,u             Destination address
D5A7 AE44             (        forth.asm):01140 (5+1)           ldx     4,u             Source address
D5A9 3346             (        forth.asm):01141 (4+1)           leau    6,u             Drop 3 cells from the user stack
D5AB 39               (        forth.asm):01142 (4)             rts
                      (        forth.asm):01143         
                      (        forth.asm):01144         * FDCTSYM enveadours to match the address stored in Y to a dictionary entry.
                      (        forth.asm):01145         * Upon a successful flexible match, it will output a string in the form of
                      (        forth.asm):01146         * <wordname>+<offset> to the string pointed to by X. <wordname> refers to the
                      (        forth.asm):01147         * code entry point of the matched word. <offset> will be expressed in hex.
                      (        forth.asm):01148         * If a match is found, Z will be clear, otherwise it will be set.
                      (        forth.asm):01149         * A candidate for a word code address must meet the following criteria:
                      (        forth.asm):01150         * ((Y U>= #EBUFS) AND (Y U< #THEEND)) OR ((Y U>= #WDICSPC) AND (Y U< DICEND)).
                      (        forth.asm):01151         * Upon return:
                      (        forth.asm):01152         * - the string pointed to by X will updated with its symbolic match
                      (        forth.asm):01153         *   (NUL terminated), if there is one. X itself might have been altered.
                      (        forth.asm):01154         * - Y should be preserved.
                      (        forth.asm):01155         * EBUFS (EMPTY-BUFFERS) header address is the last word in the dictionary.
                      (        forth.asm):01156                 IFNE    SSDFEAT
D5AC 3430             (        forth.asm):01157 (4+4)   FDCTSYM pshs    y,x     
D5AE 1F21             (        forth.asm):01158 (4)             tfr     y,x             Potential execution token to X
D5B0 8CDB0B           (        forth.asm):01159 (3)             cmpx    #EBUFS
D5B3 2505             (        forth.asm):01160 (3)             blo     @fdstr2 
D5B5 8CEF40           (        forth.asm):01161 (3)             cmpx    #THEEND
D5B8 250D             (        forth.asm):01162 (3)             blo     @fdsmtc
D5BA 8C0D80           (        forth.asm):01163 (3)     @fdstr2 cmpx    #WDICSPC        Term 2 of the predicate for a valid word addr
D5BD 2504             (        forth.asm):01164 (3)             blo     @fdsnom
D5BF 9C08             (        forth.asm):01165 (4)             cmpx    DICEND
D5C1 2504             (        forth.asm):01166 (3)             blo     @fdsmtc
D5C3 4F               (        forth.asm):01167 (1)     @fdsnom clra                    No match (Z is set)
D5C4 3530             (        forth.asm):01168 (4+4)           puls    x,y
D5C6 39               (        forth.asm):01169 (4)             rts
D5C7 9E06             (        forth.asm):01170 (4)     @fdsmtc ldx     LSTWAD          Potential match. Scan upward from LAST
                      (        forth.asm):01171         * X points to the latest word header, Y has an execution token.
D5C9 109608           (        forth.asm):01172 (5)             ldw     DICEND          W points to the end of the code section
D5CC 3410             (        forth.asm):01173 (4+2)   @fdslop pshs    x               Pointer to the current word header
D5CE E680             (        forth.asm):01174 (4+1)           ldb     ,x+
D5D0 C41F             (        forth.asm):01175 (2)             andb    #WRLNMSK
D5D2 3A               (        forth.asm):01176 (1)             abx                     Skip word name string
D5D3 EC81             (        forth.asm):01177 (5+2)           ldd     ,x++            Backlink to D
                      (        forth.asm):01178                 IFNE    RELFEAT
                      (        forth.asm):01179                 leax    1,x             Skip the checksum
                      (        forth.asm):01180                 ENDC                    RELFEAT
D5D5 103712           (        forth.asm):01181 (4)             cmpr    x,y
D5D8 2530             (        forth.asm):01182 (3)             blo     @fdsnwd
D5DA 103762           (        forth.asm):01183 (4)             cmpr    w,y
D5DD 222B             (        forth.asm):01184 (3)             bhi     @fdsnwd         An equal address is allowed here, in case
                      (        forth.asm):01185         * jsr ERRHDLR is the last instruction for the word under consideration.
                      (        forth.asm):01186         * This happens to be the case for FORGET and LPAR.
                      (        forth.asm):01187         * Y matches the code range for the current word.
D5DF 3510             (        forth.asm):01188 (4+2)           puls    x
D5E1 E680             (        forth.asm):01189 (4+1)           ldb     ,x+
D5E3 C41F             (        forth.asm):01190 (2)             andb    #WRLNMSK
D5E5 1F9F             (        forth.asm):01191 (4)             tfr     b,f
D5E7 114F             (        forth.asm):01192 (2)             clre                    W has the matched word length
D5E9 10AEE4           (        forth.asm):01193 (6+0)           ldy     ,s              Y points to the target buffer
D5EC 113812           (        forth.asm):01194 (6+?)           tfm     x+,y+
D5EF 6FA4             (        forth.asm):01195 (6+0)           clr     ,y              We need this in case the offset is zero
                      (        forth.asm):01196         * Offset processing.
                      (        forth.asm):01197                 IFNE    RELFEAT
                      (        forth.asm):01198                 leax    3,x             Skip backlink and checksum
                      (        forth.asm):01199                 ELSE
D5F1 3002             (        forth.asm):01200 (4+1)           leax    2,x             Skip backlink
                      (        forth.asm):01201                 ENDC                    RELFEAT
D5F3 EC62             (        forth.asm):01202 (5+1)           ldd     2,s             Execution token to D
D5F5 103210           (        forth.asm):01203 (4)             subr    x,d             Offset between XT and word entry point to D
D5F8 270B             (        forth.asm):01204 (3)             beq     @skoffs         Skip displaying the offset if it is zero
D5FA 3402             (        forth.asm):01205 (4+1)           pshs    a               Preserve the offset's MSB
D5FC 862B             (        forth.asm):01206 (2)             lda     #'+
D5FE A7A0             (        forth.asm):01207 (4+1)           sta     ,y+
D600 3502             (        forth.asm):01208 (4+1)           puls    a               Restore the offset's MSB
D602 BDD192           (        forth.asm):01209 (7)             jsr     HDMP4           Dump hex incarnation of the offset to Y
D605 3530             (        forth.asm):01210 (4+4)   @skoffs puls    x,y
D607 1CFB             (        forth.asm):01211 (2)             andcc   #^ZFLAG         Clear ZFLAG
D609 39               (        forth.asm):01212 (4)             rts
                      (        forth.asm):01213         * Point to the next word.
D60A 1039             (        forth.asm):01214 (6)     @fdsnwd pulsw                   Retrieve current word header address
D60C 104D             (        forth.asm):01215 (2)             tstd
D60E 27B3             (        forth.asm):01216 (3)             beq     @fdsnom         Just met the last dictionary entry
D610 1F01             (        forth.asm):01217 (4)             tfr     d,x             Point to previous word header
D612 10810D80         (        forth.asm):01218 (4)             cmpw    #WDICSPC        Are we transitioning from RAM to ROM?
D616 26B4             (        forth.asm):01219 (3)             bne     @fdslop         No singularity
D618 1086EF40         (        forth.asm):01220 (4)             ldw     #THEEND         Won't be able to diagnose the ROM based @...
D61C 20AE             (        forth.asm):01221 (3)             bra     @fdslop
                      (        forth.asm):01222         
                      (        forth.asm):01223         * Find the best possible symbolic approximation of Y and store it to the
                      (        forth.asm):01224         * buffer pointed to by X.
                      (        forth.asm):01225         * On entry:
                      (        forth.asm):01226         * - Y has a code address which is to be matched with a symbolic name + offset.
                      (        forth.asm):01227         * - X points to a buffer where the resolution is to be stored.
                      (        forth.asm):01228         * On return:
                      (        forth.asm):01229         * - Y is to be preserved.
                      (        forth.asm):01230         * - the output buffer will be updated with the best symbolic match (NUL term'd).
D61E 3430             (        forth.asm):01231 (4+4)   FINDSYM pshs    y,x
D620 8D8A             (        forth.asm):01232 (6)             bsr     FDCTSYM         Search the dictionary first (flexible match)
D622 261B             (        forth.asm):01233 (3)             bne     @dctmfn         Dictionary match found
D624 8ED644           (        forth.asm):01234 (3)             ldx     #NDCTWKS        Search kernel symbols for an exact match
D627 EC81             (        forth.asm):01235 (5+2)   @fsmlop ldd     ,x++
D629 270B             (        forth.asm):01236 (3)             beq     @fsmfnd         End of well known symbols list?
D62B 103720           (        forth.asm):01237 (4)             cmpr    y,d
D62E 2706             (        forth.asm):01238 (3)             beq     @fsmfnd
                      (        forth.asm):01239         * No well known symbol match. Skip string.
D630 A680             (        forth.asm):01240 (4+1)   @fsmskp lda     ,x+
D632 26FC             (        forth.asm):01241 (3)             bne     @fsmskp
D634 20F1             (        forth.asm):01242 (3)             bra     @fsmlop
D636 10AEE4           (        forth.asm):01243 (6+0)   @fsmfnd ldy     ,s
D639 A680             (        forth.asm):01244 (4+1)   @fsmfn2 lda     ,x+
D63B A7A0             (        forth.asm):01245 (4+1)           sta     ,y+
D63D 26FA             (        forth.asm):01246 (3)             bne     @fsmfn2
D63F 3262             (        forth.asm):01247 (4+1)   @dctmfn leas    2,s             Drop X from the system stack
D641 3520             (        forth.asm):01248 (4+2)           puls    y
D643 39               (        forth.asm):01249 (4)             rts
                      (        forth.asm):01250         
                      (        forth.asm):01251         * Non-dictionary well known symbols.
D644 D000             (        forth.asm):01252         NDCTWKS fdb     IODZHDL         Illegal opcode/Division by zero trap handler
D646 494F445A48444C00 (        forth.asm):01253                 fcn     'IODZHDL'
D64E D804             (        forth.asm):01254                 fdb     DPOPRA          Data stack underflow
D650 44504F50524100   (        forth.asm):01255                 fcn     'DPOPRA'
D657 D7F2             (        forth.asm):01256                 fdb     DPSHRA          Data stack overflow
D659 44505348524100   (        forth.asm):01257                 fcn     'DPSHRA'
D660 D846             (        forth.asm):01258                 fdb     RPOPRA          Return stack underflow
D662 52504F50524100   (        forth.asm):01259                 fcn     'RPOPRA'
D669 D82F             (        forth.asm):01260                 fdb     RPSHRA          Return stack overflow
D66B 52505348524100   (        forth.asm):01261                 fcn     'RPSHRA'
D672 D754             (        forth.asm):01262                 fdb     ERRHDLR         Error handler
D674 45525248444C5200 (        forth.asm):01263                 fcn     'ERRHDLR'
D67C DAF7             (        forth.asm):01264                 fdb     CKDPTRA         Not enough parameters supplied
D67E 434B445054524100 (        forth.asm):01265                 fcn     'CKDPTRA'
D686 DAEC             (        forth.asm):01266                 fdb     CHKNDPT         Check data stack minimum depth
D688 43484B4E44505400 (        forth.asm):01267                 fcn     'CHKNDPT'
D690 D58D             (        forth.asm):01268                 fdb     CMP2RA          Missing operand in any of U<, U>, <, >
D692 434D5032524100   (        forth.asm):01269                 fcn     'CMP2RA'
D699 D5A1             (        forth.asm):01270                 fdb     ACQVMRA         Three operands missing in any of CMOVE,
                      (        forth.asm):01271         *                               CMOVE>, MOVE
D69B 414351564D524100 (        forth.asm):01272                 fcn     'ACQVMRA'
D6A3 D0BD             (        forth.asm):01273                 fdb     MINTLRA         Main interpreter loop return address
D6A5 4D494E544C524100 (        forth.asm):01274                 fcn     'MINTLRA'
D6AD D456             (        forth.asm):01275                 fdb     NUMCVRA         ? while converting a string to a number
D6AF 4E554D4356524100 (        forth.asm):01276                 fcn     'NUMCVRA'
D6B7 D0D0             (        forth.asm):01277                 fdb     NMCVIRA         Numeric conversion error while interpreting
D6B9 4E4D435649524100 (        forth.asm):01278                 fcn     'NMCVIRA'
D6C1 D139             (        forth.asm):01279                 fdb     NMCVCRA         Numeric conversion error while compiling
D6C3 4E4D435643524100 (        forth.asm):01280                 fcn     'NMCVCRA'
D6CB D0FB             (        forth.asm):01281                 fdb     INTRPRA         Interpreter RA (after the execution of a word)
D6CD 494E545250524100 (        forth.asm):01282                 fcn     'INTRPRA'
D6D5 D127             (        forth.asm):01283                 fdb     COMPLRA         Compiler RA (after the execution of an IMD word)
D6D7 434F4D504C524100 (        forth.asm):01284                 fcn     'COMPLRA'
D6DF D152             (        forth.asm):01285                 fdb     EMXASXT         Emit "JSR <X>" where X has an execution token
D6E1 454D584153585400 (        forth.asm):01286                 fcn     'EMXASXT'
D6E9 D52A             (        forth.asm):01287                 fdb     LWMNRA          Missing word name in LOCWRT
D6EB 4C574D4E524100   (        forth.asm):01288                 fcn     'LWMNRA'
D6F2 DA83             (        forth.asm):01289                 fdb     CFR1SRA         CF read one sector failed
D6F4 4346523153524100 (        forth.asm):01290                 fcn     'CFR1SRA'
D6FC D7E5             (        forth.asm):01291                 fdb     NPUSH           Not an error RA but useful to have as a symbol
D6FE 4E5055534800     (        forth.asm):01292                 fcn     'NPUSH'
D704 D817             (        forth.asm):01293                 fdb     RPUSH           Not an error RA but useful to have as a symbol
D706 525055534800     (        forth.asm):01294                 fcn     'RPUSH'
D70C D7F3             (        forth.asm):01295                 fdb     NPOP            Not an error RA but useful to have as a symbol
D70E 4E504F5000       (        forth.asm):01296                 fcn     'NPOP'
D713 D830             (        forth.asm):01297                 fdb     RPOP            Not an error RA but useful to have as a symbol
D715 52504F5000       (        forth.asm):01298                 fcn     'RPOP'
D71A D2EA             (        forth.asm):01299                 fdb     PUTS            Not an error RA but useful to have as a symbol
D71C 5055545300       (        forth.asm):01300                 fcn     'PUTS'
                      (        forth.asm):01301                 IFNE    DEBUG
                      (        forth.asm):01302                 fdb     LWAFRA          Assertion failure in LOCWRT
                      (        forth.asm):01303                 fcn     'LOCWRTAF'
                      (        forth.asm):01304                 ENDC
D721 0000             (        forth.asm):01305                 fdb     0               End of list
D723 3F3F3F00         (        forth.asm):01306                 fcn     '???'           Admit we have no clue!
                      (        forth.asm):01307                 ENDC                    SSDFEAT
                      (        forth.asm):01308         
                      (        forth.asm):01309         * Print ' (xxxx/yyyy)' where xxxx is the hex representation for BLK @ and
                      (        forth.asm):01310         * yyyy is the hex representation for >IN @. Y is preserved, X and D are not.
D727 3420             (        forth.asm):01311 (4+2)   PRBLKIN pshs    y
D729 108E04C2         (        forth.asm):01312 (4)             ldy     #HEXBUF
D72D 8620             (        forth.asm):01313 (2)             lda     #SP
D72F A7A0             (        forth.asm):01314 (4+1)           sta     ,y+
D731 8628             (        forth.asm):01315 (2)             lda     #'(
D733 A7A0             (        forth.asm):01316 (4+1)           sta     ,y+
D735 DC2C             (        forth.asm):01317 (4)             ldd     UBLK
D737 BDD192           (        forth.asm):01318 (7)             jsr     HDMP4
D73A 862F             (        forth.asm):01319 (2)             lda     #'/
D73C A7A0             (        forth.asm):01320 (4+1)           sta     ,y+
D73E DC2A             (        forth.asm):01321 (4)             ldd     UTOIN
D740 BDD192           (        forth.asm):01322 (7)             jsr     HDMP4
D743 8629             (        forth.asm):01323 (2)             lda     #')
D745 A7A0             (        forth.asm):01324 (4+1)           sta     ,y+
D747 6FA4             (        forth.asm):01325 (6+0)           clr     ,y
D749 8E04C2           (        forth.asm):01326 (3)             ldx     #HEXBUF
D74C BDD2EA           (        forth.asm):01327 (7)             jsr     PUTS
D74F 3520             (        forth.asm):01328 (4+2)           puls    y
D751 7ED2F7           (        forth.asm):01329 (3)             jmp     PUTCR
                      (        forth.asm):01330         
                      (        forth.asm):01331         * Handle error condition. Error code is in B.
                      (        forth.asm):01332         * If B is 2 (undefined) X points to a string of length CURTOKL that has the
                      (        forth.asm):01333         * offending word.
D754 10AEE4           (        forth.asm):01334 (6+0)   ERRHDLR ldy     ,s              Invoking return address
                      (        forth.asm):01335         * In case of a trap return, we enter here with Y set to #IODZHDL
D757 3410             (        forth.asm):01336 (4+2)   ERRHD1  pshs    x
D759 8EEFC8           (        forth.asm):01337 (3)             ldx     #SANRST         Implied CR here (as in GNU Forth)
D75C BDD2EA           (        forth.asm):01338 (7)             jsr     PUTS
D75F 3510             (        forth.asm):01339 (4+2)           puls    x
D761 C102             (        forth.asm):01340 (2)             cmpb    #2              Undefined symbol?
D763 2618             (        forth.asm):01341 (3)             bne     @ermscn         No
D765 8627             (        forth.asm):01342 (2)             lda     #''             Begin quote
D767 BDD2D7           (        forth.asm):01343 (7)             jsr     PUTCH
D76A A680             (        forth.asm):01344 (4+1)   @psym   lda     ,x+             Display undefined symbol name
D76C BDD2D7           (        forth.asm):01345 (7)             jsr     PUTCH
D76F 0A41             (        forth.asm):01346 (5)             dec     CURTOKL
D771 26F7             (        forth.asm):01347 (3)             bne     @psym
D773 8627             (        forth.asm):01348 (2)             lda     #''             End quote
D775 BDD2D7           (        forth.asm):01349 (7)             jsr     PUTCH
D778 8620             (        forth.asm):01350 (2)             lda     #SP             BL EMIT
D77A BDD2D7           (        forth.asm):01351 (7)             jsr     PUTCH
D77D 8EEFFA           (        forth.asm):01352 (3)     @ermscn ldx     #ERRMTBL        Regular error handling. Scan for B error code
D780 5D               (        forth.asm):01353 (1)     @nxterr tstb
D781 2707             (        forth.asm):01354 (3)             beq     @perrm
D783 A680             (        forth.asm):01355 (4+1)           lda     ,x+             Scan for the next error message
D785 26FC             (        forth.asm):01356 (3)             bne     *-2
D787 5A               (        forth.asm):01357 (1)             decb
D788 20F6             (        forth.asm):01358 (3)             bra     @nxterr
D78A BDD2EA           (        forth.asm):01359 (7)     @perrm  jsr     PUTS            Print error message
D78D 8D98             (        forth.asm):01360 (6)             bsr     PRBLKIN         Print BLK and >IN values (in hex)
D78F 1F20             (        forth.asm):01361 (4)     @dmptos tfr     y,d             Dump top of the system stack contents
                      (        forth.asm):01362                 IFNE    SSDFEAT
D791 3406             (        forth.asm):01363 (4+2)           pshs    d
                      (        forth.asm):01364                 ENDC                    SSDFEAT
D793 108E04C2         (        forth.asm):01365 (4)             ldy     #HEXBUF
D797 BDD192           (        forth.asm):01366 (7)             jsr     HDMP4
D79A 8620             (        forth.asm):01367 (2)             lda     #SP
D79C A7A0             (        forth.asm):01368 (4+1)           sta     ,y+
                      (        forth.asm):01369         * Symbolic stack dumps are configurable. In situations where the dictionary is
                      (        forth.asm):01370         * trashed, they may not be considered desirable. See SSDFEAT in constants.asm.
                      (        forth.asm):01371                 IFNE    SSDFEAT
D79E 1F21             (        forth.asm):01372 (4)             tfr     y,x             X has the buffer pointer
D7A0 3520             (        forth.asm):01373 (4+2)           puls    y               Restore target symbol table entry
D7A2 BDD61E           (        forth.asm):01374 (7)             jsr     FINDSYM
                      (        forth.asm):01375                 ELSE
                      (        forth.asm):01376                 clr     ,y              No symbolic information is to be printed
                      (        forth.asm):01377                 ENDC                    SSDFEAT
D7A5 8E04C2           (        forth.asm):01378 (3)             ldx     #HEXBUF
D7A8 BDD2EA           (        forth.asm):01379 (7)             jsr     PUTS
D7AB BDD2F7           (        forth.asm):01380 (7)             jsr     PUTCR
D7AE 108CD000         (        forth.asm):01381 (4)             cmpy    #IODZHDL
D7B2 2702             (        forth.asm):01382 (3)             beq     @wastrp         We're just back from the trap handler
D7B4 3262             (        forth.asm):01383 (4+1)           leas    2,s             Point to the next item on the stack
D7B6 118C8000         (        forth.asm):01384 (4)     @wastrp cmps    #RAMSTRT+RAMSIZE
D7BA 2405             (        forth.asm):01385 (3)             bhs     @errdon         We're done here
D7BC 10AEE4           (        forth.asm):01386 (6+0)           ldy     ,s
D7BF 20CE             (        forth.asm):01387 (3)             bra     @dmptos
D7C1 10CE8000         (        forth.asm):01388 (4)     @errdon lds     #RAMSTRT+RAMSIZE
D7C5 0D25             (        forth.asm):01389 (4)             tst     USTATE+1        We do ignore the upper byte
D7C7 2710             (        forth.asm):01390 (3)             beq     @erdon2         No pointers to restore if we were interpreting
                      (        forth.asm):01391         * We were compiling: clear STATE; restore DICEND and LSTWAD, if not :NONAME.
D7C9 0F25             (        forth.asm):01392 (5)             clr     USTATE+1        Switch back to interpretation mode
D7CB 9E0C             (        forth.asm):01393 (4)             ldx     BDICEND         Restore essential pointers from backups
D7CD 9F08             (        forth.asm):01394 (4)             stx     DICEND          Restore HERE
D7CF 0D34             (        forth.asm):01395 (4)             tst     ANCMPF          Are we compiling anonymously?
D7D1 2604             (        forth.asm):01396 (3)             bne     @clrano         Branch if we were
D7D3 9E0A             (        forth.asm):01397 (4)             ldx     BLSTWAD
D7D5 9F06             (        forth.asm):01398 (4)             stx     LSTWAD          Restore LAST
D7D7 0F34             (        forth.asm):01399 (5)     @clrano clr     ANCMPF
D7D9 BDD34F           (        forth.asm):01400 (7)     @erdon2 jsr     RCLR            Clear the return stack and
D7DC BDD34B           (        forth.asm):01401 (7)             jsr     NCLR            the control flow stack (moved here from ABORT)
D7DF BDED14           (        forth.asm):01402                 RFXT    jsr,DECIMAL+10  Back to decimal BASE, for one's sanity sake!
D7E2 7ED0B2           (        forth.asm):01403 (3)             jmp     INTERP
                      (        forth.asm):01404         
                      (        forth.asm):01405         * Push X to the data stack (boundary is checked).
D7E5 11830240         (        forth.asm):01406 (4)     NPUSH   cmpu    #NSTTOP
D7E9 2303             (        forth.asm):01407 (3)             bls     @npush1         Anything <= than #NSTTOP indicates overflow
D7EB 3610             (        forth.asm):01408 (4+2)           pshu    x               Aka UCNPUSH
D7ED 39               (        forth.asm):01409 (4)             rts
D7EE 5F               (        forth.asm):01410 (1)     @npush1 clrb                    Data stack overflow
D7EF BDD754           (        forth.asm):01411 (7)             jsr     ERRHDLR         No return
     D7F2             (        forth.asm):01412         DPSHRA  equ     *
D7F2 12               (        forth.asm):01413 (1)             nop
                      (        forth.asm):01414         
                      (        forth.asm):01415         * Pull X from the data stack (boundary is checked).
                      (        forth.asm):01416         * D, W and Y are preserved.
D7F3 11830340         (        forth.asm):01417 (4)     NPOP    cmpu    #NSTBOT
D7F7 2406             (        forth.asm):01418 (3)             bhs     @npop1          Anything >= than #NSTBOT indicates underflow
D7F9 3710             (        forth.asm):01419 (4+2)           pulu    x
D7FB 1037C1           (        forth.asm):01420 (4)             cmpr    0,x             Update CC based on the outcome
D7FE 39               (        forth.asm):01421 (4)             rts
D7FF C601             (        forth.asm):01422 (2)     @npop1  ldb     #1              Data stack underflow
D801 BDD754           (        forth.asm):01423 (7)             jsr     ERRHDLR         No return
     D804             (        forth.asm):01424         DPOPRA  equ     *
D804 12               (        forth.asm):01425 (1)             nop
                      (        forth.asm):01426         
                      (        forth.asm):01427         * Eval RDEPTH (return stack depth cell count) based on the value of RSP.
                      (        forth.asm):01428         * Return computed value in A. CC will be set depending on the result of ASRD.
                      (        forth.asm):01429         * Preserve B and all other registers.
                      (        forth.asm):01430         *
D805 3406             (        forth.asm):01431 (4+2)   EVRDPTH pshs    d               Make debugging a little bit easier
D807 CC043E           (        forth.asm):01432 (3)             ldd     #RSTBOT
D80A 9300             (        forth.asm):01433 (4)             subd    RSP
                      (        forth.asm):01434         * TODO: panic on a negative outcome. This is unlikely but possible
                      (        forth.asm):01435         * since RSP can be altered directly by user level code.
D80C 1047             (        forth.asm):01436 (2)             asrd                    Byte count to cell count
                      (        forth.asm):01437         * TODO: panic if D U> #RSTKSZ/2.
D80E 1FA8             (        forth.asm):01438 (4)             tfr     cc,a
D810 E7E4             (        forth.asm):01439 (4+0)           stb     ,s              A's value upon return. This affects CC
D812 1F8A             (        forth.asm):01440 (4)             tfr     a,cc
D814 3506             (        forth.asm):01441 (4+2)           puls    d               this does not
D816 39               (        forth.asm):01442 (4)             rts
                      (        forth.asm):01443         
                      (        forth.asm):01444         * Push X to the return stack (boundary is checked).
D817 8DEC             (        forth.asm):01445 (6)     RPUSH   bsr     EVRDPTH         RDEPTH in cells to A
D819 817F             (        forth.asm):01446 (2)             cmpa    #RSTKSZ/2       But RSTKZ is expressed in bytes
D81B 270D             (        forth.asm):01447 (3)             beq     @rpush1
D81D 1F27             (        forth.asm):01448 (4)             tfr     y,v
D81F 109E00           (        forth.asm):01449 (5)             ldy     RSP
D822 AFA3             (        forth.asm):01450 (5+2)           stx     ,--y
D824 109F00           (        forth.asm):01451 (5)             sty     RSP
D827 1F72             (        forth.asm):01452 (4)             tfr     v,y
D829 39               (        forth.asm):01453 (4)             rts
D82A C607             (        forth.asm):01454 (2)     @rpush1 ldb     #7              Return stack overflow
D82C BDD754           (        forth.asm):01455 (7)             jsr     ERRHDLR         No return
     D82F             (        forth.asm):01456         RPSHRA  equ     *
D82F 12               (        forth.asm):01457 (1)             nop                     Meant to insulate RPUSH errors from RPOP EP
                      (        forth.asm):01458         
                      (        forth.asm):01459         * Pull X from the return stack (boundary is checked).
D830 8DD3             (        forth.asm):01460 (6)     RPOP    bsr     EVRDPTH         RDEPTH in cells to A
D832 270D             (        forth.asm):01461 (3)             beq     @rpop1
D834 1F27             (        forth.asm):01462 (4)             tfr     y,v
D836 109E00           (        forth.asm):01463 (5)             ldy     RSP
D839 AEA1             (        forth.asm):01464 (5+2)           ldx     ,y++
D83B 109F00           (        forth.asm):01465 (5)             sty     RSP
D83E 1F72             (        forth.asm):01466 (4)             tfr     v,y
D840 39               (        forth.asm):01467 (4)             rts
D841 C608             (        forth.asm):01468 (2)     @rpop1  ldb     #8              Return stack underflow
D843 BDD754           (        forth.asm):01469 (7)             jsr     ERRHDLR         No return
     D846             (        forth.asm):01470         RPOPRA  equ     *
                      (        forth.asm):01471         
D846 0D35             (        forth.asm):01472 (4)     BALCHK  tst     BALNCD
D848 2601             (        forth.asm):01473 (3)             bne     BALERR
D84A 39               (        forth.asm):01474 (4)             rts
D84B C609             (        forth.asm):01475 (2)     BALERR  ldb     #9              Illegal construct
D84D BDD754           (        forth.asm):01476 (7)             jsr     ERRHDLR         No return
                      (        forth.asm):01477         
D850 3410             (        forth.asm):01478 (4+2)   SAVINP  pshs    x
D852 1FC1             (        forth.asm):01479 (4)             tfr     0,x
D854 0D49             (        forth.asm):01480 (4)             tst     SRCID
D856 2702             (        forth.asm):01481 (3)             beq     @pushb
D858 9E20             (        forth.asm):01482 (4)             ldx     BSBFADR
D85A 8DBB             (        forth.asm):01483 (6)     @pushb  bsr     RPUSH           Push 0 if SRCID is zero else BSBFADR
D85C 9E2C             (        forth.asm):01484 (4)             ldx     UBLK
D85E 8DB7             (        forth.asm):01485 (6)             bsr     RPUSH           Push BLK on the return stack
D860 9E2A             (        forth.asm):01486 (4)             ldx     UTOIN
D862 8DB3             (        forth.asm):01487 (6)             bsr     RPUSH           Push >IN on the return stack
D864 9E26             (        forth.asm):01488 (4)             ldx     ISLEN
D866 8DAF             (        forth.asm):01489 (6)             bsr     RPUSH           Push ISLEN on the return stack
D868 3510             (        forth.asm):01490 (4+2)           puls    x
D86A 39               (        forth.asm):01491 (4)             rts
                      (        forth.asm):01492         
D86B 8DC3             (        forth.asm):01493 (6)     RSTINP  bsr     RPOP
D86D 9F26             (        forth.asm):01494 (4)             stx     ISLEN           Restore ISLEN from the return stack
D86F 8DBF             (        forth.asm):01495 (6)             bsr     RPOP
D871 9F2A             (        forth.asm):01496 (4)             stx     UTOIN           Restore >IN from the return stack
D873 8DBB             (        forth.asm):01497 (6)             bsr     RPOP
D875 9F2C             (        forth.asm):01498 (4)             stx     UBLK            Restore BLK from the return stack
D877 8DB7             (        forth.asm):01499 (6)             bsr     RPOP
D879 0F49             (        forth.asm):01500 (5)             clr     SRCID
D87B 1037C1           (        forth.asm):01501 (4)             cmpr    0,x
D87E 2704             (        forth.asm):01502 (3)             beq     @done
D880 9F20             (        forth.asm):01503 (4)             stx     BSBFADR
D882 0349             (        forth.asm):01504 (5)             com     SRCID           Set SRCID to an NZ value
D884 39               (        forth.asm):01505 (4)     @done   rts
                      (        forth.asm):01506         
                      (        forth.asm):01507         * Derive the current input stream pointer from BLK and >IN.
                      (        forth.asm):01508         * The resulting address is returned in X. D is altered.
                      (        forth.asm):01509         * The end of input stream address is re-computed.
                      (        forth.asm):01510         * Both Y and W are preserved.
D885 3420             (        forth.asm):01511 (4+2)   BKIN2PT pshs    y
D887 9E2C             (        forth.asm):01512 (4)             ldx     UBLK
D889 271E             (        forth.asm):01513 (3)             beq     @notblk         Back to the console or a counted string
D88B 1038             (        forth.asm):01514 (6)             pshsw
D88D BDD7E5           (        forth.asm):01515 (7)             jsr     NPUSH           Make sure BLK @ is loaded
D890 BDDC1C           (        forth.asm):01516                 RFXT    jsr,BLOCK+8     XT for BLOCK
D893 1039             (        forth.asm):01517 (6)             pulsw
D895 3710             (        forth.asm):01518                 UCNPOP                  Retrieve buffer addr to X
D897 9F20             (        forth.asm):01519 (4)     @rsolvd stx     BSBFADR         Update base buffer address
D899 1F12             (        forth.asm):01520 (4)             tfr     x,y
D89B DC26             (        forth.asm):01521 (4)             ldd     ISLEN
D89D 31AB             (        forth.asm):01522 (4+2)           leay    d,y
D89F 109F28           (        forth.asm):01523 (5)             sty     ISEADDR         Update the end of input stream address
D8A2 3520             (        forth.asm):01524 (4+2)           puls    y
D8A4 DC2A             (        forth.asm):01525 (4)             ldd     UTOIN
D8A6 308B             (        forth.asm):01526 (4+2)           leax    d,x             Add the current offset. Return the result via X
D8A8 39               (        forth.asm):01527 (4)             rts
D8A9 8E043E           (        forth.asm):01528 (3)     @notblk ldx     #CMDBUF         Assume we are returning to the console
D8AC 0D49             (        forth.asm):01529 (4)             tst     SRCID           Are we running under EVALUATE?
D8AE 27E7             (        forth.asm):01530 (3)             beq     @rsolvd         No
D8B0 9E20             (        forth.asm):01531 (4)             ldx     BSBFADR         We are returning to a counted string
D8B2 20E3             (        forth.asm):01532 (3)             bra     @rsolvd
                      (        forth.asm):01533         
                      (        forth.asm):01534                 include rtc.asm         Experimental MC146818 support
                      (          rtc.asm):00001                 IFNE RTCFEAT
                      (          rtc.asm):00002         
                      (          rtc.asm):00003         * FIRQ handler for the MC146818 RTC.
                      (          rtc.asm):00004         * In this particular context, only D and CC might be altered.
D8B4                  (          rtc.asm):00005         RTCIHDL tst     RTCAVL          RTC chip detected?
                      (          rtc.asm):00006                 beq     @notick         Nope
                      (          rtc.asm):00007                 lda     #RTOREGC        Read RTCC. INTACK if any interrupt is pending.
                      (          rtc.asm):00008         * Two intructions inlined for RTREGRD in non-preemtible (interrupt) mode.
                      (          rtc.asm):00009                 sta     RTAS
                      (          rtc.asm):00010                 ldb     RTDS
                      (          rtc.asm):00011                 andb    #RTCPF          RTC periodic interrupt pending?
                      (          rtc.asm):00012                 beq     @notick         No, this ain't us ticking
                      (          rtc.asm):00013         * From "The 6309 Book" p. 3-69: "Note that INC does not effect the carry bit."
D8B4                  (          rtc.asm):00014         @inctks ldd     TIKSLOW
                      (          rtc.asm):00015                 addd    #1
                      (          rtc.asm):00016                 std     TIKSLOW
                      (          rtc.asm):00017                 ldd     TIKSHI
                      (          rtc.asm):00018                 adcd    #0
                      (          rtc.asm):00019                 std     TIKSHI
D8B4                  (          rtc.asm):00020         @notick rts
                      (          rtc.asm):00021         
                      (          rtc.asm):00022         * Read one byte from an internal's RTC register whose offset is in A upon
                      (          rtc.asm):00023         * routine entry. The register contents is returned in B.
                      (          rtc.asm):00024         * No other register is altered. FIRQ is temporarily disabled.
                      (          rtc.asm):00025         * Can be called from base or interrupt level.
D8B4                  (          rtc.asm):00026         RTREGRD pshs    cc
                      (          rtc.asm):00027                 orcc    #FFLAG          Mask FIRQ
                      (          rtc.asm):00028                 sta     RTAS            Select target RTC register
                      (          rtc.asm):00029                 ldb     RTDS            Read RTC register contents
                      (          rtc.asm):00030                 puls    cc              Restore previous interrupt handling mode
                      (          rtc.asm):00031                 rts
                      (          rtc.asm):00032         
                      (          rtc.asm):00033         * Write one byte to an internal's RTC register whose offset is in A upon
                      (          rtc.asm):00034         * routine entry. The register byte output value is in B upon entry.
                      (          rtc.asm):00035         * FIRQ is temporarily masked. All regs contents are preserved.
                      (          rtc.asm):00036         * Can be called from base or interrupt level.
D8B4                  (          rtc.asm):00037         RTREGWR pshs    cc
                      (          rtc.asm):00038                 orcc    #FFLAG          Mask FIRQ
                      (          rtc.asm):00039                 sta     RTAS            Select target RTC register
                      (          rtc.asm):00040                 stb     RTDS            Write RTC register contents
                      (          rtc.asm):00041                 puls    cc              Restore previous interrupt handling mode
                      (          rtc.asm):00042                 rts
                      (          rtc.asm):00043         
                      (          rtc.asm):00044         * Detect if an MC146818 chip is present.
D8B4                  (          rtc.asm):00045         RTCINIT
                      (          rtc.asm):00046                 IFNE    DEBUG
                      (          rtc.asm):00047                 clrd
                      (          rtc.asm):00048                 std     TIKSHI          Initialize the TICKS double cell
                      (          rtc.asm):00049                 std     TIKSLOW
                      (          rtc.asm):00050                 clr     RTCAVL          Assume chip not present
                      (          rtc.asm):00051                 ENDC
                      (          rtc.asm):00052                 lda     #RTOPRES        Offset to the last NVRAM byte if dev is present
                      (          rtc.asm):00053                 bsr     RTREGRD         Read user memory byte. Value is returned in B   
                      (          rtc.asm):00054                 comb                    One's complement to B
                      (          rtc.asm):00055                 pshs    b
                      (          rtc.asm):00056                 bsr     RTREGWR         Write back one's complement to RTC
                      (          rtc.asm):00057                 bsr     RTREGRD         And read the last NVRAM byte back
                      (          rtc.asm):00058                 puls    a
                      (          rtc.asm):00059                 cmpr    b,a             Match?
                      (          rtc.asm):00060                 beq     @rtdtct         RTC chip detected all right!
                      (          rtc.asm):00061                 rts
                      (          rtc.asm):00062         * MC146818 RTC chip detected.
                      (          rtc.asm):00063         * On power up if register RTCA reads as 0, the SET bit in register RTCB will
                      (          rtc.asm):00064         * prevent any updates to the calendar (date/time). We do preserve the state of
                      (          rtc.asm):00065         * the SET bit, so as to indicate to the application software that the time and
                      (          rtc.asm):00066         * date have yet to be set manually.
D8B4                  (          rtc.asm):00067         @rtdtct lda     #RTOREGA
                      (          rtc.asm):00068                 ldb     #(RTADV32|RTARS64)
                      (          rtc.asm):00069                 bsr     RTREGWR         Write B to the RTCA register
                      (          rtc.asm):00070                 lda     #RTOREGB
                      (          rtc.asm):00071                 bsr     RTREGRD
                      (          rtc.asm):00072                 andb    #RTBSET         Extract the SET bit
                      (          rtc.asm):00073                 orb     #(RTBPIE|RTBDM|RTB24)
                      (          rtc.asm):00074                 bsr     RTREGWR         Write B to the RTCB register
                      (          rtc.asm):00075                 inc     RTCAVL
                      (          rtc.asm):00076                 ldx     #RTPRESM        Real time clock detected message base address
                      (          rtc.asm):00077                 jmp     PUTS            Out to the console
                      (          rtc.asm):00078         
                      (          rtc.asm):00079                 ENDC                    RTCFEAT
                      (          rtc.asm):00080         
                      (        forth.asm):01535             IFNE WTCFEAT        
                      (        forth.asm):01536                 include watch.asm       Experimental RTC-72421 support
                      (        watch.asm):00001                 IFNE WTCFEAT
                      (        watch.asm):00002         
D8B4                  (        watch.asm):00003         rom_time
D8B4 20               (        watch.asm):00004         rot_c    fcb     $20     0 century
D8B5 25               (        watch.asm):00005         rot_y    fcb     $25     1 year
D8B6 03               (        watch.asm):00006         rot_o    fcb     $03     2 month
D8B7 15               (        watch.asm):00007         rot_d    fcb     $15     3 date
D8B8 17               (        watch.asm):00008         rot_h    fcb     $17     4 hour
D8B9 20               (        watch.asm):00009         rot_m    fcb     $20     5 minute
D8BA 00               (        watch.asm):00010         rot_s    fcb     0       6 second
D8BB 00               (        watch.asm):00011         rot_cs   fcb     0       7
                      (        watch.asm):00012         
                      (        watch.asm):00013         
                      (        watch.asm):00014         * Read one byte from an internal's RTC register whose offset is in A upon
                      (        watch.asm):00015         * routine entry. The register contents is returned in B.
                      (        watch.asm):00016         * No other register is altered. FIRQ is temporarily disabled.
                      (        watch.asm):00017         * Can be called from base or interrupt level.
D8BC                  (        watch.asm):00018         WTREGRD 
                      (        watch.asm):00019         
                      (        watch.asm):00020         ;;;
                      (        watch.asm):00021         ;;; Get ISO 8601 time stamp from RTC and store at X
                      (        watch.asm):00022         ;;;
D8BC                  (        watch.asm):00023         rtc_get_time
D8BC 3416             (        watch.asm):00024 (4+4)       pshs    x,a,b
D8BE 8E014C           (        watch.asm):00025 (3)         ldx #ram_time
D8C1                  (        watch.asm):00026         rtc_get_time_loop
                      (        watch.asm):00027         ;;; Loop until two identical time stamps have been read
D8C1 8D1E             (        watch.asm):00028 (6)             bsr     rtc_get_time_sample
D8C3 5D               (        watch.asm):00029 (1)             tstb
D8C4 26FB             (        watch.asm):00030 (3)             bne     rtc_get_time_loop
D8C6 4F               (        watch.asm):00031 (1)             clra
D8C7 E601             (        watch.asm):00032 (4+1)           ldb     1,x
D8C9 3606             (        watch.asm):00033 (4+2)           pshu    d
D8CB E602             (        watch.asm):00034 (4+1)           ldb     2,x
D8CD 3606             (        watch.asm):00035 (4+2)           pshu    d
D8CF E603             (        watch.asm):00036 (4+1)           ldb     3,x
D8D1 3606             (        watch.asm):00037 (4+2)           pshu    d
D8D3 E604             (        watch.asm):00038 (4+1)           ldb     4,x
D8D5 3606             (        watch.asm):00039 (4+2)           pshu    d
D8D7 E605             (        watch.asm):00040 (4+1)           ldb     5,x
D8D9 3606             (        watch.asm):00041 (4+2)           pshu    d
D8DB E606             (        watch.asm):00042 (4+1)           ldb     6,x
D8DD 3606             (        watch.asm):00043 (4+2)           pshu    d
D8DF 3596             (        watch.asm):00044 (4+6)       puls    x,a,b,pc
                      (        watch.asm):00045         
D8E1                  (        watch.asm):00046         rtc_get_time_sample
D8E1 5F               (        watch.asm):00047 (1)             clrb            ; Cant single step clrb
                      (        watch.asm):00048         ;        ldb     #0
                      (        watch.asm):00049         ;;; Read SECONDS
D8E2 3410             (        watch.asm):00050 (4+2)           pshs    x
D8E4 8EC040           (        watch.asm):00051 (3)             ldx     #rtc_reg_s1
D8E7 8D62             (        watch.asm):00052 (6)             bsr     rtc_read_8bit
D8E9 3510             (        watch.asm):00053 (4+2)           puls    x
D8EB A106             (        watch.asm):00054 (4+1)           cmpa    6,x
D8ED 2701             (        watch.asm):00055 (3)             beq     *+3
D8EF 5C               (        watch.asm):00056 (1)             incb
D8F0 A706             (        watch.asm):00057 (4+1)           sta     6,x
                      (        watch.asm):00058         ;       pshu    d
                      (        watch.asm):00059         ;;; Read MINUTES
D8F2 3410             (        watch.asm):00060 (4+2)           pshs    x
D8F4 8EC042           (        watch.asm):00061 (3)             ldx     #rtc_reg_mi1
D8F7 8D52             (        watch.asm):00062 (6)             bsr     rtc_read_8bit
D8F9 3510             (        watch.asm):00063 (4+2)           puls    x
D8FB 847F             (        watch.asm):00064 (2)             anda    #$7f
D8FD A105             (        watch.asm):00065 (4+1)           cmpa    5,x
D8FF 2701             (        watch.asm):00066 (3)             beq     *+3
D901 5C               (        watch.asm):00067 (1)             incb
D902 A705             (        watch.asm):00068 (4+1)           sta     5,x
                      (        watch.asm):00069         ;        pshu    d
                      (        watch.asm):00070         ;;; Read HOURS
D904 3410             (        watch.asm):00071 (4+2)           pshs    x
D906 8EC044           (        watch.asm):00072 (3)             ldx     #rtc_reg_h1
D909 8D40             (        watch.asm):00073 (6)             bsr     rtc_read_8bit
D90B 3510             (        watch.asm):00074 (4+2)           puls    x
D90D 843F             (        watch.asm):00075 (2)             anda    #$3f
D90F A104             (        watch.asm):00076 (4+1)           cmpa    4,x
D911 2701             (        watch.asm):00077 (3)             beq     *+3
D913 5C               (        watch.asm):00078 (1)             incb
D914 A704             (        watch.asm):00079 (4+1)           sta     4,x
                      (        watch.asm):00080         ;        pshu    d
                      (        watch.asm):00081         ;;; Read DAY
D916 3410             (        watch.asm):00082 (4+2)           pshs    x
D918 8EC046           (        watch.asm):00083 (3)             ldx     #rtc_reg_d1
D91B 8D2E             (        watch.asm):00084 (6)             bsr     rtc_read_8bit
D91D 3510             (        watch.asm):00085 (4+2)           puls    x
D91F 843F             (        watch.asm):00086 (2)             anda    #$3f
D921 A103             (        watch.asm):00087 (4+1)           cmpa    3,x
D923 2701             (        watch.asm):00088 (3)             beq     *+3
D925 5C               (        watch.asm):00089 (1)             incb
D926 A703             (        watch.asm):00090 (4+1)           sta     3,x
                      (        watch.asm):00091         ;        pshu    d
                      (        watch.asm):00092         ;;; Read MONTH
D928 3410             (        watch.asm):00093 (4+2)           pshs    x
D92A 8EC048           (        watch.asm):00094 (3)             ldx     #rtc_reg_mo1
D92D 8D1C             (        watch.asm):00095 (6)             bsr     rtc_read_8bit
D92F 3510             (        watch.asm):00096 (4+2)           puls    x
D931 841F             (        watch.asm):00097 (2)             anda    #$1f
D933 A102             (        watch.asm):00098 (4+1)           cmpa    2,x
D935 2701             (        watch.asm):00099 (3)             beq     *+3
D937 5C               (        watch.asm):00100 (1)             incb
D938 A702             (        watch.asm):00101 (4+1)           sta     2,x
                      (        watch.asm):00102         ;        pshu    d
                      (        watch.asm):00103         ;;; Read YEAR
D93A 3410             (        watch.asm):00104 (4+2)           pshs    x
D93C 8EC04A           (        watch.asm):00105 (3)             ldx     #rtc_reg_y1
D93F 8D0A             (        watch.asm):00106 (6)             bsr     rtc_read_8bit
D941 3510             (        watch.asm):00107 (4+2)           puls    x
D943 A101             (        watch.asm):00108 (4+1)           cmpa    1,x
D945 2701             (        watch.asm):00109 (3)             beq     *+3
D947 5C               (        watch.asm):00110 (1)             incb
D948 A701             (        watch.asm):00111 (4+1)           sta     1,x
                      (        watch.asm):00112         ;        pshu    d
                      (        watch.asm):00113         ;;; Read CENTURY
                      (        watch.asm):00114         ;       lda     ram_time+0
                      (        watch.asm):00115         ;       sta     0,x
D94A 39               (        watch.asm):00116 (4)             rts
                      (        watch.asm):00117                 
                      (        watch.asm):00118         ;;; Helper funtion to assemble two RTC nibs to one byte
D94B                  (        watch.asm):00119         rtc_read_8bit
D94B 3404             (        watch.asm):00120 (4+1)           pshs    b
D94D A601             (        watch.asm):00121 (4+1)           lda     1,x
D94F 48               (        watch.asm):00122 (1)             asla
D950 48               (        watch.asm):00123 (1)             asla
D951 48               (        watch.asm):00124 (1)             asla
D952 48               (        watch.asm):00125 (1)             asla
D953 E600             (        watch.asm):00126 (4+1)           ldb     0,x
D955 C40F             (        watch.asm):00127 (2)             andb    #$0f
D957 3404             (        watch.asm):00128 (4+1)       pshs    b       ; ABA
D959 ABE0             (        watch.asm):00129 (4+1)       adda    ,S+     ; ABA
D95B 3584             (        watch.asm):00130 (4+3)           puls    b,pc
                      (        watch.asm):00131         
                      (        watch.asm):00132         
                      (        watch.asm):00133         
                      (        watch.asm):00134         * Write one byte to an internal's RTC register whose offset is in A upon
                      (        watch.asm):00135         * routine entry. The register byte output value is in B upon entry.
                      (        watch.asm):00136         * FIRQ is temporarily masked. All regs contents are preserved.
                      (        watch.asm):00137         * Can be called from base or interrupt level.
D95D                  (        watch.asm):00138         WTREGWR 
                      (        watch.asm):00139         
                      (        watch.asm):00140         ;;;
                      (        watch.asm):00141         ;;; Set RTC to ISO 8601 time stamp stored at X
                      (        watch.asm):00142         ;;;
D95D                  (        watch.asm):00143         rtc_set_time
D95D 3416             (        watch.asm):00144 (4+4)       pshs    a,b,x
D95F 308DFF51         (        watch.asm):00145 (4+3)       leax    rom_time,pcr
                      (        watch.asm):00146         ;;; Stop RTC
D963 8607             (        watch.asm):00147 (2)             lda     #$07
D965 B7C04F           (        watch.asm):00148 (4)             sta     rtc_reg_cf
D968 8604             (        watch.asm):00149 (2)             lda     #$04            ; OUTPUT 1 SECOND PULSE ON STD.P
D96A B7C04E           (        watch.asm):00150 (4)             sta     rtc_reg_ce
D96D 4F               (        watch.asm):00151 (1)             clra                    ; CANT SINGLE STEP CLRA
                      (        watch.asm):00152         ;        lda     #0
D96E B7C04D           (        watch.asm):00153 (4)             sta     rtc_reg_cd
                      (        watch.asm):00154         ;;; Set CENTURY
                      (        watch.asm):00155         ;       lda     0,x
                      (        watch.asm):00156         ;       sta     ram_time+0
                      (        watch.asm):00157         ;;; Set YEAR
D971 A601             (        watch.asm):00158 (4+1)           lda     1,x
D973 3410             (        watch.asm):00159 (4+2)           pshs    x
D975 8EC04A           (        watch.asm):00160 (3)             ldx     #rtc_reg_y1
D978 8D40             (        watch.asm):00161 (6)             bsr     rtc_write_8bit
D97A 3510             (        watch.asm):00162 (4+2)           puls    x
                      (        watch.asm):00163         ;;; Set MONTH
D97C A602             (        watch.asm):00164 (4+1)           lda     2,x
D97E 3410             (        watch.asm):00165 (4+2)           pshs    x
D980 8EC048           (        watch.asm):00166 (3)             ldx     #rtc_reg_mo1
D983 8D35             (        watch.asm):00167 (6)             bsr     rtc_write_8bit
D985 3510             (        watch.asm):00168 (4+2)           puls    x
                      (        watch.asm):00169         ;;; Set DAY
D987 A603             (        watch.asm):00170 (4+1)           lda     3,x
D989 3410             (        watch.asm):00171 (4+2)           pshs    x
D98B 8EC046           (        watch.asm):00172 (3)             ldx     #rtc_reg_d1
D98E 8D2A             (        watch.asm):00173 (6)             bsr     rtc_write_8bit
D990 3510             (        watch.asm):00174 (4+2)           puls    x
                      (        watch.asm):00175         ;;; Set HOURS
D992 A604             (        watch.asm):00176 (4+1)           lda     4,x
D994 3410             (        watch.asm):00177 (4+2)           pshs    x
D996 8EC044           (        watch.asm):00178 (3)             ldx     #rtc_reg_h1
D999 8D1F             (        watch.asm):00179 (6)             bsr     rtc_write_8bit
D99B 3510             (        watch.asm):00180 (4+2)           puls    x
                      (        watch.asm):00181         ;;; Set MINUTES
D99D A605             (        watch.asm):00182 (4+1)           lda     5,x
D99F 3410             (        watch.asm):00183 (4+2)           pshs    x
D9A1 8EC042           (        watch.asm):00184 (3)             ldx     #rtc_reg_mi1
D9A4 8D14             (        watch.asm):00185 (6)             bsr     rtc_write_8bit
D9A6 3510             (        watch.asm):00186 (4+2)           puls    x
                      (        watch.asm):00187         ;;; Set SECONDS
D9A8 A606             (        watch.asm):00188 (4+1)           lda     6,x
D9AA 3410             (        watch.asm):00189 (4+2)           pshs    x
D9AC 8EC040           (        watch.asm):00190 (3)             ldx     #rtc_reg_s1
D9AF 8D09             (        watch.asm):00191 (6)             bsr     rtc_write_8bit
D9B1 3510             (        watch.asm):00192 (4+2)           puls    x
                      (        watch.asm):00193         ;;; Start RTC
D9B3 8604             (        watch.asm):00194 (2)             lda     #$04
D9B5 B7C04F           (        watch.asm):00195 (4)             sta     rtc_reg_cf
D9B8 3596             (        watch.asm):00196 (4+6)           puls    a,b,x,pc
                      (        watch.asm):00197                 
                      (        watch.asm):00198         ;;; Helper funtion to assemble two RTC nibs to one byte
D9BA                  (        watch.asm):00199         rtc_write_8bit
D9BA 3404             (        watch.asm):00200 (4+1)           pshs    b
D9BC 1F89             (        watch.asm):00201 (4)         tfr     a,b
D9BE 44               (        watch.asm):00202 (1)             lsra
D9BF 44               (        watch.asm):00203 (1)             lsra
D9C0 44               (        watch.asm):00204 (1)             lsra
D9C1 44               (        watch.asm):00205 (1)             lsra
D9C2 A701             (        watch.asm):00206 (4+1)           sta     1,x
D9C4 C40F             (        watch.asm):00207 (2)             andb    #$0f
D9C6 E700             (        watch.asm):00208 (4+1)           stb     0,x
D9C8 3584             (        watch.asm):00209 (4+3)           puls    b,pc
                      (        watch.asm):00210         
                      (        watch.asm):00211                 ENDC                    WTCFEAT
                      (        watch.asm):00212         
                      (        forth.asm):01537             ENDC WTCFEAT        
                      (        forth.asm):01538                 include storage.asm     CompactFlash support
                      (      storage.asm):00001         * Wait until the BSY bit is clear in the CF status register.
                      (      storage.asm):00002         * Upon return the BSY bit is guaranteed to be zero. Z will
                      (      storage.asm):00003         * be set in CC. This subroutine should not be called before
                      (      storage.asm):00004         * the CompactFlash presence has been assessed.
D9CA B6C0C7           (      storage.asm):00005 (4)     CFWAIT  lda     CFSTATR
D9CD 8580             (      storage.asm):00006 (2)             bita    #CFBSYB
D9CF 26F9             (      storage.asm):00007 (3)             bne     CFWAIT
D9D1 39               (      storage.asm):00008 (4)             rts
                      (      storage.asm):00009         
                      (      storage.asm):00010         * Wait until the BSY bit is clear and the RDY bit is set.
D9D2 8DF6             (      storage.asm):00011 (6)     CFRDY   bsr     CFWAIT
D9D4 2703             (      storage.asm):00012 (3)             beq     @cfrdy0         Card not busy, proceed
D9D6 1A04             (      storage.asm):00013 (2)             orcc    #ZFLAG
D9D8 39               (      storage.asm):00014 (4)             rts
D9D9 8E2000           (      storage.asm):00015 (3)     @cfrdy0 ldx     #$2000          Maximum poll count
D9DC 8640             (      storage.asm):00016 (2)             lda     #CFRDYB
D9DE B5C0C7           (      storage.asm):00017 (4)     @cfrdy1 bita    CFSTATR
D9E1 2604             (      storage.asm):00018 (3)             bne     @cfrdy2         BSY bit is set, continue
D9E3 301F             (      storage.asm):00019 (4+1)           leax    -1,x            Card not ready, decrement poll count
D9E5 26F7             (      storage.asm):00020 (3)             bne     @cfrdy1         and try again
D9E7 39               (      storage.asm):00021 (4)     @cfrdy2 rts                     Return with Z set: card not present
                      (      storage.asm):00022         *                               Return with Z clear: card is ready
                      (      storage.asm):00023         
                      (      storage.asm):00024         * Check for possible error condition.
                      (      storage.asm):00025         * Upon return either Z is set (A is zero) and no error occurred or
                      (      storage.asm):00026         * Z is clear and the CF error register contents is returned in A.
D9E8 8DE0             (      storage.asm):00027 (6)     CFERRCK bsr     CFWAIT
D9EA B6C0C7           (      storage.asm):00028 (4)             lda     CFSTATR
D9ED 8401             (      storage.asm):00029 (2)             anda    #CFERRB
D9EF 2703             (      storage.asm):00030 (3)             beq     @cfeck1
D9F1 B6C0C1           (      storage.asm):00031 (4)             lda     CFERROR         The error register contains error details
D9F4 39               (      storage.asm):00032 (4)     @cfeck1 rts
                      (      storage.asm):00033         
                      (      storage.asm):00034         * Issue CF command. The command code is passed through the B register.
                      (      storage.asm):00035         * Upon return:
                      (      storage.asm):00036         * - Z is set and everything is peachy.
                      (      storage.asm):00037         * - or Z is clear and the CF error register contents will be
                      (      storage.asm):00038         *   returned in A (and mirrored in the global CFERRCD variable).
                      (      storage.asm):00039         * B is preserved.
D9F5 8DDB             (      storage.asm):00040 (6)     CFCMDIS bsr     CFRDY
D9F7 270A             (      storage.asm):00041 (3)             beq     @cfciab         Card not ready, abort
D9F9 D747             (      storage.asm):00042 (3)             stb     CFCMMIR         Update CF command mirror
D9FB F7C0C7           (      storage.asm):00043 (4)             stb     CFCOMDR         Send command to the CF card
D9FE 8DE8             (      storage.asm):00044 (6)             bsr     CFERRCK
DA00 9748             (      storage.asm):00045 (3)     @cfcise sta     CFERRCD         CF command issue set error
                      (      storage.asm):00046                 IFNE    DEBUG
                      (      storage.asm):00047                 pshs    a,cc
                      (      storage.asm):00048                 beq     @cfciok
                      (      storage.asm):00049                 lda     #'!
                      (      storage.asm):00050                 jsr     PUTCH
DA02                  (      storage.asm):00051         @cfcidi lda     CFCMMIR
                      (      storage.asm):00052                 ldy     #TBUFF
                      (      storage.asm):00053                 jsr     HDMP2
                      (      storage.asm):00054                 lda     #'/
                      (      storage.asm):00055                 sta     ,y+
                      (      storage.asm):00056                 lda     CFERRCD
                      (      storage.asm):00057                 jsr     HDMP2
                      (      storage.asm):00058                 ldx     #TBUFF
                      (      storage.asm):00059                 jsr     PUTS
                      (      storage.asm):00060                 jsr     PUTCR
                      (      storage.asm):00061                 bra     @cfcict         CF command issue continued
DA02                  (      storage.asm):00062         @cfciok lda     #'#
                      (      storage.asm):00063                 jsr     PUTCH
                      (      storage.asm):00064                 bra     @cfcidi         CF command issue data indication
DA02                  (      storage.asm):00065         @cfcict puls    cc,a
                      (      storage.asm):00066                 ENDC
DA02 39               (      storage.asm):00067 (4)             rts
DA03 86FF             (      storage.asm):00068 (2)     @cfciab lda     #$FF            Dummy error code
DA05 20F9             (      storage.asm):00069 (3)             bra     @cfcise
                      (      storage.asm):00070         
                      (      storage.asm):00071         * Drive 0 select.
DA07 8DC9             (      storage.asm):00072 (6)     CFDRSEL bsr     CFRDY
DA09 86E0             (      storage.asm):00073 (2)             lda     #$E0            Drive 0, LBA mode
DA0B B7C0C6           (      storage.asm):00074 (4)             sta     CFDRHDR
DA0E 20C2             (      storage.asm):00075 (3)             bra     CFRDY
                      (      storage.asm):00076         
                      (      storage.asm):00077         * Analyze the response to the CF "Identify Device" request.
DA10 9E08             (      storage.asm):00078 (4)     CFANTHS ldx     DICEND
DA12 308836           (      storage.asm):00079 (4+1)           leax    $36,x           Point to the "Model number" field
DA15 3410             (      storage.asm):00080 (4+2)           pshs    x
DA17 118614           (      storage.asm):00081 (3)             lde     #$14            Number of 16 bit words to go through
DA1A EC84             (      storage.asm):00082 (5+0)   @bytswp ldd     ,x
DA1C 1E98             (      storage.asm):00083 (5)             exg     b,a             Byte swapping
DA1E ED81             (      storage.asm):00084 (5+2)           std     ,x++
DA20 114A             (      storage.asm):00085 (2)             dece
DA22 26F6             (      storage.asm):00086 (3)             bne     @bytswp
DA24 6F84             (      storage.asm):00087 (6+0)           clr     ,x
DA26 3510             (      storage.asm):00088 (4+2)           puls    x
DA28 BDD2EA           (      storage.asm):00089 (7)             jsr     PUTS            Decent CF cards indicate the capacity that way
DA2B 7ED2F7           (      storage.asm):00090 (3)             jmp     PUTCR           Up to $10000 blocks is 64 MB!
                      (      storage.asm):00091         
                      (      storage.asm):00092         * Initialize the CompactFlash subsystem.
                      (      storage.asm):00093         * This is run once at boot time. There is no hot plug support here.
DA2E 0F46             (      storage.asm):00094 (5)     CFINIT  clr     CFCARDP         Clear card present,
                      (      storage.asm):00095                 IFEQ    DEBUG
DA30 8DA0             (      storage.asm):00096 (6)             bsr     CFRDY
                      (      storage.asm):00097                 ELSE
                      (      storage.asm):00098                 jsr     CFRDY
                      (      storage.asm):00099                 ENDC
DA32 2730             (      storage.asm):00100 (3)             beq     CFINIAB         Card not ready, abort
DA34 8DD1             (      storage.asm):00101 (6)             bsr     CFDRSEL         Drive 0 select
                      (      storage.asm):00102         
DA36 8601             (      storage.asm):00103 (2)             lda     #1              Enable 8-bit data transfers
DA38 B7C0C1           (      storage.asm):00104 (4)             sta     CFFEATR
DA3B C6EF             (      storage.asm):00105 (2)             ldb     #CFSETFT        Issue a CF "Set Feature" command
                      (      storage.asm):00106                 IFEQ    DEBUG
DA3D 8DB6             (      storage.asm):00107 (6)             bsr     CFCMDIS         Not allowed to fail
                      (      storage.asm):00108                 ELSE
                      (      storage.asm):00109                 jsr     CFCMDIS         Not allowed to fail
                      (      storage.asm):00110                 ENDC
DA3F 2623             (      storage.asm):00111 (3)             bne     CFINIAB         Abort with card present flag clear
                      (      storage.asm):00112         
DA41 860A             (      storage.asm):00113 (2)             lda     #%1010          Request PIO mode 2. Does not require IORDY
DA43 B7C0C2           (      storage.asm):00114 (4)             sta     CFSCNTR
DA46 8603             (      storage.asm):00115 (2)             lda     #3              ATA-2 "Set Transfer mode"
DA48 B7C0C1           (      storage.asm):00116 (4)             sta     CFFEATR
                      (      storage.asm):00117                 IFEQ    DEBUG
DA4B 8DA8             (      storage.asm):00118 (6)             bsr     CFCMDIS         OK to fail
                      (      storage.asm):00119                 ELSE
                      (      storage.asm):00120                 jsr     CFCMDIS         OK to fail
                      (      storage.asm):00121                 ENDC
                      (      storage.asm):00122         
DA4D 8682             (      storage.asm):00123 (2)             lda     #$82            Disable write caching
DA4F B7C0C1           (      storage.asm):00124 (4)             sta     CFFEATR
                      (      storage.asm):00125                 IFEQ    DEBUG
DA52 8DA1             (      storage.asm):00126 (6)             bsr     CFCMDIS         B still has #CFSETFT. Also OK to fail
                      (      storage.asm):00127                 ELSE
                      (      storage.asm):00128                 jsr     CFCMDIS         B still has #CFSETFT. Also OK to fail
                      (      storage.asm):00129                 ENDC
                      (      storage.asm):00130         
DA54 C6EC             (      storage.asm):00131 (2)             ldb     #CFIDDEV        Issue a CF "Identify Device" command
                      (      storage.asm):00132                 IFEQ    DEBUG
DA56 8D9D             (      storage.asm):00133 (6)             bsr     CFCMDIS         Not allowed to fail
                      (      storage.asm):00134                 ELSE
                      (      storage.asm):00135                 jsr     CFCMDIS         Not allowed to fail
                      (      storage.asm):00136                 ENDC
DA58 260A             (      storage.asm):00137 (3)             bne     CFINIAB         Abort with card present flag clear
                      (      storage.asm):00138         
DA5A 9E08             (      storage.asm):00139 (4)             ldx     DICEND          Target address is HERE
DA5C 8D07             (      storage.asm):00140 (6)             bsr     CF1SRD          Read one sector
DA5E 8DB0             (      storage.asm):00141 (6)             bsr     CFANTHS         Analyze this!
DA60 8601             (      storage.asm):00142 (2)             lda     #1
DA62 9746             (      storage.asm):00143 (3)             sta     CFCARDP         Set the card present flag
DA64 39               (      storage.asm):00144 (4)     CFINIAB rts
                      (      storage.asm):00145         
                      (      storage.asm):00146         * Read one sector. The LBA parameters are assumed to have been set previously.
                      (      storage.asm):00147         * On input X points to the receiving (at least 512 bytes long) buffer.
DA65 B6C0C7           (      storage.asm):00148 (4)     CF1SRD  lda     CFSTATR
DA68 8508             (      storage.asm):00149 (2)             bita    #CFDRQB         Check for DRQ bit in the CF status register
DA6A 2712             (      storage.asm):00150 (3)             beq     IOERR
DA6C 10860200         (      storage.asm):00151 (4)             ldw     #CFSCSZ         Sector size is 512 bytes
DA70 108EC0C0         (      storage.asm):00152 (4)             ldy     #CFDATAR        The data source address
DA74 3401             (      storage.asm):00153 (4+1)           pshs    cc
DA76 1A50             (      storage.asm):00154 (2)             orcc    #(FFLAG|IFLAG)  Disable maskable interrupts
DA78 113B21           (      storage.asm):00155 (6+?)           tfm     y,x+
DA7B 3501             (      storage.asm):00156 (4+1)           puls    cc              Restore previous interrupt handling mode
DA7D 39               (      storage.asm):00157 (4)             rts
DA7E C611             (      storage.asm):00158 (2)     IOERR   ldb     #17
DA80 BDD754           (      storage.asm):00159 (7)             jsr     ERRHDLR         No return
DA83 12               (      storage.asm):00160 (1)     CFR1SRA nop                     For symbolic stack dump debugging purposes
                      (      storage.asm):00161         
                      (      storage.asm):00162         * Write one sector. The LBA parameters are assumed to have been set previously.
                      (      storage.asm):00163         * On input X points to the sending (at least 512 bytes long) buffer.
DA84 B6C0C7           (      storage.asm):00164 (4)     CF1SWR  lda     CFSTATR
DA87 8488             (      storage.asm):00165 (2)             anda    #CFBSYB|CFDRQB
DA89 8108             (      storage.asm):00166 (2)             cmpa    #CFDRQB         Check for BSY clear and DRQ set
DA8B 26F7             (      storage.asm):00167 (3)             bne     CF1SWR
DA8D 10860200         (      storage.asm):00168 (4)             ldw     #CFSCSZ         Sector size is 512 bytes
DA91 108EC0C0         (      storage.asm):00169 (4)             ldy     #CFDATAR        The data destination address
DA95 113A12           (      storage.asm):00170 (6+?)           tfm     x+,y            Note: tfm is interruptible!
DA98 39               (      storage.asm):00171 (4)             rts
                      (      storage.asm):00172         
                      (      storage.asm):00173         * 1KB Forth block support primitives. Not dictionary code. More like BIOS ops.
                      (      storage.asm):00174         
                      (      storage.asm):00175         * One block IO preamble: select drive and LBA parameters. On input:
                      (      storage.asm):00176         * ,s has the return address
                      (      storage.asm):00177         * 2,s had the return address for the caller
                      (      storage.asm):00178         * 4,s has the target block number
DA99 BDD9CA           (      storage.asm):00179 (7)     CF1BPRE jsr     CFWAIT
DA9C BDDA07           (      storage.asm):00180 (7)             jsr     CFDRSEL         Set drive and head parameters
DA9F EC64             (      storage.asm):00181 (5+1)           ldd     4,s
DAA1 1048             (      storage.asm):00182 (2)             lsld                    Convert block number to sector number
DAA3 F7C0C3           (      storage.asm):00183 (4)             stb     CFSNUMR         LBA 7-0
DAA6 B7C0C4           (      storage.asm):00184 (4)             sta     CFCLOWR         LBA 15-8
DAA9 1FA8             (      storage.asm):00185 (4)             tfr     cc,a
DAAB 8401             (      storage.asm):00186 (2)             anda    #CFLAG
DAAD B7C0C5           (      storage.asm):00187 (4)             sta     CFCHIGR         LBA 23-16 (carry to cylinder high)
DAB0 8602             (      storage.asm):00188 (2)             lda     #2              2 IDE sectors per Forth block
DAB2 B7C0C2           (      storage.asm):00189 (4)             sta     CFSCNTR
DAB5 39               (      storage.asm):00190 (4)             rts
                      (      storage.asm):00191         
                      (      storage.asm):00192         * Read one block from CF device. On input:
                      (      storage.asm):00193         * ,s has the return address
                      (      storage.asm):00194         * 2,s has the target block number
                      (      storage.asm):00195         * 4,s has the buffer base address
                      (      storage.asm):00196         * Upon return, Y will be preserved.
DAB6 0D46             (      storage.asm):00197 (4)     CF1BKRD tst     CFCARDP
DAB8 2602             (      storage.asm):00198 (3)             bne     @ctnued
DABA 20C2             (      storage.asm):00199 (3)             bra     IOERR           Card not present--CF subsystem not initialized
DABC 1F27             (      storage.asm):00200 (4)     @ctnued tfr     y,v
DABE 8DD9             (      storage.asm):00201 (6)             bsr     CF1BPRE
DAC0 C620             (      storage.asm):00202 (2)             ldb     #CFRSCTS        Issue a "Read sectors" CF command
DAC2 BDD9F5           (      storage.asm):00203 (7)             jsr     CFCMDIS
DAC5 AE64             (      storage.asm):00204 (5+1)           ldx     4,s             Target buffer address to X
DAC7 8D9C             (      storage.asm):00205 (6)             bsr     CF1SRD          Read the even sector from CF device
DAC9 BDD9CA           (      storage.asm):00206 (7)             jsr     CFWAIT          Wait for next sector to become available
DACC 8D97             (      storage.asm):00207 (6)             bsr     CF1SRD          and read the odd sector
DACE 1F72             (      storage.asm):00208 (4)             tfr     v,y
DAD0 39               (      storage.asm):00209 (4)             rts
                      (      storage.asm):00210         
                      (      storage.asm):00211         * Write one block to CF device. Upon entry:
                      (      storage.asm):00212         * ,s has the return address
                      (      storage.asm):00213         * 2,s has the target block number
                      (      storage.asm):00214         * 4,s has the buffer base address
                      (      storage.asm):00215         * Upon return, Y will be preserved.
DAD1 0D46             (      storage.asm):00216 (4)     CF1BKWR tst     CFCARDP
DAD3 2602             (      storage.asm):00217 (3)             bne     @ctnued
DAD5 20A7             (      storage.asm):00218 (3)             bra     IOERR           Card not present--CF subsystem not initialized
DAD7 1F27             (      storage.asm):00219 (4)     @ctnued tfr     y,v
DAD9 8DBE             (      storage.asm):00220 (6)             bsr     CF1BPRE
DADB C630             (      storage.asm):00221 (2)             ldb     #CFWSCTS        Issue a "Write sectors" CF command
DADD BDD9F5           (      storage.asm):00222 (7)             jsr     CFCMDIS
DAE0 AE64             (      storage.asm):00223 (5+1)           ldx     4,s             Source buffer address to X
DAE2 8DA0             (      storage.asm):00224 (6)             bsr     CF1SWR          Write the even sector to CF device
DAE4 BDD9CA           (      storage.asm):00225 (7)             jsr     CFWAIT          Wait for next sector to become available
DAE7 8D9B             (      storage.asm):00226 (6)             bsr     CF1SWR          and write the odd sector
DAE9 1F72             (      storage.asm):00227 (4)             tfr     v,y
DAEB 39               (      storage.asm):00228 (4)             rts
                      (      storage.asm):00229         
                      (        forth.asm):01539         
                      (        forth.asm):01540         * Check for minimal data stack depth. On input D has the lowest possible stack
                      (        forth.asm):01541         * address that satisfies the needs of the caller.
DAEC 103703           (        forth.asm):01542 (4)     CHKNDPT cmpr    d,u
DAEF 2201             (        forth.asm):01543 (3)             bhi     @stkudf
DAF1 39               (        forth.asm):01544 (4)             rts
DAF2 C601             (        forth.asm):01545 (2)     @stkudf ldb     #1              Data stack underflow
DAF4 BDD754           (        forth.asm):01546 (7)             jsr     ERRHDLR         No return
     DAF7             (        forth.asm):01547         CKDPTRA equ     *
                      (        forth.asm):01548         
                      (        forth.asm):01549         * Parameter stack depth checking primitives.
DAF7 CC033E20F0       (        forth.asm):01550         MIN1PST MINDREQ 1
                      (        forth.asm):01551         
DAFC CC033C20EB       (        forth.asm):01552         MIN2PST MINDREQ 2
                      (        forth.asm):01553         
DB01 CC033A20E6       (        forth.asm):01554         MIN3PST MINDREQ 3
                      (        forth.asm):01555         
DB06 CC033820E1       (        forth.asm):01556         MIN4PST MINDREQ 4
                      (        forth.asm):01557         
                      (        forth.asm):01558         ******************************************************************************
                      (        forth.asm):01559         * Dictionary begins. Please note that @ has to be the first (in linked list
                      (        forth.asm):01560         * order) word and EMPTY-BUFFERS has to be the last one. In the code below ANSI
                      (        forth.asm):01561         * refers to ANSI-X3.215-1994 Draft 6 proposal (i.e. the free spec).
                      (        forth.asm):01562         
DB0B 0D               (        forth.asm):01563         EBUFS   fcb     13              ANSI (Block ext)
DB0C 454D5054592D4255 (        forth.asm):01564                 fcc     'EMPTY-BUFFERS' ( -- )
     4646455253
DB19 0000             (        forth.asm):01565                 fdb     0               Last dictionary entry
                      (        forth.asm):01566                 RFCS
DB1B 104F             (        forth.asm):01567 (2)     EMPTYB  clrd                    The following cannot fail so it's OK to clear
DB1D DD1E             (        forth.asm):01568 (4)             std     MRUBUFA         the most recently used buffer address now
DB1F 8E0560           (        forth.asm):01569 (3)             ldx     #BUF0
DB22 8D03             (        forth.asm):01570 (6)             bsr     @empt1b
DB24 8E0970           (        forth.asm):01571 (3)             ldx     #BUF1
                      (        forth.asm):01572         * Empty the buffer pointed to by X. D is zero upon entering this routine.
DB27 30890400         (        forth.asm):01573 (4+3)   @empt1b leax    BOTERM,x        Buffer offset to the terminator field
DB2B ED84             (        forth.asm):01574 (5+0)           std     ,x              Clear terminator and flags fields
DB2D 39               (        forth.asm):01575 (4)             rts
                      (        forth.asm):01576         
DB2E 03               (        forth.asm):01577         MCCABE  fcb     3               Non-standard
DB2F 4D4343           (        forth.asm):01578                 fcc     'MCC'           ( -- mcc ) Returns the cyclomatic complexity
DB32 DB0B             (        forth.asm):01579                 fdb     EBUFS           of the latest compiled word
                      (        forth.asm):01580                 RFCS
DB34 4F               (        forth.asm):01581 (1)             clra
DB35 D64A             (        forth.asm):01582 (3)             ldb     CYCLO
DB37 1F01             (        forth.asm):01583 (4)             tfr     d,x
DB39 3001             (        forth.asm):01584 (4+1)           leax    1,x             1 + number of BNE opcodes generated
DB3B 7ED7E5           (        forth.asm):01585 (3)             jmp     NPUSH
                      (        forth.asm):01586         
DB3E 07               (        forth.asm):01587         ALIGND  fcb     7               ANSI Core
DB3F 414C49474E4544   (        forth.asm):01588                 fcc     'ALIGNED'       ( addr -- a-addr )
DB46 DB2E             (        forth.asm):01589                 fdb     MCCABE
                      (        forth.asm):01590                 RFCS
DB48 20AD             (        forth.asm):01591 (3)             bra     MIN1PST         At least one cell must be stacked up
                      (        forth.asm):01592         
                      (        forth.asm):01593         * n2 is the size in address units (bytes) of n1 characters. A NOOP.
DB4A 05               (        forth.asm):01594         CHARS   fcb     5               ANSI Core
DB4B 4348415253       (        forth.asm):01595                 fcc     'CHARS'         ( n1 -- n2 )
DB50 DB3E             (        forth.asm):01596                 fdb     ALIGND
                      (        forth.asm):01597                 RFCS
DB52 20A3             (        forth.asm):01598 (3)             bra     MIN1PST         At least one cell must be stacked up
                      (        forth.asm):01599         
DB54 05               (        forth.asm):01600         CELLP   fcb     5               ANSI (Core)
DB55 43454C4C2B       (        forth.asm):01601                 fcc     'CELL+'         ( a-addr1 -- a-addr2 )
DB5A DB4A             (        forth.asm):01602                 fdb     CHARS
                      (        forth.asm):01603                 RFCS
DB5C 8D99             (        forth.asm):01604 (6)             bsr     MIN1PST         We need at least one cell stacked up
DB5E ECC4             (        forth.asm):01605 (5+0)           ldd     ,u
DB60 C30002           (        forth.asm):01606 (3)             addd    #2
DB63 EDC4             (        forth.asm):01607 (5+0)           std     ,u
DB65 39               (        forth.asm):01608 (4)             rts
                      (        forth.asm):01609         
DB66 0C               (        forth.asm):01610         SAVBUF  fcb     12              ANSI (Block)
DB67 534156452D425546 (        forth.asm):01611                 fcc     'SAVE-BUFFERS'  ( -- )
     46455253
DB73 DB54             (        forth.asm):01612                 fdb     CELLP
                      (        forth.asm):01613                 RFCS
DB75 8E0560           (        forth.asm):01614 (3)             ldx     #BUF0
DB78 8D03             (        forth.asm):01615 (6)             bsr     WBIFDRT
DB7A 8E0970           (        forth.asm):01616 (3)             ldx     #BUF1
                      (        forth.asm):01617         * Write buffer back to mass storage if marked as dirty.
                      (        forth.asm):01618         * The dirty bit is cleared but the buffer contents itself is not.
                      (        forth.asm):01619         * The buffer will continue to be marked as "in use."
                      (        forth.asm):01620         * On input X has has the base buffer address. D, X and Y are all preserved.
DB7D 3426             (        forth.asm):01621 (4+4)   WBIFDRT pshs    y,d
DB7F 3410             (        forth.asm):01622 (4+2)           pshs    x               Base buffer address (arg1 to CF1BKWR)
DB81 8605             (        forth.asm):01623 (2)             lda     #BINUSE|BDIRTY
DB83 A4890401         (        forth.asm):01624 (4+3)           anda    BOFLAGS,x
DB87 8105             (        forth.asm):01625 (2)             cmpa    #BINUSE|BDIRTY
DB89 2617             (        forth.asm):01626 (3)             bne     @alldon         Block not in use or in use but not dirty
DB8B AE890402         (        forth.asm):01627 (5+3)           ldx     BOBLKNO,x
DB8F 3410             (        forth.asm):01628 (4+2)           pshs    x               Block number (arg0 to CF1BKWR)
DB91 BDDAD1           (        forth.asm):01629 (7)             jsr     CF1BKWR         Write data buffer to CF
DB94 3262             (        forth.asm):01630 (4+1)           leas    2,s             Drop one cell from the system stack (blknum)
DB96 AEE4             (        forth.asm):01631 (5+0)           ldx     ,s              Retrieve base buffer address
DB98 30890401         (        forth.asm):01632 (4+3)           leax    BOFLAGS,x
DB9C A684             (        forth.asm):01633 (4+0)           lda     ,x              Acquire the 'flags' field
DB9E 84FB             (        forth.asm):01634 (2)             anda    #^BDIRTY        Clear the dirty bit
DBA0 A784             (        forth.asm):01635 (4+0)           sta     ,x              and update the 'flags' field
DBA2 3510             (        forth.asm):01636 (4+2)   @alldon puls    x               Restore X
DBA4 3526             (        forth.asm):01637 (4+4)           puls    d,y             and D/Y
DBA6 39               (        forth.asm):01638 (4)             rts
                      (        forth.asm):01639         
DBA7 05               (        forth.asm):01640         FLUSH   fcb     5               ANSI (Block)
DBA8 464C555348       (        forth.asm):01641                 fcc     'FLUSH'         ( -- )
DBAD DB66             (        forth.asm):01642                 fdb     SAVBUF
                      (        forth.asm):01643                 RFCS
DBAF 8DC4             (        forth.asm):01644                 RFXT    bsr,SAVBUF+15   XT for SAVE-BUFFERS
DBB1 7EDB1B           (        forth.asm):01645                 RFXT    jmp,EBUFS+16    XT for EMPTY-BUFFERS
                      (        forth.asm):01646         
DBB4 06               (        forth.asm):01647         UPDATE  fcb     6               ANSI (Block)
DBB5 555044415445     (        forth.asm):01648                 fcc     'UPDATE'        ( -- )
DBBB DBA7             (        forth.asm):01649                 fdb     FLUSH
                      (        forth.asm):01650                 RFCS
DBBD 9E1E             (        forth.asm):01651 (4)             ldx     MRUBUFA         Most recently used buffer base address
DBBF 270A             (        forth.asm):01652 (3)             beq     @xquiet         All buffers are currently invalidated
DBC1 30890401         (        forth.asm):01653 (4+3)           leax    BOFLAGS,x       Buffer 'flags' field's address to X
DBC5 A684             (        forth.asm):01654 (4+0)           lda     ,x              Buffer 'flags' field to A
                      (        forth.asm):01655                 IFNE    DEBUG
                      (        forth.asm):01656                 bita    #BINUSE         Is that buffer in use?
                      (        forth.asm):01657                 beq     @ncurbf         No, something's fishy here. Bail out now!
                      (        forth.asm):01658                 ENDC                    DEBUG
DBC7 8A04             (        forth.asm):01659 (2)             ora     #BDIRTY
DBC9 A784             (        forth.asm):01660 (4+0)           sta     ,x              Set the dirty bit
DBCB 39               (        forth.asm):01661 (4)     @xquiet rts
                      (        forth.asm):01662                 IFNE DEBUG
DBCC                  (        forth.asm):01663         @ncurbf ldb     #15             No current buffer
                      (        forth.asm):01664                 jsr     ERRHDLR         No return
                      (        forth.asm):01665                 ENDC                    DEBUG
                      (        forth.asm):01666         
DBCC 06               (        forth.asm):01667         BUFFER  fcb     6               ANSI (Block)
DBCD 425546464552     (        forth.asm):01668                 fcc     'BUFFER'        ( ublkno -- addr )
DBD3 DBB4             (        forth.asm):01669                 fdb     UPDATE
                      (        forth.asm):01670                 RFCS
DBD5 BDD7F3           (        forth.asm):01671 (7)             jsr     NPOP
DBD8 1F12             (        forth.asm):01672 (4)             tfr     x,y             ublkno to Y
                      (        forth.asm):01673         * Block lookup.
DBDA 8E0560           (        forth.asm):01674 (3)             ldx     #BUF0           Base address of the first resident buffer
DBDD C602             (        forth.asm):01675 (2)             ldb     #2              Number of resident buffers
DBDF A6890401         (        forth.asm):01676 (4+3)   @blkup  lda     BOFLAGS,x       Buffer flags to A
DBE3 8501             (        forth.asm):01677 (2)             bita    #BINUSE         Buffer in use?
DBE5 270C             (        forth.asm):01678 (3)             beq     @nxtbuf         No
DBE7 10AC890402       (        forth.asm):01679 (6+3)           cmpy    BOBLKNO,x       Buffer is in use. Block number match?
DBEC 2605             (        forth.asm):01680 (3)             bne     @nxtbuf         No
DBEE 9F1E             (        forth.asm):01681 (4)     @retba  stx     MRUBUFA         Block number match. Mark as the MRU buffer
DBF0 3610             (        forth.asm):01682                 UCNPUSH                 and return its base address via the data stack
DBF2 39               (        forth.asm):01683 (4)             rts
DBF3 30890410         (        forth.asm):01684 (4+3)   @nxtbuf leax    BFDISP,x        Point to the next buffer
DBF7 5A               (        forth.asm):01685 (1)             decb
DBF8 26E5             (        forth.asm):01686 (3)             bne     @blkup
                      (        forth.asm):01687         * The block number in Y is not currently in use. Assign a buffer to it.
DBFA 8E0560           (        forth.asm):01688 (3)             ldx     #BUF0
DBFD 9C1E             (        forth.asm):01689 (4)             cmpx    MRUBUFA         Most recently used buffer address
DBFF 2603             (        forth.asm):01690 (3)             bne     @bselct
DC01 8E0970           (        forth.asm):01691 (3)             ldx     #BUF1
                      (        forth.asm):01692         * At this point X has the base address of the block we are interested in
                      (        forth.asm):01693         * and Y has the target block number.
DC04 BDDB7D           (        forth.asm):01694 (7)     @bselct jsr     WBIFDRT         Write back if dirty. X, Y and D are preserved
DC07 8601             (        forth.asm):01695 (2)             lda     #BINUSE
DC09 A7890401         (        forth.asm):01696 (4+3)           sta     BOFLAGS,x       Update the buffer's 'flags' field
DC0D 10AF890402       (        forth.asm):01697 (6+3)           sty     BOBLKNO,x       and update the 'blknum' field as well
DC12 20DA             (        forth.asm):01698 (3)             bra     @retba
                      (        forth.asm):01699         
DC14 05               (        forth.asm):01700         BLOCK   fcb     5               ANSI (Block)
DC15 424C4F434B       (        forth.asm):01701                 fcc     'BLOCK'         ( ublkno -- addr )
DC1A DBCC             (        forth.asm):01702                 fdb     BUFFER
                      (        forth.asm):01703                 RFCS
DC1C 8DB7             (        forth.asm):01704                 RFXT    bsr,BUFFER+9    XT for BUFFER
                      (        forth.asm):01705         * Upon return Y has has the block number.
DC1E 3710             (        forth.asm):01706                 UCNPOP                  Buffer base address to X
DC20 3410             (        forth.asm):01707 (4+2)           pshs    x               Push base buffer address as Arg1 to CF1BKRD
DC22 A6890401         (        forth.asm):01708 (4+3)           lda     BOFLAGS,x       Retrieve buffer 'flags' field
                      (        forth.asm):01709                 IFNE    DEBUG
                      (        forth.asm):01710                 bita    #BINUSE
                      (        forth.asm):01711                 bne     @blkctd
                      (        forth.asm):01712                 lda     #10             Assertion failed
                      (        forth.asm):01713                 jsr     ERRHDLR         No return
                      (        forth.asm):01714                 ENDC                    DEBUG
DC26 8402             (        forth.asm):01715 (2)     @blkctd anda    #BMAPPD         Has the block been read yet?
DC28 2613             (        forth.asm):01716 (3)             bne     @bkmapd         Yes
DC2A 3420             (        forth.asm):01717 (4+2)           pshs    y               No. Push block number as arg0 to CF1BKRD
                      (        forth.asm):01718         * Map in the block from the CF device. System stack structure is as follows:
                      (        forth.asm):01719         * ,s has the target block number.
                      (        forth.asm):01720         * 2,s has the buffer base address.
DC2C BDDAB6           (        forth.asm):01721 (7)             jsr     CF1BKRD
DC2F 3262             (        forth.asm):01722 (4+1)           leas    2,s             Drop one cell from the system stack
                      (        forth.asm):01723         * Update the buffer's flags field.
DC31 AEE4             (        forth.asm):01724 (5+0)           ldx     ,s              Base buffer address
DC33 30890401         (        forth.asm):01725 (4+3)           leax    BOFLAGS,x       Buffer 'flags' field address to X
DC37 A684             (        forth.asm):01726 (4+0)           lda     ,x              Read buffer 'flags' field
DC39 8A02             (        forth.asm):01727 (2)             ora     #BMAPPD
DC3B A784             (        forth.asm):01728 (4+0)           sta     ,x              and mark it as read
DC3D 3510             (        forth.asm):01729 (4+2)   @bkmapd puls    x               Buffer base address to X
DC3F 3610             (        forth.asm):01730                 UCNPUSH
DC41 39               (        forth.asm):01731 (4)             rts
                      (        forth.asm):01732         
                      (        forth.asm):01733         * Three different behaviours have been observed here (from console input):
                      (        forth.asm):01734         * Interactive input is: "CR >IN ?<CR>"
                      (        forth.asm):01735         *
                      (        forth.asm):01736         * GNU Forth 0.7.3:
                      (        forth.asm):01737         * REFILL .S CR >IN ? <1> -1 
                      (        forth.asm):01738         * 11  ok
                      (        forth.asm):01739         * VFX Forth 5.11:
                      (        forth.asm):01740         * REFILL .S CR >IN ? 
                      (        forth.asm):01741         * 8  ok-1
                      (        forth.asm):01742         * SwiftForth 3.7.9:
                      (        forth.asm):01743         * REFILL .S CR >IN ?
                      (        forth.asm):01744         * 8  ok
                      (        forth.asm):01745         *
                      (        forth.asm):01746         * I am going for the SwiftForth solution.
DC42 06               (        forth.asm):01747         REFILL  fcb     6               ANSI (Core ext/Block ext)
DC43 524546494C4C     (        forth.asm):01748                 fcc     'REFILL'
DC49 DC14             (        forth.asm):01749                 fdb     BLOCK
                      (        forth.asm):01750                 RFCS
DC4B 9E2C             (        forth.asm):01751 (4)             ldx     UBLK
DC4D 260B             (        forth.asm):01752 (3)             bne     @nxtblk         We are running from block context
                      (        forth.asm):01753         * Running from the console (user input device) or from an EVALUATE string.
DC4F 0D49             (        forth.asm):01754 (4)             tst     SRCID           Are we being EVALUATEd?
DC51 10260DAC         (        forth.asm):01755                 RFXT    lbne,FALSE+8    Yes. Return false
DC55 BDD166           (        forth.asm):01756 (7)             jsr     READLN          >IN is cleared
DC58 2008             (        forth.asm):01757 (3)             bra     @rtrue
DC5A 3001             (        forth.asm):01758 (4+1)   @nxtblk leax    1,x
DC5C 9F2C             (        forth.asm):01759 (4)             stx     UBLK            Update BLK
DC5E 1FC1             (        forth.asm):01760 (4)             tfr     0,x
DC60 9F2A             (        forth.asm):01761 (4)             stx     UTOIN           Clear >IN
                      (        forth.asm):01762         * Any possible block number is valid.
DC62 7EEA0D           (        forth.asm):01763         @rtrue  RFXT    jmp,TRUE+7      Return true.
                      (        forth.asm):01764         
DC65 03               (        forth.asm):01765         BLK     fcb     3               ANSI (Block)
DC66 424C4B           (        forth.asm):01766                 fcc     'BLK'
DC69 DC42             (        forth.asm):01767                 fdb     REFILL
                      (        forth.asm):01768                 RFCS
DC6B 8E012C           (        forth.asm):01769 (3)             ldx     #UBLK
DC6E 7ED7E5           (        forth.asm):01770 (3)             jmp     NPUSH
                      (        forth.asm):01771         
DC71 03               (        forth.asm):01772         TOIN    fcb     3               ANSI (Core)
DC72 3E494E           (        forth.asm):01773                 fcc     '>IN'           ( -- a-addr )
DC75 DC65             (        forth.asm):01774                 fdb     BLK
                      (        forth.asm):01775                 RFCS
DC77 8E012A           (        forth.asm):01776 (3)             ldx     #UTOIN
DC7A 7ED7E5           (        forth.asm):01777 (3)             jmp     NPUSH
                      (        forth.asm):01778         
DC7D 03               (        forth.asm):01779         SCR     fcb     3               ANSI (Block ext)
DC7E 534352           (        forth.asm):01780                 fcc     'SCR'
DC81 DC71             (        forth.asm):01781                 fdb     TOIN
                      (        forth.asm):01782                 RFCS
DC83 8E012E           (        forth.asm):01783 (3)             ldx     #USCR
DC86 7ED7E5           (        forth.asm):01784 (3)             jmp     NPUSH
                      (        forth.asm):01785         
                      (        forth.asm):01786         * Functionally: : LINE 6 SHIFT SCR @ BLOCK + ;
                      (        forth.asm):01787         * Moved to CompactFlash screen #4.
                      (        forth.asm):01788         
                      (        forth.asm):01789         * Functionally:
                      (        forth.asm):01790         * : INDEX 1+ SWAP DO
                      (        forth.asm):01791         *     CR   I SCR !
                      (        forth.asm):01792         *     0 LINE 64 TYPE
                      (        forth.asm):01793         *   LOOP ;
                      (        forth.asm):01794         * Moved to CompactFlash screen #4.
                      (        forth.asm):01795         
DC89 05               (        forth.asm):01796         TICKS   fcb     5               Non-standard
DC8A 5449434B53       (        forth.asm):01797                 fcc     'TICKS'         ( -- tickslow tickshigh )
DC8F DC7D             (        forth.asm):01798                 fdb     SCR
                      (        forth.asm):01799                 RFCS
                      (        forth.asm):01800                 IFNE    RTCFEAT
                      (        forth.asm):01801                 pshs    cc
                      (        forth.asm):01802                 orcc    #FFLAG          Mask FIRQ while reading the double cell
                      (        forth.asm):01803                 ldx     TIKSLOW
                      (        forth.asm):01804                 ldy     TIKSHI
                      (        forth.asm):01805                 puls    cc              Restore the previous interrupt handling mode
                      (        forth.asm):01806                 jsr     NPUSH
                      (        forth.asm):01807                 tfr     y,x
                      (        forth.asm):01808                 ELSE
DC91 1FC1             (        forth.asm):01809 (4)             tfr     0,x
DC93 BDD7E5           (        forth.asm):01810 (7)             jsr     NPUSH
                      (        forth.asm):01811                 ENDC                    RTCFEAT
DC96 7ED7E5           (        forth.asm):01812 (3)             jmp     NPUSH
                      (        forth.asm):01813         
DC99 04               (        forth.asm):01814         RTCFTCH fcb     4               Non-standard
DC9A 52544340         (        forth.asm):01815                 fcc     'RTC@'          ( regoff -- byteval )
DC9E DC89             (        forth.asm):01816                 fdb     TICKS
                      (        forth.asm):01817                 RFCS
                      (        forth.asm):01818                 IFNE    RTCFEAT
                      (        forth.asm):01819                 tst     RTCAVL
                      (        forth.asm):01820                 beq     RTNOCON
                      (        forth.asm):01821         * An MC146818 RTC is present. Let's get down to business.
                      (        forth.asm):01822                 jsr     NPOP            REGOFF to X
                      (        forth.asm):01823                 tfr     x,d
                      (        forth.asm):01824                 tfr     b,a
                      (        forth.asm):01825                 jsr     RTREGRD
                      (        forth.asm):01826                 clra                    BYTEVAL to D
                      (        forth.asm):01827                 pshu    d               Unchecked NPUSH of D
                      (        forth.asm):01828                 rts
DCA0                  (        forth.asm):01829         RTNOCON ldb     #17             RTC not detected on bootup -> I/O error
                      (        forth.asm):01830                 jsr     ERRHDLR         No return
                      (        forth.asm):01831                 ELSE
DCA0 BDEDB0           (        forth.asm):01832                 RFXT    jsr,DROP+7      XT for DROP
DCA3 1FC1             (        forth.asm):01833 (4)             tfr     0,x
DCA5 7ED7E5           (        forth.asm):01834 (3)             jmp     NPUSH
                      (        forth.asm):01835                 ENDC                    RTCFEAT
                      (        forth.asm):01836         
DCA8 04               (        forth.asm):01837         RTCSTOR fcb     4               Non-standard
DCA9 52544321         (        forth.asm):01838                 fcc     'RTC!'          ( byteval regoff -- )
DCAD DC99             (        forth.asm):01839                 fdb     RTCFTCH
                      (        forth.asm):01840                 RFCS
                      (        forth.asm):01841                 IFNE    RTCFEAT
                      (        forth.asm):01842                 tst     RTCAVL
                      (        forth.asm):01843                 beq     RTNOCON
                      (        forth.asm):01844                 jsr     MIN2PST         At least two cells need to be stacked up
                      (        forth.asm):01845                 lda     1,u             REGOFF to A
                      (        forth.asm):01846                 ldb     3,u             BYTEVAL to B
                      (        forth.asm):01847                 leau    4,u             Drop two cells from the data stack
                      (        forth.asm):01848                 jmp     RTREGWR
                      (        forth.asm):01849                 ELSE
DCAF 7EE5DF           (        forth.asm):01850                 RFXT    jmp,TWODROP+8   XT for 2 DROP
                      (        forth.asm):01851                 ENDC                    RTCFEAT
                      (        forth.asm):01852         
                      (        forth.asm):01853             IFNE WTCFEAT
                      (        forth.asm):01854         ;-------------------------------------------------------------------------------
                      (        forth.asm):01855         ; MECB RTC
                      (        forth.asm):01856         
DCB2 04               (        forth.asm):01857         WTCFTCH fcb     4               Non-standard
DCB3 57544340         (        forth.asm):01858                 fcc     'WTC@'          ( regoff -- byteval )
DCB7 DCA8             (        forth.asm):01859                 fdb     RTCSTOR
                      (        forth.asm):01860                 RFCS
DCB9 7ED8BC           (        forth.asm):01861 (3)             jmp     WTREGRD
                      (        forth.asm):01862         
DCBC 04               (        forth.asm):01863         WTCSTOR fcb     4               Non-standard
DCBD 57544321         (        forth.asm):01864                 fcc     'WTC!'          ( byteval regoff -- )
DCC1 DCB2             (        forth.asm):01865                 fdb     WTCFTCH
                      (        forth.asm):01866                 RFCS
DCC3 7ED95D           (        forth.asm):01867 (3)             jmp     WTREGWR
                      (        forth.asm):01868         
                      (        forth.asm):01869         ;-------------------------------------------------------------------------------
                      (        forth.asm):01870             ENDC WTCFEAT
                      (        forth.asm):01871         
DCC6 04               (        forth.asm):01872         LIST    fcb     4               ANSI (Block ext)
DCC7 4C495354         (        forth.asm):01873                 fcc     'LIST'          ( ublkno -- )
                      (        forth.asm):01874             IFNE WTCFEAT
DCCB DCBC             (        forth.asm):01875                 fdb     WTCSTOR
                      (        forth.asm):01876                 ELSE
                      (        forth.asm):01877                 fdb     RTCSTOR
                      (        forth.asm):01878             ENDC WTCFEAT
                      (        forth.asm):01879                 RFCS
DCCD 0D46             (        forth.asm):01880 (4)             tst     CFCARDP
DCCF 2605             (        forth.asm):01881 (3)             bne     @cont
DCD1 C611             (        forth.asm):01882 (2)             ldb     #17             IO error
DCD3 BDD754           (        forth.asm):01883 (7)             jsr     ERRHDLR         No return
DCD6 BDEDA1           (        forth.asm):01884         @cont   RFXT    jsr,DUP+6       XT for DUP
DCD9 BDDC1C           (        forth.asm):01885                 RFXT    jsr,BLOCK+8     XT for BLOCK
                      (        forth.asm):01886         * TOS now has the base buffer address.
DCDC BDD7F3           (        forth.asm):01887 (7)             jsr     NPOP
DCDF 1F12             (        forth.asm):01888 (4)             tfr     x,y             Base buffer address to Y
DCE1 BDD7F3           (        forth.asm):01889 (7)             jsr     NPOP            ublkno to X
DCE4 9F2E             (        forth.asm):01890 (4)             stx     USCR            Update SCR's value
DCE6 C610             (        forth.asm):01891 (2)             ldb     #16             16 lines to go
DCE8 3404             (        forth.asm):01892 (4+1)   @loop   pshs    b
DCEA BDD2F7           (        forth.asm):01893 (7)             jsr     PUTCR
DCED 1F21             (        forth.asm):01894 (4)             tfr     y,x
DCEF BDD7E5           (        forth.asm):01895 (7)             jsr     NPUSH           Start address for TYPE
DCF2 8E0040           (        forth.asm):01896 (3)             ldx     #64
DCF5 BDD7E5           (        forth.asm):01897 (7)             jsr     NPUSH           Byte count for TYPE
DCF8 103012           (        forth.asm):01898 (4)             addr    x,y
DCFB BDE884           (        forth.asm):01899                 RFXT    jsr,TYPE+7      XT for TYPE
DCFE 3504             (        forth.asm):01900 (4+1)           puls    b
DD00 5A               (        forth.asm):01901 (1)             decb
DD01 26E5             (        forth.asm):01902 (3)             bne     @loop
DD03 39               (        forth.asm):01903 (4)             rts
                      (        forth.asm):01904         
                      (        forth.asm):01905         * This is supposed to align HERE (DICEND), presumably on a cell boundary.
                      (        forth.asm):01906         * We have no such constraint on the 6309.
DD04 05               (        forth.asm):01907         ALIGN   fcb     5               ANSI Core
DD05 414C49474E       (        forth.asm):01908                 fcc     'ALIGN'         ( -- )
DD0A DCC6             (        forth.asm):01909                 fdb     LIST
                      (        forth.asm):01910                 RFCS
DD0C 39               (        forth.asm):01911 (4)             rts
                      (        forth.asm):01912         
                      (        forth.asm):01913         * Convert a single cell to a double.
DD0D 03               (        forth.asm):01914         STOD    fcb     3               ANSI Core
DD0E 533E44           (        forth.asm):01915                 fcc     'S>D'           ( n -- d )
DD11 DD04             (        forth.asm):01916                 fdb     ALIGN
                      (        forth.asm):01917                 RFCS
DD13 BDD7F3           (        forth.asm):01918 (7)             jsr     NPOP            N to X
DD16 3610             (        forth.asm):01919                 UCNPUSH                 Push back low order cell
DD18 104F             (        forth.asm):01920 (2)             clrd                    High order cell: default to N >= 0
DD1A 1E01             (        forth.asm):01921 (5)             exg     d,x
DD1C 4D               (        forth.asm):01922 (1)             tsta
DD1D 102AFAC4         (        forth.asm):01923 (5)             lbpl    NPUSH
DD21 301F             (        forth.asm):01924 (4+1)           leax    -1,x            N is < 0. Sign extension is required. -1 to X
DD23 7ED7E5           (        forth.asm):01925 (3)             jmp     NPUSH
                      (        forth.asm):01926         
DD26 05               (        forth.asm):01927         DEPTH   fcb     5               ANSI (Core)
DD27 4445505448       (        forth.asm):01928                 fcc     'DEPTH'         ( -- +n )
DD2C DD0D             (        forth.asm):01929                 fdb     STOD
                      (        forth.asm):01930                 RFCS
DD2E CC0340           (        forth.asm):01931 (3)             ldd     #NSTBOT         Bottom data stack address
DD31 103230           (        forth.asm):01932 (4)             subr    u,d             D has the current value of the data stack ptr
DD34 1044             (        forth.asm):01933 (2)             lsrd                    divided by 2
DD36 1F01             (        forth.asm):01934 (4)             tfr     d,x
DD38 7ED7E5           (        forth.asm):01935 (3)             jmp     NPUSH           X to N
                      (        forth.asm):01936         
DD3B 06               (        forth.asm):01937         CREATE  fcb     6               ANSI (Core)
DD3C 435245415445     (        forth.asm):01938                 fcc     'CREATE'        Comp: ( "<spaces>name" -- )
DD42 DD26             (        forth.asm):01939                 fdb     DEPTH           Exec: ( -- a-addr )
                      (        forth.asm):01940                 RFCS
DD44 BDD513           (        forth.asm):01941 (7)             jsr     LOCWRT          Code entry point returned to Y
DD47 868E             (        forth.asm):01942 (2)             lda     #LDXOPC         LDX immediate
DD49 A7A0             (        forth.asm):01943 (4+1)           sta     ,y+
DD4B 1F21             (        forth.asm):01944 (4)             tfr     y,x
DD4D 3008             (        forth.asm):01945 (4+1)           leax    8,x
DD4F AFA1             (        forth.asm):01946 (5+2)           stx     ,y++
DD51 86BD             (        forth.asm):01947 (2)             lda     #JSROPC         JSR extended
DD53 BDD582           (        forth.asm):01948 (7)             jsr     VARCON1         Compile JSR NPUSH
DD56 8639             (        forth.asm):01949 (2)             lda     #RTSOPC         RTS inherent
DD58 A7A0             (        forth.asm):01950 (4+1)           sta     ,y+
DD5A 3122             (        forth.asm):01951 (4+1)           leay    2,y             Reserve room for a possible DOES> clause
DD5C 109F08           (        forth.asm):01952 (5)     CREAT1  sty     DICEND
DD5F 9E0C             (        forth.asm):01953 (4)             ldx     BDICEND         This is set by LOCWRT (was IY)
DD61 9F06             (        forth.asm):01954 (4)             stx     LSTWAD
DD63 39               (        forth.asm):01955 (4)             rts
                      (        forth.asm):01956         
DD64 C5               (        forth.asm):01957         DOES    fcb     $C5             ANSI (Core)
DD65 444F45533E       (        forth.asm):01958                 fcc     'DOES>'
DD6A DD3B             (        forth.asm):01959                 fdb     CREATE
                      (        forth.asm):01960                 RFCS
DD6C 8EDD72           (        forth.asm):01961 (3)             ldx     #DOESEX         JSR #DOESEX is compiled (no actual return)
DD6F 7ED152           (        forth.asm):01962 (3)             jmp     EMXASXT         Set as action component
                      (        forth.asm):01963         
DD72 9E06             (        forth.asm):01964 (4)     DOESEX  ldx     LSTWAD          Header of the last dictionary entry
DD74 E680             (        forth.asm):01965 (4+1)           ldb     ,x+
DD76 C41F             (        forth.asm):01966 (2)             andb    #WRLNMSK        Extract word length
DD78 3A               (        forth.asm):01967 (1)             abx
                      (        forth.asm):01968                 IFNE    RELFEAT
                      (        forth.asm):01969                 leax    9,x             2 bytes/backlink, 1/cksum, 6 bytes code offset
                      (        forth.asm):01970                 ELSE
DD79 3008             (        forth.asm):01971 (4+1)           leax    8,x             2 bytes/backlink, 6 bytes code offset
                      (        forth.asm):01972                 ENDC                    RELFEAT
DD7B A684             (        forth.asm):01973 (4+0)           lda     ,x
DD7D 8139             (        forth.asm):01974 (2)             cmpa    #RTSOPC         RTS inherent
DD7F 2705             (        forth.asm):01975 (3)             beq     @dosex1
DD81 C60E             (        forth.asm):01976 (2)             ldb     #14             No matching CREATE
DD83 BDD754           (        forth.asm):01977 (7)             jsr     ERRHDLR         No return
DD86 867E             (        forth.asm):01978 (2)     @dosex1 lda     #JMPOPC         JMP extended
DD88 A780             (        forth.asm):01979 (4+1)           sta     ,x+             Overwrite RTS opcode
DD8A 3520             (        forth.asm):01980 (4+2)           puls    y
DD8C 10AF84           (        forth.asm):01981 (6+0)           sty     ,x
DD8F 39               (        forth.asm):01982 (4)             rts
                      (        forth.asm):01983         
DD90 87               (        forth.asm):01984         LITERAL fcb     $87             ANSI (Core)
DD91 4C49544552414C   (        forth.asm):01985                 fcc     'LITERAL'       Comp: ( x -- )
DD98 DD64             (        forth.asm):01986                 fdb     DOES            Exec: ( -- x )
                      (        forth.asm):01987                 RFCS
DD9A BDD7F3           (        forth.asm):01988 (7)             jsr     NPOP
DD9D 0D25             (        forth.asm):01989 (4)             tst     USTATE+1
DD9F 2601             (        forth.asm):01990 (3)             bne     @comp
DDA1 39               (        forth.asm):01991 (4)             rts                     The standard defines no semantics in interp mode
DDA2 109E08           (        forth.asm):01992 (5)     @comp   ldy     DICEND
DDA5 868E             (        forth.asm):01993 (2)             lda     #LDXOPC         LDX immediate
DDA7 BDD585           (        forth.asm):01994 (7)             jsr     VARCON2         Compile LDX #X
DDAA 109F08           (        forth.asm):01995 (5)             sty     DICEND          Update HERE
DDAD 8ED7E5           (        forth.asm):01996 (3)             ldx     #NPUSH
DDB0 7ED152           (        forth.asm):01997 (3)             jmp     EMXASXT         Set NPUSH as action component
                      (        forth.asm):01998         
                      (        forth.asm):01999         * Functionally: : CONSTANT CREATE , DOES> @ ;
                      (        forth.asm):02000         * The following code produces more compact code.
DDB3 08               (        forth.asm):02001         CONS    fcb     8               ANSI (Core)
DDB4 434F4E5354414E54 (        forth.asm):02002                 fcc     'CONSTANT'      Comp: ( x "<spaces>name" -- )
DDBC DD90             (        forth.asm):02003                 fdb     LITERAL         Exec: ( -- x )
                      (        forth.asm):02004                 RFCS
DDBE BDD7F3           (        forth.asm):02005 (7)             jsr     NPOP
DDC1 1F16             (        forth.asm):02006 (4)             tfr     x,w
DDC3 BDD513           (        forth.asm):02007 (7)             jsr     LOCWRT          Create dictionary entry
DDC6 1F61             (        forth.asm):02008 (4)             tfr     w,x
DDC8 868E             (        forth.asm):02009 (2)             lda     #LDXOPC         ldx immediate
DDCA BDD585           (        forth.asm):02010 (7)             jsr     VARCON2         Compile LDX #CSTVAL
DDCD BDD580           (        forth.asm):02011 (7)             jsr     VARCON          Compile JMP NPUSH
                      (        forth.asm):02012                 IFNE    RELFEAT
                      (        forth.asm):02013                 bsr     CREAT1
                      (        forth.asm):02014                 RFXT    bra,MONITOR+10  XT for MONITOR
                      (        forth.asm):02015                 ELSE
DDD0 208A             (        forth.asm):02016 (3)             bra     CREAT1
                      (        forth.asm):02017                 ENDC                    RELFEAT
                      (        forth.asm):02018         
                      (        forth.asm):02019         * Functionally: : VARIABLE CREATE 2 ALLOT ;
                      (        forth.asm):02020         * However we can save three bytes per instance with the following code.
DDD2 08               (        forth.asm):02021         VARI    fcb     8               ANSI (Core)
DDD3 5641524941424C45 (        forth.asm):02022                 fcc     'VARIABLE'      Comp: ( "<spaces>name" -- )
DDDB DDB3             (        forth.asm):02023                 fdb     CONS            Exec: ( -- a-addr )
                      (        forth.asm):02024                 RFCS
DDDD BDD513           (        forth.asm):02025 (7)             jsr     LOCWRT
DDE0 868E             (        forth.asm):02026 (2)             lda     #LDXOPC         ldx immediate
DDE2 A7A0             (        forth.asm):02027 (4+1)           sta     ,y+
DDE4 1F26             (        forth.asm):02028 (4)             tfr     y,w             Preserve Y (HERE)
DDE6 3125             (        forth.asm):02029 (4+1)           leay    5,y             Relative variable address
DDE8 1F21             (        forth.asm):02030 (4)             tfr     y,x
DDEA 1F62             (        forth.asm):02031 (4)             tfr     w,y             Restore Y (HERE)
DDEC AFA1             (        forth.asm):02032 (5+2)           stx     ,y++            Address field for LDX #VARADDR
DDEE BDD580           (        forth.asm):02033 (7)             jsr     VARCON          Compile JMP NPUSH
DDF1 3122             (        forth.asm):02034 (4+1)           leay    2,y             2 ALLOT
DDF3 7EDD5C           (        forth.asm):02035 (3)             jmp     CREAT1
                      (        forth.asm):02036         
DDF6 09               (        forth.asm):02037         IMMED   fcb     9               ANSI (Core)
DDF7 494D4D4544494154 (        forth.asm):02038                 fcc     'IMMEDIATE'     ( -- )
     45
DE00 DDD2             (        forth.asm):02039                 fdb     VARI
                      (        forth.asm):02040                 RFCS
DE02 C680             (        forth.asm):02041 (2)             ldb     #IMDFLM
DE04 9E06             (        forth.asm):02042 (4)     IMMED1  ldx     LSTWAD
DE06 A684             (        forth.asm):02043 (4+0)           lda     ,x
DE08 103598           (        forth.asm):02044 (4)             orr     b,a
DE0B A784             (        forth.asm):02045 (4+0)           sta     ,x
DE0D 39               (        forth.asm):02046 (4)             rts
                      (        forth.asm):02047         
DE0E 08               (        forth.asm):02048         RSTRCT  fcb     8               Non-standard (GNU Forth)
DE0F 5245535452494354 (        forth.asm):02049                 fcc     'RESTRICT'      Make word available in compilation mode only
DE17 DDF6             (        forth.asm):02050                 fdb     IMMED
                      (        forth.asm):02051                 RFCS
DE19 C640             (        forth.asm):02052 (2)             ldb     #DEFFLM
DE1B 20E7             (        forth.asm):02053 (3)             bra     IMMED1
                      (        forth.asm):02054         
                      (        forth.asm):02055         * Added for better support of ANSI VALUEs.
DE1D 09               (        forth.asm):02056         UNMON   fcb     9               Non-standard
DE1E 554E4D4F4E49544F (        forth.asm):02057                 fcc     'UNMONITOR'     ( -- )
     52
DE27 DE0E             (        forth.asm):02058                 fdb     RSTRCT
                      (        forth.asm):02059                 RFCS
                      (        forth.asm):02060                 IFNE    RELFEAT
                      (        forth.asm):02061                 clra
                      (        forth.asm):02062                 pshs    a
                      (        forth.asm):02063                 bra     MONIT1
                      (        forth.asm):02064                 ELSE
DE29 39               (        forth.asm):02065 (4)             rts
                      (        forth.asm):02066                 ENDC                    RELFEAT
                      (        forth.asm):02067         
                      (        forth.asm):02068         * This non-standard word enables checkum monitoring by ICHECK for the
                      (        forth.asm):02069         * last defined word in the dictionary. : words are monitored by default
                      (        forth.asm):02070         * and so are constants. CREATEd words require an explicit invokation of
                      (        forth.asm):02071         * MONITOR if they are to be checked for integrity.
DE2A 07               (        forth.asm):02072         MONITOR fcb     7               Non-standard
DE2B 4D4F4E49544F52   (        forth.asm):02073                 fcc     'MONITOR'       ( -- )
DE32 DE1D             (        forth.asm):02074                 fdb     UNMON
                      (        forth.asm):02075                 RFCS
                      (        forth.asm):02076                 IFNE    RELFEAT
                      (        forth.asm):02077                 lda     #1              Set MONFLM in the word 'flags' header field
                      (        forth.asm):02078                 pshs    a
DE34                  (        forth.asm):02079         MONIT1  ldx     LSTWAD          Latest defined word header address
                      (        forth.asm):02080                 lda     ,x
                      (        forth.asm):02081                 tst     ,s              Should we set or clear MONFLM?
                      (        forth.asm):02082                 bne     @setflg
                      (        forth.asm):02083                 anda    #^MONFLM        Clear MONFLM in the word's attribute field
                      (        forth.asm):02084                 bra     @cont
DE34                  (        forth.asm):02085         @setflg ora     #MONFLM         Set MONFLM in the word's attribute field
DE34                  (        forth.asm):02086         @cont   sta     ,x
                      (        forth.asm):02087                 bsr     HDRSKIP         Skip the header (XT to X), clear A
                      (        forth.asm):02088                 ldy     DICEND          The upper code section limit (excluded)
                      (        forth.asm):02089                 bsr     HDRCSUM         Current word's definition's checksum to A
                      (        forth.asm):02090                 sta     -1,x            Store the computed checksum into the header
                      (        forth.asm):02091                 leas    1,s             Drop one byte from the system stack
                      (        forth.asm):02092                 ENDC                    RELFEAT
DE34 39               (        forth.asm):02093 (4)             rts
                      (        forth.asm):02094         
                      (        forth.asm):02095                 IFNE    RELFEAT
                      (        forth.asm):02096         * On entry, X has a word's header address. On return X has the compilation
                      (        forth.asm):02097         * address for that word (XT). A is cleared so as to initialize the checksum.
DE35                  (        forth.asm):02098         HDRSKIP lda     ,x              Word's header attribute byte to A
                      (        forth.asm):02099                 anda    #WRLNMSK        Extract the word's length
                      (        forth.asm):02100                 adda    #4              1B attribute, 2B backlink, 1B checksum
                      (        forth.asm):02101                 leax    a,x             X has the word's XT. -1,X has the orig checksum
                      (        forth.asm):02102                 clra
                      (        forth.asm):02103                 rts
                      (        forth.asm):02104         
                      (        forth.asm):02105         * On entry X has a word's compilation address (XT). A is supposed to have been
                      (        forth.asm):02106         * previously cleared. Y has the upper bound of the code section's address
                      (        forth.asm):02107         * (excluded). On return, A will have the word's code section's checksum.
                      (        forth.asm):02108         * X is preserved.
DE35                  (        forth.asm):02109         HDRCSUM pshs    x
DE35                  (        forth.asm):02110         @hdrcs1 eora    ,x+             Update the checksum
                      (        forth.asm):02111                 cmpr    x,y             Upper bound reached?
                      (        forth.asm):02112                 bne     @hdrcs1         No. Process next byte in word's code section
                      (        forth.asm):02113                 puls    x
                      (        forth.asm):02114                 rts
                      (        forth.asm):02115         
DE35                  (        forth.asm):02116         CSUMFLM fcn     'integrity check failed'
                      (        forth.asm):02117                 ENDC                    RELFEAT
                      (        forth.asm):02118         
                      (        forth.asm):02119         * This non-standard word walks through the dictionary linked list and checks
                      (        forth.asm):02120         * that the words that have the MONFLM flag set in their header's attribute
                      (        forth.asm):02121         * field have a definition that still matches the checksum stored in the word's
                      (        forth.asm):02122         * header. This is meant to be used interactively, as a debugging tool, since
                      (        forth.asm):02123         * multitasking is not supported by this implementation. Therefore no status
                      (        forth.asm):02124         * value is returned. Feedback will only be provided for corrupted words, in
                      (        forth.asm):02125         * the form of a diagnostic message printed to the console.
DE35 06               (        forth.asm):02126         ICHECK  fcb     6               Non-standard
DE36 49434845434B     (        forth.asm):02127                 fcc     'ICHECK'        ( -- )
DE3C DE2A             (        forth.asm):02128                 fdb     MONITOR
                      (        forth.asm):02129                 RFCS
                      (        forth.asm):02130                 IFNE    RELFEAT
                      (        forth.asm):02131                 ldy     DICEND          Upper bound for the code of the last word (exc.)
                      (        forth.asm):02132                 ldx     LSTWAD          LAST points to the header of the last word
DE3E                  (        forth.asm):02133         @icklop pshs    x               Current word's header address
                      (        forth.asm):02134                 lda     ,x              Word's header attribute byte to A
                      (        forth.asm):02135                 bita    #MONFLM         Is this a monitored word?
                      (        forth.asm):02136                 beq     @icknxt         No. Point to the next word
                      (        forth.asm):02137                 bsr     HDRSKIP         Skip the header (XT to X), clear A
                      (        forth.asm):02138                 bsr     HDRCSUM         Current word's definition's checksum to A
                      (        forth.asm):02139                 cmpa    -1,x            Does the checksum match the compile time value?
                      (        forth.asm):02140                 beq     @icknxt         Yes. Point to the next word
                      (        forth.asm):02141         * Current word's definition has been modified since its original definition!
                      (        forth.asm):02142                 jsr     PUTCR
                      (        forth.asm):02143                 ldx     ,s              Current word's header address
                      (        forth.asm):02144                 ldb     ,x+
                      (        forth.asm):02145                 andb    #WRLNMSK
                      (        forth.asm):02146                 clra
                      (        forth.asm):02147                 jsr     NPUSH           Word's name base address
                      (        forth.asm):02148                 tfr     d,x
                      (        forth.asm):02149                 jsr     NPUSH           Byte count for TYPE
                      (        forth.asm):02150                 RFXT    jsr,TYPE+7      XT for TYPE
                      (        forth.asm):02151                 RFXT    jsr,SPACE+8     XT for SPACE
                      (        forth.asm):02152                 ldx     #CSUMFLM
                      (        forth.asm):02153                 jsr     PUTS            Feedback for checksum failure
DE3E                  (        forth.asm):02154         @icknxt puls    x               Current word's header address
                      (        forth.asm):02155                 tfr     x,y             Point to the end of the previous word's code
                      (        forth.asm):02156                 bsr     HDRSKIP         Skip the header (XT to X), clear A
                      (        forth.asm):02157                 ldx     -3,x            Point to the previous header via the backlink
                      (        forth.asm):02158                 beq     @ickdon         We've just reached the end of the dictionary
                      (        forth.asm):02159                 bra     @icklop
                      (        forth.asm):02160                 ENDC                    RELFEAT
DE3E 39               (        forth.asm):02161 (4)     @ickdon rts
                      (        forth.asm):02162         
                      (        forth.asm):02163         * hForth prototyping code below:
                      (        forth.asm):02164         * : ?DO 0 rakeVar !
                      (        forth.asm):02165         *   POSTPONE do?DO
                      (        forth.asm):02166         *   HERE            \ leave ?DO-orig
                      (        forth.asm):02167         *   0 ,
                      (        forth.asm):02168         *   HERE            \ leave DO-dest
                      (        forth.asm):02169         *   bal+ ; IMMEDIATE RESTRICT
DE3F C3               (        forth.asm):02170         QDO     fcb     $C3             ANSI (Core ext)
DE40 3F444F           (        forth.asm):02171                 fcc     '?DO'           Comp: ( C: -- do-sys )
DE43 DE35             (        forth.asm):02172                 fdb     ICHECK          Exec: ( n1|u1 n2|u2 -- ) ( R: -- | loop-sys )
                      (        forth.asm):02173                 RFCS
DE45 8EDE6C           (        forth.asm):02174 (3)             ldx     #QDOEX
DE48 BDD152           (        forth.asm):02175 (7)             jsr     EMXASXT         Compile "JSR QDOEX"
DE4B 0C4A             (        forth.asm):02176 (5)             inc     CYCLO           Update MCC counter
                      (        forth.asm):02177         * The rest of this code looks very much like IF, except that 1 is not pushed
                      (        forth.asm):02178         * to the control flow stack to indicate an IF. This is done later on when
                      (        forth.asm):02179         * the RAKE code is executed by LOOP.
DE4D CC2603           (        forth.asm):02180 (3)             ldd     #BNEOPC
DE50 EDA1             (        forth.asm):02181 (5+2)           std     ,y++
DE52 867E             (        forth.asm):02182 (2)             lda     #JMPOPC
DE54 A7A0             (        forth.asm):02183 (4+1)           sta     ,y+
DE56 1F21             (        forth.asm):02184 (4)             tfr     y,x
DE58 BDD7E5           (        forth.asm):02185 (7)             jsr     CSPUSH          ANS:do-sys/addr (?DO-orig) is HERE
DE5B 3122             (        forth.asm):02186 (4+1)           leay    2,y             2 ALLOT instead of 0 ,
DE5D 109F08           (        forth.asm):02187 (5)             sty     DICEND
DE60 1F21             (        forth.asm):02188 (4)             tfr     y,x             ANS:do-sys/type (DO-dest) is HERE
DE62 BDD7E5           (        forth.asm):02189 (7)             jsr     CSPUSH
DE65 104F             (        forth.asm):02190 (2)     QDO1    clrd
DE67 DD18             (        forth.asm):02191 (4)             std     RAKEVAR         Used for LEAVE forward references handling
DE69 0C35             (        forth.asm):02192 (5)             inc     BALNCD
DE6B 39               (        forth.asm):02193 (4)             rts
                      (        forth.asm):02194         
DE6C BDDAFC           (        forth.asm):02195 (7)     QDOEX   jsr     MIN2PST
DE6F AE42             (        forth.asm):02196 (5+1)           ldx     2,u             Loop limit
DE71 10AEC4           (        forth.asm):02197 (6+0)           ldy     ,u              Loop index
DE74 3344             (        forth.asm):02198 (4+1)           leau    4,u             2DROP
DE76 103721           (        forth.asm):02199 (4)             cmpr    y,x
DE79 270A             (        forth.asm):02200 (3)             beq     @skloop         Loop bypassed, return with ZFLAG set
DE7B BDD817           (        forth.asm):02201 (7)             jsr     RPUSH           limit >R
DE7E 1F21             (        forth.asm):02202 (4)             tfr     y,x
DE80 BDD817           (        forth.asm):02203 (7)             jsr     RPUSH           index >R
DE83 1CFB             (        forth.asm):02204 (2)             andcc   #^ZFLAG         Clear ZFLAG
DE85 39               (        forth.asm):02205 (4)     @skloop rts
                      (        forth.asm):02206         
                      (        forth.asm):02207         * hForth prototyping code below:
                      (        forth.asm):02208         * : DO 0 rakeVar !   0   POSTPONE doDO   HERE   bal+ ; IMMEDIATE RESTRICT
DE86 C2               (        forth.asm):02209         DO      fcb     $C2             ANSI (Core)
DE87 444F             (        forth.asm):02210                 fcc     'DO'            Comp: ( C: -- do-sys )
DE89 DE3F             (        forth.asm):02211                 fdb     QDO             Exec: ( n1|u1 n2|u2 -- ) ( R: -- loop-sys )
                      (        forth.asm):02212                 RFCS
DE8B 8EDE9F           (        forth.asm):02213 (3)             ldx     #DOEX
DE8E BDD152           (        forth.asm):02214 (7)             jsr     EMXASXT         Compile "JSR DOEX"
DE91 0C4A             (        forth.asm):02215 (5)             inc     CYCLO           Update MCC counter
DE93 1FC1             (        forth.asm):02216 (4)             tfr     0,x             ANS:do-sys/addr (?DO-orig) is 0 for DO
DE95 BDD7E5           (        forth.asm):02217 (7)             jsr     CSPUSH
DE98 1F21             (        forth.asm):02218 (4)             tfr     y,x             ANS:do-sys/type (DO-dest) is HERE
DE9A BDD7E5           (        forth.asm):02219 (7)             jsr     CSPUSH
DE9D 20C6             (        forth.asm):02220 (3)             bra     QDO1
                      (        forth.asm):02221         
DE9F BDEDBA           (        forth.asm):02222         DOEX    RFXT    jsr,SWAP+7      XT for SWAP
DEA2 BDE1DE           (        forth.asm):02223                 RFXT    jsr,TOR+5       XT for >R (limit)
DEA5 7EE1DE           (        forth.asm):02224                 RFXT    jmp,TOR+5       XT for >R (index)
                      (        forth.asm):02225         
                      (        forth.asm):02226         * hForth prototyping code below:
                      (        forth.asm):02227         * : LOOP POSTPONE doLOOP   rake ; IMMEDIATE RESTRICT
DEA8 C4               (        forth.asm):02228         LOOP    fcb     $C4             ANSI (Core)
DEA9 4C4F4F50         (        forth.asm):02229                 fcc     'LOOP'          Comp: ( C: do-sys -- )
DEAD DE86             (        forth.asm):02230                 fdb     DO              Exec: ( -- ) ( R:  loop-sys1 --  | loop-sys2 )
                      (        forth.asm):02231                 RFCS
DEAF 8EDEEF           (        forth.asm):02232 (3)             ldx     #LOOPEX
DEB2 BDD152           (        forth.asm):02233 (7)     LOOP1   jsr     EMXASXT
DEB5 8E2503           (        forth.asm):02234 (3)             ldx     #BCSOPC         Compile "BCS *+5"
DEB8 AFA1             (        forth.asm):02235 (5+2)           stx     ,y++
DEBA BDD7F3           (        forth.asm):02236 (7)             jsr     CSPOP           ANS:do-sys/type (DO-dest): loop begin. addr.
DEBD 867E             (        forth.asm):02237 (2)             lda     #JMPOPC
DEBF BDD585           (        forth.asm):02238 (7)             jsr     VARCON2         Compile "JMP DO-dest"
DEC2 109F08           (        forth.asm):02239 (5)             sty     DICEND
DEC5 109F16           (        forth.asm):02240 (5)             sty     FWDREF          Last recorded forward reference
                      (        forth.asm):02241         * RAKE: Y has HERE, which all (if any) LEAVE forward references
                      (        forth.asm):02242         * should resolve to.
DEC8 9E18             (        forth.asm):02243 (4)             ldx     RAKEVAR
DECA 270B             (        forth.asm):02244 (3)     @lopres beq     @lopdon
DECC EC84             (        forth.asm):02245 (5+0)           ldd     ,x              D has the next forward reference
DECE 10AF84           (        forth.asm):02246 (6+0)           sty     ,x              Resolve LEAVE forward reference
DED1 1F01             (        forth.asm):02247 (4)             tfr     d,x
DED3 104D             (        forth.asm):02248 (2)             tstd
DED5 20F3             (        forth.asm):02249 (3)             bra     @lopres
DED7 9F18             (        forth.asm):02250 (4)     @lopdon stx     RAKEVAR
DED9 0A35             (        forth.asm):02251 (5)             dec     BALNCD
DEDB BDD7F3           (        forth.asm):02252 (7)             jsr     CSPOP           ANS:do-sys/addr (?DO-orig) to X
DEDE 2601             (        forth.asm):02253 (3)             bne     @endqdo         If NZ push it back, push type 1 and call THEN
DEE0 39               (        forth.asm):02254 (4)             rts
                      (        forth.asm):02255         * End a ?DO construct with an implicit THEN.
DEE1 0C35             (        forth.asm):02256 (5)     @endqdo inc     BALNCD
DEE3 BDD7E5           (        forth.asm):02257 (7)             jsr     CSPUSH          Push back IF jump address 
DEE6 8E0001           (        forth.asm):02258 (3)             ldx     #1
DEE9 BDD7E5           (        forth.asm):02259 (7)             jsr     CSPUSH          to the control flow stack with type 1 (IF)
DEEC 7EDF97           (        forth.asm):02260                 RFXT    jmp,THEN+7
                      (        forth.asm):02261         
DEEF 8E0001           (        forth.asm):02262 (3)     LOOPEX  ldx     #1
DEF2 2010             (        forth.asm):02263 (3)             bra     PLOPEX1
                      (        forth.asm):02264         
DEF4 C5               (        forth.asm):02265         PLOOP   fcb     $C5             ANSI (Core)
DEF5 2B4C4F4F50       (        forth.asm):02266                 fcc     '+LOOP'         Comp: ( C: do-sys -- )
DEFA DEA8             (        forth.asm):02267                 fdb     LOOP            Exec: ( n -- ) ( R: loop-sys1 -- | loop-sys2 )
                      (        forth.asm):02268                 RFCS
DEFC 8EDF01           (        forth.asm):02269 (3)             ldx     #PLOOPEX
DEFF 20B1             (        forth.asm):02270 (3)             bra     LOOP1
                      (        forth.asm):02271         
                      (        forth.asm):02272         * Anton Ertl's forth-standard.org notes on +LOOP (2019-05-21 05:54:21):
                      (        forth.asm):02273         * "Note that the loop control parameters can be either signed or unsigned,
                      (        forth.asm):02274         * and +LOOP has to work for both. For systems with 2s-complement representation
                      (        forth.asm):02275         * for signed numbers, the way to go is to use circular arithmetic: compute
                      (        forth.asm):02276         * x=(index-limit)+minint, and observe if the addition x+n crosses the boundary
                      (        forth.asm):02277         * between minint and maxint. Many architectures report this through the
                      (        forth.asm):02278         * overflow flag."
                      (        forth.asm):02279         * Here we do precisely what the good Doktor says, setting the carry flag on
                      (        forth.asm):02280         * overflow detection.
DF01 BDD7F3           (        forth.asm):02281 (7)     PLOOPEX jsr     NPOP
DF04 1F16             (        forth.asm):02282 (4)     PLOPEX1 tfr     x,w             Increment to W
DF06 BDD830           (        forth.asm):02283 (7)             jsr     RPOP
DF09 1F12             (        forth.asm):02284 (4)             tfr     x,y             Index to Y
DF0B BDD830           (        forth.asm):02285 (7)             jsr     RPOP            Limit to X
DF0E CC8000           (        forth.asm):02286 (3)             ldd     #$8000          Minimum integer on a 2 byte cell system
DF11 103020           (        forth.asm):02287 (4)             addr    y,d             add the index
DF14 103210           (        forth.asm):02288 (4)             subr    x,d             substract the limit
DF17 103060           (        forth.asm):02289 (4)             addr    w,d             add the increment and check for overflow
DF1A 290E             (        forth.asm):02290 (3)             bvs     @limrcd         Limit reached
DF1C BDD817           (        forth.asm):02291 (7)             jsr     RPUSH           Limit to the return stack
DF1F 103062           (        forth.asm):02292 (4)             addr    w,y             Update the index
DF22 1F21             (        forth.asm):02293 (4)             tfr     y,x
DF24 BDD817           (        forth.asm):02294 (7)             jsr     RPUSH           Updated index to the return stack
DF27 1CFE             (        forth.asm):02295 (2)             andcc   #^CFLAG         Clear CFLAG
DF29 39               (        forth.asm):02296 (4)             rts
DF2A 1A01             (        forth.asm):02297 (2)     @limrcd orcc    #CFLAG          Set CFLAG
DF2C 39               (        forth.asm):02298 (4)             rts
                      (        forth.asm):02299         
DF2D 46               (        forth.asm):02300         UNLOOP  fcb     $46             ANSI (Core)
DF2E 554E4C4F4F50     (        forth.asm):02301                 fcc     'UNLOOP'        ( -- ) ( R: loop-sys -- )
DF34 DEF4             (        forth.asm):02302                 fdb     PLOOP
                      (        forth.asm):02303                 RFCS
DF36 BDD830           (        forth.asm):02304 (7)             jsr     RPOP            Drop the index from the return stack
DF39 7ED830           (        forth.asm):02305 (3)             jmp     RPOP            and the loop limit as well
                      (        forth.asm):02306         
                      (        forth.asm):02307         * hForth prototyping code below:
                      (        forth.asm):02308         *
                      (        forth.asm):02309         * VARIABLE bal   0 bal !
                      (        forth.asm):02310         * : bal+ 1 bal +! ;
                      (        forth.asm):02311         * : bal- -1 bal +! ;
                      (        forth.asm):02312         * : branch jmpopc C, ; RESTRICT
                      (        forth.asm):02313         * : 0branch jsropc C, npop ,
                      (        forth.asm):02314         *   bneopc ,
                      (        forth.asm):02315         *   branch ; RESTRICT
                      (        forth.asm):02316         * : AHEAD branch HERE 0 ,  \ 0 is an unresolved forward reference
                      (        forth.asm):02317         *   bal+ 1 ; IMMEDIATE RESTRICT
DF3C C5               (        forth.asm):02318         AHEAD   fcb     $C5             ANSI (Programming tools ext)
DF3D 4148454144       (        forth.asm):02319                 fcc     'AHEAD'         Comp: ( C: -- orig )
DF42 DF2D             (        forth.asm):02320                 fdb     UNLOOP          Exec: ( -- )
                      (        forth.asm):02321                 RFCS
DF44 109E08           (        forth.asm):02322 (5)             ldy     DICEND
DF47 867E             (        forth.asm):02323 (2)     AHEAD1  lda     #JMPOPC
DF49 A7A0             (        forth.asm):02324 (4+1)           sta     ,y+
DF4B 1F21             (        forth.asm):02325 (4)             tfr     y,x             Jump address location (ANS:orig/addr) to X
DF4D 3122             (        forth.asm):02326 (4+1)           leay    2,y
DF4F 109F08           (        forth.asm):02327 (5)             sty     DICEND          2 ALLOT (instead of 0 ,)
DF52 0C35             (        forth.asm):02328 (5)             inc     BALNCD
DF54 BDD7E5           (        forth.asm):02329 (7)             jsr     CSPUSH          ANS:orig/addr to the control flow stack
DF57 8E0001           (        forth.asm):02330 (3)             ldx     #1              ANS:orig/type is 1
DF5A 7ED7E5           (        forth.asm):02331 (3)             jmp     CSPUSH
                      (        forth.asm):02332         
                      (        forth.asm):02333         * hForth prototyping code below:
                      (        forth.asm):02334         * : IF 0branch HERE 0 ,  \ 0 is an unresolved forward reference
                      (        forth.asm):02335         *   bal+ 1 ; IMMEDIATE RESTRICT
DF5D C2               (        forth.asm):02336         IF      fcb     $C2             ANSI (Core)
DF5E 4946             (        forth.asm):02337                 fcc     'IF'            Comp: ( C: -- orig )
DF60 DF3C             (        forth.asm):02338                 fdb     AHEAD           Exec: ( x -- )
                      (        forth.asm):02339                 RFCS
DF62 8ED7F3           (        forth.asm):02340 (3)             ldx     #NPOP
DF65 BDD152           (        forth.asm):02341 (7)             jsr     EMXASXT         Compile "JSR NPOP"
DF68 CC2603           (        forth.asm):02342 (3)             ldd     #BNEOPC
DF6B EDA1             (        forth.asm):02343 (5+2)           std     ,y++            Compile "BNE *+5"
DF6D 0C4A             (        forth.asm):02344 (5)             inc     CYCLO           Update MCC counter
DF6F 20D6             (        forth.asm):02345 (3)             bra     AHEAD1
                      (        forth.asm):02346         
                      (        forth.asm):02347         * Functionally equivalent to:
                      (        forth.asm):02348         * : UNLESS POSTPONE 0= POSTPONE IF ; IMMEDIATE RESTRICT
DF71 C6               (        forth.asm):02349         UNLESS  fcb     $C6             Non-standard (Perl inspired)
DF72 554E4C455353     (        forth.asm):02350                 fcc     'UNLESS'
DF78 DF5D             (        forth.asm):02351                 fdb     IF
                      (        forth.asm):02352                 RFCS
DF7A 8EE082           (        forth.asm):02353                 RFXT    ldx,#NULP+5     XT for 0=
DF7D BDD152           (        forth.asm):02354 (7)             jsr     EMXASXT
DF80 20E0             (        forth.asm):02355                 RFXT    bra,IF+5        XT for IF
                      (        forth.asm):02356         
                      (        forth.asm):02357         * hForth prototyping code below:
                      (        forth.asm):02358         * : ELSE POSTPONE AHEAD 2SWAP POSTPONE THEN ; IMMEDIATE RESTRICT
DF82 C4               (        forth.asm):02359         ELSE    fcb     $C4             ANSI (Core)
DF83 454C5345         (        forth.asm):02360                 fcc     'ELSE'          Comp: ( C: orig1 -- orig2 )
DF87 DF71             (        forth.asm):02361                 fdb     UNLESS          Exec: ( -- )
                      (        forth.asm):02362                 RFCS
DF89 8DB9             (        forth.asm):02363                 RFXT    bsr,AHEAD+8
DF8B BDE5C3           (        forth.asm):02364                 RFXT    jsr,TWOSWAP+8   This should be read as "1 CS-ROLL"
DF8E 2007             (        forth.asm):02365                 RFXT    bra,THEN+7
                      (        forth.asm):02366         
                      (        forth.asm):02367         * hForth prototyping code below:
                      (        forth.asm):02368         * : THEN 1- ABORT" Unbalanced IF/ELSE/THEN construct"
                      (        forth.asm):02369         *   HERE SWAP ! bal-
                      (        forth.asm):02370         *   HERE fwdref ! ; IMMEDIATE RESTRICT
DF90 C4               (        forth.asm):02371         THEN    fcb     $C4             ANSI (Core)
DF91 5448454E         (        forth.asm):02372                 fcc     'THEN'          Comp: ( C: orig -- )
DF95 DF82             (        forth.asm):02373                 fdb     ELSE            Exec: ( -- )
                      (        forth.asm):02374                 RFCS
DF97 BDD7F3           (        forth.asm):02375 (7)             jsr     CSPOP           ANS:orig/type to X
DF9A 301F             (        forth.asm):02376 (4+1)           leax    -1,x
DF9C 1026F8AB         (        forth.asm):02377 (5)             lbne    BALERR          Illegal construct, type must be 1
DFA0 109E08           (        forth.asm):02378 (5)             ldy     DICEND
DFA3 BDD7F3           (        forth.asm):02379 (7)             jsr     CSPOP           ANS:orig/addr to X
DFA6 10AF84           (        forth.asm):02380 (6+0)           sty     ,x              Resolve forward reference to HERE
DFA9 109F16           (        forth.asm):02381 (5)             sty     FWDREF          Last recorded forward reference
DFAC 0A35             (        forth.asm):02382 (5)             dec     BALNCD
DFAE 39               (        forth.asm):02383 (4)             rts
                      (        forth.asm):02384         
DFAF 01               (        forth.asm):02385         EQ      fcb     1               ANSI (Core)
DFB0 3D               (        forth.asm):02386                 fcc     '='             ( x1 x2 -- flag )
DFB1 DF90             (        forth.asm):02387                 fdb     THEN
                      (        forth.asm):02388                 RFCS
DFB3 BDDAFC           (        forth.asm):02389 (7)             jsr     MIN2PST         At least two cells need to be stacked up
DFB6 10ECC4           (        forth.asm):02390 (8+0)           ldq     ,u              D:W has X2:X1
DFB9 3342             (        forth.asm):02391 (4+1)           leau    2,u             Drop one cell from the user stack
DFBB 1FC1             (        forth.asm):02392 (4)             tfr     0,x
DFBD 103760           (        forth.asm):02393 (4)             cmpr    w,d
DFC0 2602             (        forth.asm):02394 (3)             bne     @eq1
DFC2 301F             (        forth.asm):02395 (4+1)           leax    -1,x            Return the ANSI true
DFC4 AFC4             (        forth.asm):02396 (5+0)   @eq1    stx     ,u              Store in place to FLAG
DFC6 39               (        forth.asm):02397 (4)             rts
                      (        forth.asm):02398         
DFC7 02               (        forth.asm):02399         DIFF    fcb     2               ANSI (Core ext)
DFC8 3C3E             (        forth.asm):02400                 fcc     '<>'            ( N1 N2 -- FLAG )
DFCA DFAF             (        forth.asm):02401                 fdb     EQ
                      (        forth.asm):02402                 RFCS
DFCC BDDAFC           (        forth.asm):02403 (7)             jsr     MIN2PST         At least two cells need to be stacked up
DFCF 10ECC4           (        forth.asm):02404 (8+0)           ldq     ,u              D:W has N2:N1
DFD2 3342             (        forth.asm):02405 (4+1)           leau    2,u             Drop one cell from the user stack
DFD4 1FC1             (        forth.asm):02406 (4)             tfr     0,x
DFD6 103760           (        forth.asm):02407 (4)             cmpr    w,d
DFD9 2702             (        forth.asm):02408 (3)             beq     @diff1
DFDB 301F             (        forth.asm):02409 (4+1)           leax    -1,x            Return the ANSI true
DFDD AFC4             (        forth.asm):02410 (5+0)   @diff1  stx     ,u              Store in place to FLAG
DFDF 39               (        forth.asm):02411 (4)             rts
                      (        forth.asm):02412         
DFE0 02               (        forth.asm):02413         SINFEQ  fcb     2               Non-standard (Not even ANSI!)
DFE1 3C3D             (        forth.asm):02414                 fcc     '<='            Required for the ORNL fixed sieve benchmark
DFE3 DFC7             (        forth.asm):02415                 fdb     DIFF
                      (        forth.asm):02416                 RFCS
DFE5 BDDAFC           (        forth.asm):02417 (7)             jsr     MIN2PST         At least two cells need to be stacked up
DFE8 10AEC4           (        forth.asm):02418 (6+0)           ldy     ,u
DFEB AE42             (        forth.asm):02419 (5+1)           ldx     2,u
DFED 104F             (        forth.asm):02420 (2)             clrd
DFEF 103721           (        forth.asm):02421 (4)             cmpr    y,x
DFF2 2E02             (        forth.asm):02422 (3)             bgt     @sinfq1
DFF4 104A             (        forth.asm):02423 (2)             decd                    Return the ANSI true
DFF6 3342             (        forth.asm):02424 (4+1)   @sinfq1 leau    2,u             Drop one cell
DFF8 EDC4             (        forth.asm):02425 (5+0)           std     ,u
DFFA 39               (        forth.asm):02426 (4)             rts
                      (        forth.asm):02427         
                      (        forth.asm):02428                 IFNE    DEBUG
DFFB                  (        forth.asm):02429         CC      fcb     2               Non-standard. Used for debugging
                      (        forth.asm):02430                 fcc     'CC'
                      (        forth.asm):02431                 fdb     SINFEQ
                      (        forth.asm):02432                 RFCS
                      (        forth.asm):02433                 ldx     CCREG
                      (        forth.asm):02434                 jmp     NPUSH
                      (        forth.asm):02435                 ENDC                    DEBUG
                      (        forth.asm):02436         
DFFB 03               (        forth.asm):02437         XOR     fcb     3               ANSI (Core)
DFFC 584F52           (        forth.asm):02438                 fcc     'XOR'           ( x1 x2 -- x3 )
                      (        forth.asm):02439                 IFNE    DEBUG
                      (        forth.asm):02440                 fdb     CC
                      (        forth.asm):02441                 ELSE
DFFF DFE0             (        forth.asm):02442                 fdb     SINFEQ
                      (        forth.asm):02443                 ENDC                    DEBUG
                      (        forth.asm):02444                 RFCS
E001 BDDAFC           (        forth.asm):02445 (7)             jsr     MIN2PST         At least two cells need to be stacked up
E004 ECC4             (        forth.asm):02446 (5+0)           ldd     ,u              X2 to D
E006 10A642           (        forth.asm):02447 (6+1)           ldw     2,u             X1 to W
E009 103660           (        forth.asm):02448 (4)             eorr    w,d
E00C 3342             (        forth.asm):02449 (4+1)   XOR1    leau    2,u
E00E EDC4             (        forth.asm):02450 (5+0)           std     ,u              X1 ^ X2 to X3
E010 39               (        forth.asm):02451 (4)             rts
                      (        forth.asm):02452         
E011 02               (        forth.asm):02453         OR      fcb     2               ANSI (Core)
E012 4F52             (        forth.asm):02454                 fcc     'OR'            ( x1 x2 -- x3 )
E014 DFFB             (        forth.asm):02455                 fdb     XOR
                      (        forth.asm):02456                 RFCS
E016 BDDAFC           (        forth.asm):02457 (7)             jsr     MIN2PST         At least two cells need to be stacked up
E019 ECC4             (        forth.asm):02458 (5+0)           ldd     ,u              X2 to D
E01B 10A642           (        forth.asm):02459 (6+1)           ldw     2,u             X1 to W
E01E 103560           (        forth.asm):02460 (4)             orr     w,d
E021 20E9             (        forth.asm):02461 (3)             bra     XOR1            X1 | X2 to X3
                      (        forth.asm):02462         
E023 03               (        forth.asm):02463         AND     fcb     3               ANSI (Core)
E024 414E44           (        forth.asm):02464                 fcc     'AND'           ( x1 x2 -- x3 )
E027 E011             (        forth.asm):02465                 fdb     OR
                      (        forth.asm):02466                 RFCS
E029 BDDAFC           (        forth.asm):02467 (7)             jsr     MIN2PST         At least two cells need to be stacked up
E02C ECC4             (        forth.asm):02468 (5+0)           ldd     ,u              X2 to D
E02E 10A642           (        forth.asm):02469 (6+1)           ldw     2,u             X1 to W
E031 103460           (        forth.asm):02470 (4)             andr    w,d
E034 20D6             (        forth.asm):02471 (3)             bra     XOR1            X1 & X2 to X3
                      (        forth.asm):02472         
E036 06               (        forth.asm):02473         INVERT  fcb     6               ANSI (Core)
E037 494E56455254     (        forth.asm):02474                 fcc     'INVERT'        ( x1 -- x2 )
E03D E023             (        forth.asm):02475                 fdb     AND
                      (        forth.asm):02476                 RFCS
E03F BDD7F3           (        forth.asm):02477 (7)             jsr     NPOP            X1 to X
E042 1F10             (        forth.asm):02478 (4)             tfr     x,d
E044 1043             (        forth.asm):02479 (2)             comd
E046 1F01             (        forth.asm):02480 (4)             tfr     d,x             X2 to X
E048 3610             (        forth.asm):02481                 UCNPUSH                 and to the data stack
E04A 39               (        forth.asm):02482 (4)             rts
                      (        forth.asm):02483         
E04B 02               (        forth.asm):02484         ZGREAT  fcb     2               ANSI (Core ext)
E04C 303E             (        forth.asm):02485                 fcc     '0>'
E04E E036             (        forth.asm):02486                 fdb     INVERT
                      (        forth.asm):02487                 RFCS
E050 BDD7F3           (        forth.asm):02488 (7)             jsr     NPOP
E053 1F10             (        forth.asm):02489 (4)             tfr     x,d
E055 104D             (        forth.asm):02490 (2)             tstd
E057 2F06             (        forth.asm):02491 (3)             ble     @zgrt1
E059 8EFFFF           (        forth.asm):02492 (3)             ldx     #-1             Return the ANSI true
E05C 3610             (        forth.asm):02493                 UCNPUSH
E05E 39               (        forth.asm):02494 (4)             rts
E05F 1FC1             (        forth.asm):02495 (4)     @zgrt1  tfr     0,x
E061 3610             (        forth.asm):02496                 UCNPUSH
E063 39               (        forth.asm):02497 (4)             rts
                      (        forth.asm):02498         
E064 02               (        forth.asm):02499         ZLESS   fcb     2               ANSI (Core)
E065 303C             (        forth.asm):02500                 fcc     '0<'            ( n -- flag )
E067 E04B             (        forth.asm):02501                 fdb     ZGREAT
                      (        forth.asm):02502                 RFCS
E069 BDD7F3           (        forth.asm):02503 (7)             jsr     NPOP
E06C 1F10             (        forth.asm):02504 (4)             tfr     x,d
E06E 104D             (        forth.asm):02505 (2)             tstd
E070 2C06             (        forth.asm):02506 (3)             bge     @zlss1
E072 8EFFFF           (        forth.asm):02507 (3)             ldx     #-1             Return the ANSI true
E075 3610             (        forth.asm):02508                 UCNPUSH
E077 39               (        forth.asm):02509 (4)             rts
E078 1FC1             (        forth.asm):02510 (4)     @zlss1  tfr     0,x
E07A 3610             (        forth.asm):02511                 UCNPUSH
E07C 39               (        forth.asm):02512 (4)             rts
                      (        forth.asm):02513         
E07D 02               (        forth.asm):02514         NULP    fcb     2               ANSI (Core)
E07E 303D             (        forth.asm):02515                 fcc     '0='            ( x -- flag )
E080 E064             (        forth.asm):02516                 fdb     ZLESS
                      (        forth.asm):02517                 RFCS
E082 BDD7F3           (        forth.asm):02518 (7)             jsr     NPOP
E085 1F10             (        forth.asm):02519 (4)             tfr     x,d
E087 1FC1             (        forth.asm):02520 (4)             tfr     0,x
E089 104D             (        forth.asm):02521 (2)             tstd
E08B 2703             (        forth.asm):02522 (3)             beq     @nulp2
E08D 3610             (        forth.asm):02523         @nulp1  UCNPUSH
E08F 39               (        forth.asm):02524 (4)             rts
E090 301F             (        forth.asm):02525 (4+1)   @nulp2  leax    -1,x            Return the ANSI true
E092 20F9             (        forth.asm):02526 (3)             bra     @nulp1
                      (        forth.asm):02527         
E094 03               (        forth.asm):02528         ZNEQ    fcb     3               ANSI (Core ext)
E095 303C3E           (        forth.asm):02529                 fcc     '0<>'
E098 E07D             (        forth.asm):02530                 fdb     NULP
                      (        forth.asm):02531                 RFCS
E09A 8DE6             (        forth.asm):02532                 RFXT    bsr,NULP+5
E09C 20A1             (        forth.asm):02533                 RFXT    bra,INVERT+9
                      (        forth.asm):02534         
                      (        forth.asm):02535         * Maybe this one should go. It is not specified in the ANS94 reference
                      (        forth.asm):02536         * document but Conklin/Rather have it as "common usage."
E09E 03               (        forth.asm):02537         NOT     fcb     3               79-STANDARD (REQ165)
E09F 4E4F54           (        forth.asm):02538                 fcc     'NOT'
E0A2 E094             (        forth.asm):02539                 fdb     ZNEQ
                      (        forth.asm):02540                 RFCS
E0A4 20DC             (        forth.asm):02541                 RFXT    bra,NULP+5      XT for 0=
                      (        forth.asm):02542         
E0A6 02               (        forth.asm):02543         USUP    fcb     2               ANSI (Core Ext)
E0A7 553E             (        forth.asm):02544                 fcc     'U>'
E0A9 E09E             (        forth.asm):02545                 fdb     NOT
                      (        forth.asm):02546                 RFCS
E0AB BDD58A           (        forth.asm):02547 (7)             jsr     CMP2
E0AE 2302             (        forth.asm):02548 (3)             bls     @usup1
E0B0 301F             (        forth.asm):02549 (4+1)           leax    -1,x            Return the ANSI true
E0B2 3610             (        forth.asm):02550         @usup1  UCNPUSH
E0B4 39               (        forth.asm):02551 (4)             rts
                      (        forth.asm):02552         
E0B5 02               (        forth.asm):02553         UINF    fcb     2               ANSI (Core)
E0B6 553C             (        forth.asm):02554                 fcc     'U<'            ( u1 u2 -- flag )
E0B8 E0A6             (        forth.asm):02555                 fdb     USUP
                      (        forth.asm):02556                 RFCS
E0BA BDD58A           (        forth.asm):02557 (7)             jsr     CMP2
E0BD 2402             (        forth.asm):02558 (3)             bhs     @uinf1          Z is set
E0BF 301F             (        forth.asm):02559 (4+1)           leax    -1,x            Return the ANSI true
E0C1 3610             (        forth.asm):02560         @uinf1  UCNPUSH
E0C3 39               (        forth.asm):02561 (4)             rts
                      (        forth.asm):02562         
E0C4 01               (        forth.asm):02563         SUP     fcb     1               ANSI (Core)
E0C5 3E               (        forth.asm):02564                 fcc     '>'             ( n1 n2 -- flag )
E0C6 E0B5             (        forth.asm):02565                 fdb     UINF
                      (        forth.asm):02566                 RFCS
E0C8 BDD58A           (        forth.asm):02567 (7)             jsr     CMP2
E0CB 2F02             (        forth.asm):02568 (3)             ble     @sup1
E0CD 301F             (        forth.asm):02569 (4+1)           leax    -1,x            Return the ANSI true
E0CF 3610             (        forth.asm):02570         @sup1   UCNPUSH
E0D1 39               (        forth.asm):02571 (4)             rts
                      (        forth.asm):02572         
E0D2 01               (        forth.asm):02573         INF     fcb     1               ANSI (Core)
E0D3 3C               (        forth.asm):02574                 fcc     '<'             ( n1 n2 -- flag )
E0D4 E0C4             (        forth.asm):02575                 fdb     SUP
                      (        forth.asm):02576                 RFCS
E0D6 BDD58A           (        forth.asm):02577 (7)             jsr     CMP2
E0D9 2C02             (        forth.asm):02578 (3)             bge     @inf1
E0DB 301F             (        forth.asm):02579 (4+1)           leax    -1,x            Return the ANSI true
E0DD 3610             (        forth.asm):02580         @inf1   UCNPUSH
E0DF 39               (        forth.asm):02581 (4)             rts
                      (        forth.asm):02582         
E0E0 03               (        forth.asm):02583         MAX     fcb     3               ANSI (Core)
E0E1 4D4158           (        forth.asm):02584                 fcc     'MAX'           ( n1 n2 -- n3 )
E0E4 E0D2             (        forth.asm):02585                 fdb     INF
                      (        forth.asm):02586                 RFCS
E0E6 BDD7F3           (        forth.asm):02587 (7)             jsr     NPOP
E0E9 1F12             (        forth.asm):02588 (4)             tfr     x,y             N2 to Y
E0EB BDD7F3           (        forth.asm):02589 (7)             jsr     NPOP            N1 to X
E0EE 103721           (        forth.asm):02590 (4)             cmpr    y,x
E0F1 2C02             (        forth.asm):02591 (3)             bge     @pshrv1
E0F3 1F21             (        forth.asm):02592 (4)             tfr     y,x
E0F5 3610             (        forth.asm):02593         @pshrv1 UCNPUSH                 (X) N3 to the data stack
E0F7 39               (        forth.asm):02594 (4)             rts
                      (        forth.asm):02595         
E0F8 03               (        forth.asm):02596         MIN     fcb     3               ANSI (Core)
E0F9 4D494E           (        forth.asm):02597                 fcc     'MIN'           ( n1 n2 -- n3 )
E0FC E0E0             (        forth.asm):02598                 fdb     MAX
                      (        forth.asm):02599                 RFCS
E0FE BDD7F3           (        forth.asm):02600 (7)             jsr     NPOP
E101 1F12             (        forth.asm):02601 (4)             tfr     x,y             N2 to Y
E103 BDD7F3           (        forth.asm):02602 (7)             jsr     NPOP            N1 to X
E106 103721           (        forth.asm):02603 (4)             cmpr    y,x
E109 2F02             (        forth.asm):02604 (3)             ble     @pshrv2
E10B 1F21             (        forth.asm):02605 (4)             tfr     y,x
E10D 3610             (        forth.asm):02606         @pshrv2 UCNPUSH                 (X) N3 to the data stack
E10F 39               (        forth.asm):02607 (4)             rts
                      (        forth.asm):02608         
E110 03               (        forth.asm):02609         ABS     fcb     3               ANSI (Core)
E111 414253           (        forth.asm):02610                 fcc     'ABS'           ( n -- u )
E114 E0F8             (        forth.asm):02611                 fdb     MIN
                      (        forth.asm):02612                 RFCS
E116 BDD7F3           (        forth.asm):02613 (7)             jsr     NPOP
E119 1F10             (        forth.asm):02614 (4)             tfr     x,d             N to D
E11B 104D             (        forth.asm):02615 (2)             tstd
E11D 2A04             (        forth.asm):02616 (3)             bpl     @abs1
E11F 1040             (        forth.asm):02617 (2)             negd
E121 1F01             (        forth.asm):02618 (4)             tfr     d,x
E123 3610             (        forth.asm):02619         @abs1   UCNPUSH                 X to U
E125 39               (        forth.asm):02620 (4)             rts
                      (        forth.asm):02621         
E126 06               (        forth.asm):02622         NEGATE  fcb     6               ANSI (Core)
E127 4E4547415445     (        forth.asm):02623                 fcc     'NEGATE'        ( n1 -- n2 )
E12D E110             (        forth.asm):02624                 fdb     ABS
                      (        forth.asm):02625                 RFCS
E12F BDDAF7           (        forth.asm):02626 (7)             jsr     MIN1PST         At least one cell needs to be stacked up
E132 ECC4             (        forth.asm):02627 (5+0)           ldd     ,u
E134 1040             (        forth.asm):02628 (2)             negd
E136 EDC4             (        forth.asm):02629 (5+0)           std     ,u
E138 39               (        forth.asm):02630 (4)             rts
                      (        forth.asm):02631         
                      (        forth.asm):02632         * hForth prototyping code below:
                      (        forth.asm):02633         * : BEGIN HERE 0 bal+ ; IMMEDIATE RESTRICT
E139 C5               (        forth.asm):02634         BEGIN   fcb     $C5             ANSI (Core)
E13A 424547494E       (        forth.asm):02635                 fcc     'BEGIN'         Comp: ( C: -- dest )
E13F E126             (        forth.asm):02636                 fdb     NEGATE          Exec: ( -- )
                      (        forth.asm):02637                 RFCS
E141 0C35             (        forth.asm):02638 (5)             inc     BALNCD
E143 9E08             (        forth.asm):02639 (4)             ldx     DICEND          HERE is ANS:dest/addr
E145 BDD7E5           (        forth.asm):02640 (7)             jsr     CSPUSH          to the control flow stack
E148 1FC1             (        forth.asm):02641 (4)             tfr     0,x             ANS:dest/type is zero
E14A 7ED7E5           (        forth.asm):02642 (3)             jmp     CSPUSH          to the control flow stack
                      (        forth.asm):02643         
                      (        forth.asm):02644         * hForth prototyping code below:
                      (        forth.asm):02645         * : AGAIN ABORT" Unbalanced BEGIN/AGAIN construct"
                      (        forth.asm):02646         *   branch , bal- ; IMMEDIATE RESTRICT
E14D C5               (        forth.asm):02647         AGAIN   fcb     $C5             ANSI (Core ext)
E14E 414741494E       (        forth.asm):02648                 fcc     'AGAIN'         Comp: ( C: dest -- )
E153 E139             (        forth.asm):02649                 fdb     BEGIN           Exec: ( -- )
                      (        forth.asm):02650                 RFCS
E155 BDD7F3           (        forth.asm):02651 (7)             jsr     CSPOP           ANS:dest/type to X (CC is set)
E158 1026F6EF         (        forth.asm):02652 (5)             lbne    BALERR          type must be zero
E15C BDD7F3           (        forth.asm):02653 (7)             jsr     CSPOP           ANS:dest/addr to X
E15F 109E08           (        forth.asm):02654 (5)             ldy     DICEND
E162 109F14           (        forth.asm):02655 (5)             sty     JSRLAST
E165 867E             (        forth.asm):02656 (2)     AGAIN1  lda     #JMPOPC         JMP extended
E167 BDD585           (        forth.asm):02657 (7)             jsr     VARCON2
E16A 109F08           (        forth.asm):02658 (5)             sty     DICEND
E16D 0A35             (        forth.asm):02659 (5)             dec     BALNCD
E16F 0C4A             (        forth.asm):02660 (5)             inc     CYCLO           Update MCC counter
E171 39               (        forth.asm):02661 (4)             rts
                      (        forth.asm):02662         
                      (        forth.asm):02663         * The standard does not require this as being immediate but I do.
E172 C4               (        forth.asm):02664         EXIT    fcb     $C4             ANSI (Core)
E173 45584954         (        forth.asm):02665                 fcc     'EXIT'          ( -- )
E177 E14D             (        forth.asm):02666                 fdb     AGAIN
                      (        forth.asm):02667                 RFCS
E179 9E08             (        forth.asm):02668 (4)             ldx     DICEND
E17B 301D             (        forth.asm):02669 (4+1)           leax    -3,x
E17D 109E14           (        forth.asm):02670 (5)             ldy     JSRLAST
E180 103721           (        forth.asm):02671 (4)             cmpr    y,x
E183 2605             (        forth.asm):02672 (3)             bne     @noopt          Tail JMP optimization is not possible
E185 867E             (        forth.asm):02673 (2)             lda     #JMPOPC         JMP extended
E187 A784             (        forth.asm):02674 (4+0)           sta     ,x
E189 39               (        forth.asm):02675 (4)             rts
E18A 3003             (        forth.asm):02676 (4+1)   @noopt  leax    3,x             Point back to HERE
E18C 8639             (        forth.asm):02677 (2)             lda     #RTSOPC         RTS inherent
E18E A780             (        forth.asm):02678 (4+1)           sta     ,x+
E190 9F08             (        forth.asm):02679 (4)             stx     DICEND
E192 39               (        forth.asm):02680 (4)             rts
                      (        forth.asm):02681         
                      (        forth.asm):02682         * hForth prototyping code below:
                      (        forth.asm):02683         * : UNTIL ABORT" Unbalanced BEGIN/UNTIL construct"
                      (        forth.asm):02684         *   0branch , bal- ; IMMEDIATE RESTRICT
E193 C5               (        forth.asm):02685         UNTIL   fcb     $C5             ANSI (Core)
E194 554E54494C       (        forth.asm):02686                 fcc     'UNTIL'         Comp: ( C: dest -- )
E199 E172             (        forth.asm):02687                 fdb     EXIT            Exec: (x -- )
                      (        forth.asm):02688                 RFCS
E19B BDD7F3           (        forth.asm):02689 (7)             jsr     CSPOP           ANS:dest/type to X (CC is set)
E19E 1026F6A9         (        forth.asm):02690 (5)             lbne    BALERR          type must be zero
E1A2 8ED7F3           (        forth.asm):02691 (3)             ldx     #NPOP
E1A5 BDD152           (        forth.asm):02692 (7)             jsr     EMXASXT         Compile "JSR NPOP"
E1A8 8E2603           (        forth.asm):02693 (3)             ldx     #BNEOPC         Compile "BNE *+5"
E1AB AFA1             (        forth.asm):02694 (5+2)           stx     ,y++
E1AD BDD7F3           (        forth.asm):02695 (7)             jsr     CSPOP           ANS:dest/addr to X
E1B0 20B3             (        forth.asm):02696 (3)             bra     AGAIN1
                      (        forth.asm):02697         
                      (        forth.asm):02698         * hForth prototyping code below:
                      (        forth.asm):02699         * : WHILE POSTPONE IF 2SWAP ; RESTRICT IMMEDIATE
E1B2 C5               (        forth.asm):02700         WHILE   fcb     $C5             ANSI (Core)
E1B3 5748494C45       (        forth.asm):02701                 fcc     'WHILE'         Comp: ( C: dest -- orig dest )
E1B8 E193             (        forth.asm):02702                 fdb     UNTIL           Exec: ( x -- )
                      (        forth.asm):02703                 RFCS
E1BA BDDF62           (        forth.asm):02704                 RFXT    jsr,IF+5
E1BD 7EE5C3           (        forth.asm):02705                 RFXT    jmp,TWOSWAP+8   This should be read as "1 CS-ROLL"
                      (        forth.asm):02706         
                      (        forth.asm):02707         * hForth prototyping code below:
                      (        forth.asm):02708         * : REPEAT POSTPONE AGAIN POSTPONE THEN ; RESTRICT IMMEDIATE
E1C0 C6               (        forth.asm):02709         REPEAT  fcb     $C6             ANSI (Core)
E1C1 524550454154     (        forth.asm):02710                 fcc     'REPEAT'        Comp: ( C: orig dest -- )
E1C7 E1B2             (        forth.asm):02711                 fdb     WHILE           Exec: ( -- )
                      (        forth.asm):02712                 RFCS
E1C9 8D8A             (        forth.asm):02713                 RFXT    bsr,AGAIN+8
E1CB 7EDF97           (        forth.asm):02714                 RFXT    jmp,THEN+7
                      (        forth.asm):02715         
E1CE 42               (        forth.asm):02716         RFROM   fcb     $42             ANSI (Core)
E1CF 523E             (        forth.asm):02717                 fcc     'R>'            ( -- x ) ( R:  x -- )
E1D1 E1C0             (        forth.asm):02718                 fdb     REPEAT
                      (        forth.asm):02719                 RFCS
E1D3 BDD830           (        forth.asm):02720 (7)             jsr     RPOP
E1D6 7ED7E5           (        forth.asm):02721 (3)             jmp     NPUSH
                      (        forth.asm):02722         
E1D9 42               (        forth.asm):02723         TOR     fcb     $42             ANSI (Core)
E1DA 3E52             (        forth.asm):02724                 fcc     '>R'            ( x -- ) ( R:  -- x )
E1DC E1CE             (        forth.asm):02725                 fdb     RFROM
                      (        forth.asm):02726                 RFCS
E1DE BDD7F3           (        forth.asm):02727 (7)             jsr     NPOP
E1E1 7ED817           (        forth.asm):02728 (3)             jmp     RPUSH
                      (        forth.asm):02729         
                      (        forth.asm):02730         * hForth prototyping code below:
                      (        forth.asm):02731         * : LEAVE POSTPONE UNLOOP POSTPONE branch
                      (        forth.asm):02732         *   HERE rakeVar DUP @ , ! ; IMMEDIATE RESTRICT
                      (        forth.asm):02733         * rakeVar points to the head of a linked list of forward references to
                      (        forth.asm):02734         * be resolved later by LOOP/+LOOP.
E1E4 C5               (        forth.asm):02735         LEAVE   fcb     $C5             ANSI (Core)
E1E5 4C45415645       (        forth.asm):02736                 fcc     'LEAVE'         Exec: ( -- ) ( R: loop-sys -- )
E1EA E1D9             (        forth.asm):02737                 fdb     TOR
                      (        forth.asm):02738                 RFCS
E1EC 8EDF36           (        forth.asm):02739                 RFXT    ldx,#UNLOOP+9
E1EF BDD152           (        forth.asm):02740 (7)             jsr     EMXASXT         POSTPONE UNLOOP
E1F2 867E             (        forth.asm):02741 (2)             lda     #JMPOPC
E1F4 A7A0             (        forth.asm):02742 (4+1)           sta     ,y+             POSTPONE branch
E1F6 1F21             (        forth.asm):02743 (4)             tfr     y,x             save HERE (fwd ref. to be resolved by LOOP)
E1F8 DC18             (        forth.asm):02744 (4)             ldd     RAKEVAR
E1FA EDA1             (        forth.asm):02745 (5+2)           std     ,y++            rakeVar @ ,
E1FC 9F18             (        forth.asm):02746 (4)             stx     RAKEVAR         HERE rakeVar !
E1FE 109F08           (        forth.asm):02747 (5)             sty     DICEND
E201 39               (        forth.asm):02748 (4)             rts
                      (        forth.asm):02749         
E202 41               (        forth.asm):02750         INDI    fcb     $41             ANSI (Core)
E203 49               (        forth.asm):02751                 fcc     'I'             ( -- n|u ) ( R:  loop-sys -- loop-sys )
E204 E1E4             (        forth.asm):02752                 fdb     LEAVE
                      (        forth.asm):02753                 RFCS
E206 5F               (        forth.asm):02754 (1)             clrb
E207 BDD805           (        forth.asm):02755 (7)     RPICKN  jsr     EVRDPTH         RDEPTH in cells to A
E20A 103789           (        forth.asm):02756 (4)             cmpr    a,b
E20D 240A             (        forth.asm):02757 (3)             bhs     @rpick1
E20F 9E00             (        forth.asm):02758 (4)             ldx     RSP
E211 4F               (        forth.asm):02759 (1)             clra
E212 1048             (        forth.asm):02760 (2)             lsld                    Times 2
E214 AE8B             (        forth.asm):02761 (5+2)           ldx     d,x
E216 7ED7E5           (        forth.asm):02762 (3)             jmp     NPUSH           We cannot use UCNPUSH here
E219 C608             (        forth.asm):02763 (2)     @rpick1 ldb     #8              Return stack underflow
E21B BDD754           (        forth.asm):02764 (7)             jsr     ERRHDLR         No return
                      (        forth.asm):02765         
E21E 42               (        forth.asm):02766         RFETCH  fcb     $42             ANSI (Core)
E21F 5240             (        forth.asm):02767                 fcc     'R@'            ( -- x ) ( R:  x -- x )
E221 E202             (        forth.asm):02768                 fdb     INDI
                      (        forth.asm):02769                 RFCS
E223 20E1             (        forth.asm):02770                 RFXT    bra,INDI+4      XT for I
                      (        forth.asm):02771         
E225 42               (        forth.asm):02772         INDIP   fcb     $42             79-STANDARD (REF)
E226 4927             (        forth.asm):02773                 fdb     $4927
E228 E21E             (        forth.asm):02774                 fdb     RFETCH
                      (        forth.asm):02775                 RFCS
E22A C601             (        forth.asm):02776 (2)             ldb     #1
E22C 20D9             (        forth.asm):02777 (3)             bra     RPICKN
                      (        forth.asm):02778         
E22E 41               (        forth.asm):02779         INDJ    fcb     $41             ANSI (Core)
E22F 4A               (        forth.asm):02780                 fcc     'J'             Exec: ( -- n|u ) ( R: lsy1 lsy2 -- lsy1 lsy2 )
E230 E225             (        forth.asm):02781                 fdb     INDIP
                      (        forth.asm):02782                 RFCS
E232 C602             (        forth.asm):02783 (2)             ldb     #2
E234 20D1             (        forth.asm):02784 (3)             bra     RPICKN
                      (        forth.asm):02785         
E236 42               (        forth.asm):02786         INDJP   fcb     $42             Non-standard
E237 4A27             (        forth.asm):02787                 fdb     $4A27
E239 E22E             (        forth.asm):02788                 fdb     INDJ
                      (        forth.asm):02789                 RFCS
E23B C603             (        forth.asm):02790 (2)             ldb     #3
E23D 20C8             (        forth.asm):02791 (3)             bra     RPICKN
                      (        forth.asm):02792         
E23F 41               (        forth.asm):02793         INDK    fcb     $41             79-STANDARD (REF)
E240 4B               (        forth.asm):02794                 fcc     'K'
E241 E236             (        forth.asm):02795                 fdb     INDJP
                      (        forth.asm):02796                 RFCS
E243 C604             (        forth.asm):02797 (2)             ldb     #4
E245 20C0             (        forth.asm):02798 (3)             bra     RPICKN
                      (        forth.asm):02799         
E247 04               (        forth.asm):02800         QUIT    fcb     4               ANSI (Core)
E248 51554954         (        forth.asm):02801                 fcc     'QUIT'          ( -- )  ( R:  i*x -- )
E24C E23F             (        forth.asm):02802                 fdb     INDK
                      (        forth.asm):02803                 RFCS
E24E 0F25             (        forth.asm):02804 (5)             clr     USTATE+1
E250 BDD34F           (        forth.asm):02805 (7)             jsr     RCLR            Clear the return stack
E253 10CE8000         (        forth.asm):02806 (4)             lds     #RAMSTRT+RAMSIZE Reset the system stack pointer
E257 BDD2F7           (        forth.asm):02807 (7)             jsr     PUTCR
E25A 7ED0B2           (        forth.asm):02808 (3)             jmp     INTERP
                      (        forth.asm):02809         
E25D 05               (        forth.asm):02810         ABORT   fcb     5               ANSI (Core)
E25E 41424F5254       (        forth.asm):02811                 fcc     'ABORT'         ( i*x -- ) ( R: j*x -- )
E263 E247             (        forth.asm):02812                 fdb     QUIT
                      (        forth.asm):02813                 RFCS
E265 C603             (        forth.asm):02814 (2)             ldb     #3              User ABORT
E267 BDD754           (        forth.asm):02815 (7)             jsr     ERRHDLR         No return
                      (        forth.asm):02816         
                      (        forth.asm):02817         * Implementation notes: GNU Forth, VFX and SwiftForth all report "invalid
                      (        forth.asm):02818         * memory address" for "0 FIND". Also the counted string at c-addr is not
                      (        forth.asm):02819         * scanned for leading spaces. If the counted string byte count is zero, the
                      (        forth.asm):02820         * string will be not found and the dictionary not searched at all.
E26A 04               (        forth.asm):02821         FIND    fcb     4               ANSI (Core)
E26B 46494E44         (        forth.asm):02822                 fcc     'FIND'          ( c-addr -- c-addr 0  |  xt 1  |  xt -1 )
E26F E25D             (        forth.asm):02823                 fdb     ABORT
                      (        forth.asm):02824                 RFCS
E271 BDDAF7           (        forth.asm):02825 (7)             jsr     MIN1PST
E274 AEC4             (        forth.asm):02826 (5+0)           ldx     ,u              TOS to X (Arg <c-addr>)
E276 2605             (        forth.asm):02827 (3)             bne     @afind1
E278 C60D             (        forth.asm):02828 (2)             ldb     #13             Illegal argument
E27A BDD754           (        forth.asm):02829 (7)             jsr     ERRHDLR         No return
E27D 6D84             (        forth.asm):02830 (5+0)   @afind1 tst     ,x
E27F 2605             (        forth.asm):02831 (3)             bne     @afind3         Character count is NZ, proceed
E281 1FC1             (        forth.asm):02832 (4)     @afind2 tfr     0,x             Word not found
E283 7ED7E5           (        forth.asm):02833 (3)             jmp     NPUSH
E286 DC02             (        forth.asm):02834 (4)     @afind3 ldd     TOKENSP
E288 3406             (        forth.asm):02835 (4+2)           pshs    d               Save TOKENSP to the system stack
E28A E680             (        forth.asm):02836 (4+1)           ldb     ,x+
E28C D741             (        forth.asm):02837 (3)             stb     CURTOKL
E28E 9F02             (        forth.asm):02838 (4)             stx     TOKENSP
E290 BDD4AA           (        forth.asm):02839 (7)             jsr     SWDIC1
E293 DC0E             (        forth.asm):02840 (4)             ldd     PLOAD           Retrieve word payload
E295 DD10             (        forth.asm):02841 (4)             std     FNDPLD          Make it accessible through PAYLOAD
E297 3506             (        forth.asm):02842 (4+2)           puls    d
E299 DD02             (        forth.asm):02843 (4)             std     TOKENSP         Restore TOKENSP from the system stack
                      (        forth.asm):02844         * If the word is not found, Y is 0 and we ought to branch back to that context.
E29B 1037C2           (        forth.asm):02845 (4)             cmpr    0,y
E29E 27E1             (        forth.asm):02846 (3)             beq     @afind2
                      (        forth.asm):02847         * Word was found, push the corresponding XT (in Y) to the data stack (in place).
E2A0 10AFC4           (        forth.asm):02848 (6+0)           sty     ,u
E2A3 8EFFFF           (        forth.asm):02849 (3)             ldx     #-1             Assume non-immediate
E2A6 0D43             (        forth.asm):02850 (4)             tst     IMDFLG
E2A8 2702             (        forth.asm):02851 (3)             beq     @afind4
E2AA 3002             (        forth.asm):02852 (4+1)           leax    2,x             #1 to X
E2AC 7ED7E5           (        forth.asm):02853 (3)     @afind4 jmp     NPUSH
                      (        forth.asm):02854         
E2AF 01               (        forth.asm):02855         RBRACK  fcb     1               ANSI (Core)
E2B0 5D               (        forth.asm):02856                 fcc     ']'             ( -- )
E2B1 E26A             (        forth.asm):02857                 fdb     FIND
                      (        forth.asm):02858                 RFCS
E2B3 86FF             (        forth.asm):02859 (2)             lda     #-1
E2B5 9725             (        forth.asm):02860 (3)     RBRACK1 sta     USTATE+1
E2B7 39               (        forth.asm):02861 (4)             rts
                      (        forth.asm):02862         
                      (        forth.asm):02863         * Note: the standard does not mandate that this primitive be executed in
                      (        forth.asm):02864         * definitions only. IMHO, it ought to, therefore I am forcing the C bit here.
E2B8 C1               (        forth.asm):02865         LBRACK  fcb     $C1             ANSI (Core)
E2B9 5B               (        forth.asm):02866                 fcc     '['             ( -- )
E2BA E2AF             (        forth.asm):02867                 fdb     RBRACK
                      (        forth.asm):02868                 RFCS
E2BC 4F               (        forth.asm):02869 (1)             clra
E2BD 20F6             (        forth.asm):02870 (3)             bra     RBRACK1
                      (        forth.asm):02871         
                      (        forth.asm):02872         * Functionally:
                      (        forth.asm):02873         * : ' BL WORD FIND IF
                      (        forth.asm):02874         *     EXIT                      \ XT is left on the data stack
                      (        forth.asm):02875         *   THEN
                      (        forth.asm):02876         *   DROP 0 ;
                      (        forth.asm):02877         * There is a little extra complexity here because the standard requires
                      (        forth.asm):02878         * an error condition to be triggered if the word is not found.
E2BF 01               (        forth.asm):02879         TICK    fcb     1               ANSI (Core)
E2C0 27               (        forth.asm):02880                 fcb     $27             ( "<spaces>name" -- xt )
E2C1 E2B8             (        forth.asm):02881                 fdb     LBRACK
                      (        forth.asm):02882                 RFCS
E2C3 BDE82D           (        forth.asm):02883                 RFXT    jsr,BL+5
E2C6 BDE43C           (        forth.asm):02884                 RFXT    jsr,WORD+7
E2C9 8DA6             (        forth.asm):02885                 RFXT    bsr,FIND+7
                      (        forth.asm):02886         * We have at least two cells returned by the ANS94 FIND on the data stack.
E2CB ECC4             (        forth.asm):02887 (5+0)           ldd     ,u              TOS to D (ANS94 FIND flag)
E2CD 2703             (        forth.asm):02888 (3)             beq     @nfound         Target word was not found
E2CF 3342             (        forth.asm):02889 (4+1)           leau    2,u             Drop the flag and return the XT
E2D1 39               (        forth.asm):02890 (4)             rts
E2D2 3344             (        forth.asm):02891 (4+1)   @nfound leau    4,u             Drop two cells from the data stack
E2D4 9E02             (        forth.asm):02892 (4)             ldx     TOKENSP
E2D6 BDD38C           (        forth.asm):02893 (7)             jsr     SCNSTOK         Needed to skip leading spaces
E2D9 C602             (        forth.asm):02894 (2)             ldb     #2              Word not found
E2DB BDD754           (        forth.asm):02895 (7)             jsr     ERRHDLR         No return
                      (        forth.asm):02896         
                      (        forth.asm):02897         * Functionally: : ['] ' POSTPONE LITERAL ; IMMEDIATE RESTRICT
E2DE C3               (        forth.asm):02898         BKQUOT  fcb     $C3             ANSI (Core)
E2DF 5B275D           (        forth.asm):02899                 fcb     $5B,$27,$5D     Comp: ( "<spaces>name" -- )
E2E2 E2BF             (        forth.asm):02900                 fdb     TICK            Exec: ( -- xt )
                      (        forth.asm):02901                 RFCS
E2E4 8DDD             (        forth.asm):02902                 RFXT    bsr,TICK+4      XT for '
                      (        forth.asm):02903         * Data stack topmost cell has the target word address.
E2E6 7EDD9A           (        forth.asm):02904                 RFXT    jmp,LITERAL+10  XT for LITERAL
                      (        forth.asm):02905         
E2E9 C8               (        forth.asm):02906         POSTPON fcb     $C8             ANSI (Core) Not a straight alias to [COMPILE]
E2EA 504F5354504F4E45 (        forth.asm):02907                 fcc     'POSTPONE'      ( "<spaces>name" -- )
E2F2 E2DE             (        forth.asm):02908                 fdb     BKQUOT          Non-immediate words deserve special treatment
                      (        forth.asm):02909                 RFCS
E2F4 BDD885           (        forth.asm):02910 (7)             jsr     BKIN2PT         Derive X from BLK, >IN
E2F7 BDD38C           (        forth.asm):02911 (7)             jsr     SCNSTOK
E2FA 2605             (        forth.asm):02912 (3)             bne     @postp1
E2FC C605             (        forth.asm):02913 (2)             ldb     #5              Missing word name
E2FE BDD754           (        forth.asm):02914 (7)             jsr     ERRHDLR         No return
E301 BDD4A5           (        forth.asm):02915 (7)     @postp1 jsr     SWDIC
E304 2607             (        forth.asm):02916 (3)             bne     @postp2         Word found. Code address returned in Y
E306 9E02             (        forth.asm):02917 (4)             ldx     TOKENSP
E308 C602             (        forth.asm):02918 (2)             ldb     #2              Undefined (X points to the offending word)
E30A BDD754           (        forth.asm):02919 (7)             jsr     ERRHDLR         No return
E30D 1F21             (        forth.asm):02920 (4)     @postp2 tfr     y,x             X has the actual execution token
E30F 0D43             (        forth.asm):02921 (4)             tst     IMDFLG
E311 2708             (        forth.asm):02922 (3)             beq     @postp4         Target word is not immediate
E313 BDD152           (        forth.asm):02923 (7)     @postp3 jsr     EMXASXT         Set as action component
E316 DC02             (        forth.asm):02924 (4)             ldd     TOKENSP         Updated by SWDIC if the word was found
E318 7ED161           (        forth.asm):02925 (3)             jmp     U2INFRD         Derive >IN from D
                      (        forth.asm):02926         * The word being considered is non-immediate. The equivalent input should be:
                      (        forth.asm):02927         * ['] <word> COMPILE, We have the XT for <word> in X.
E31B BDD56E           (        forth.asm):02928 (7)     @postp4 jsr     LITER
E31E 8EE32E           (        forth.asm):02929                 RFXT    ldx,#CMPCOMA+11 XT for COMPILE,
E321 20F0             (        forth.asm):02930 (3)             bra     @postp3
                      (        forth.asm):02931         
                      (        forth.asm):02932         * GNU Forth has this as non-immediate so I am going for it as well.
E323 48               (        forth.asm):02933         CMPCOMA fcb     $48             ANSI (Core Ext)
E324 434F4D50494C452C (        forth.asm):02934                 fcc     'COMPILE,'      ( XT -- )
E32C E2E9             (        forth.asm):02935                 fdb     POSTPON
                      (        forth.asm):02936                 RFCS
E32E BDD7F3           (        forth.asm):02937 (7)             jsr     NPOP            Execution token to X
E331 7ED152           (        forth.asm):02938 (3)             jmp     EMXASXT
                      (        forth.asm):02939         
                      (        forth.asm):02940         * As per the standard, : is not immediate. This allows for further interesting
                      (        forth.asm):02941         * developments, like tracing words execution...
E334 01               (        forth.asm):02942         COMPC   fcb     $1              ANSI (Core)
E335 3A               (        forth.asm):02943                 fcc     ':'             Comp: ( "<spaces>name" -- )
E336 E323             (        forth.asm):02944                 fdb     CMPCOMA
                      (        forth.asm):02945                 RFCS
E338 0F34             (        forth.asm):02946 (5)             clr     ANCMPF
E33A CCFFFF           (        forth.asm):02947 (3)     COMPC1  ldd     #-1
E33D 9725             (        forth.asm):02948 (3)             sta     USTATE+1
E33F 1043             (        forth.asm):02949 (2)             comd                    0 to D
E341 9735             (        forth.asm):02950 (3)             sta     BALNCD
E343 974A             (        forth.asm):02951 (3)             sta     CYCLO           Initialize cyclomatic complexity counter
E345 DD14             (        forth.asm):02952 (4)             std     JSRLAST
E347 DD16             (        forth.asm):02953 (4)             std     FWDREF
E349 0D34             (        forth.asm):02954 (4)             tst     ANCMPF          Anonymous compilation?
E34B 2603             (        forth.asm):02955 (3)             bne     @isanon         Skip header creation if coming from :NONAME
E34D 7ED513           (        forth.asm):02956 (3)             jmp     LOCWRT
E350 9E08             (        forth.asm):02957 (4)     @isanon ldx     DICEND
E352 9F0C             (        forth.asm):02958 (4)             stx     BDICEND         Backup HERE
E354 9F12             (        forth.asm):02959 (4)             stx     RECADDR         Should RECURSE by used by a :NONAME definition
E356 39               (        forth.asm):02960 (4)             rts
                      (        forth.asm):02961         
E357 07               (        forth.asm):02962         NONAME  fcb     $7              ANSI (Core ext)
E358 3A4E4F4E414D45   (        forth.asm):02963                 fcc     ':NONAME'
E35F E334             (        forth.asm):02964                 fdb     COMPC
                      (        forth.asm):02965                 RFCS
E361 8601             (        forth.asm):02966 (2)             lda     #1
E363 9734             (        forth.asm):02967 (3)             sta     ANCMPF          Set the anonymous compilation flag
E365 20D3             (        forth.asm):02968 (3)             bra     COMPC1
                      (        forth.asm):02969         
                      (        forth.asm):02970         * Tail call optimization notes:
                      (        forth.asm):02971         * 1: if JSRLAST is 0, emit an RTS, the end.
                      (        forth.asm):02972         * 2: if HERE - 3 == JSRLAST: replace JSR by a JMP.
                      (        forth.asm):02973         * 3: if FWDREF == HERE, emit an RTS.
                      (        forth.asm):02974         * The end means finalize with DEBUG code and an update of HERE (DICEND).
E367 C1               (        forth.asm):02975         COMPR   fcb     $C1             ANSI (Core)
E368 3B               (        forth.asm):02976                 fcc     ';'
E369 E357             (        forth.asm):02977                 fdb     NONAME
                      (        forth.asm):02978                 RFCS
E36B BDD846           (        forth.asm):02979 (7)             jsr     BALCHK          Check for unbalanced constructs
E36E 0F25             (        forth.asm):02980 (5)             clr     USTATE+1        Back to interpretation mode
                      (        forth.asm):02981         * Do not restore LSTWAD if we came from :NONAME.
E370 9E0C             (        forth.asm):02982 (4)             ldx     BDICEND         X has HERE when : (LOCWRT) or :NONAME was called
E372 0D34             (        forth.asm):02983 (4)             tst     ANCMPF
E374 2604             (        forth.asm):02984 (3)             bne     @wasano
E376 9F06             (        forth.asm):02985 (4)             stx     LSTWAD          Update LAST
E378 2005             (        forth.asm):02986 (3)             bra     @cont
E37A 0F34             (        forth.asm):02987 (5)     @wasano clr     ANCMPF
E37C BDD7E5           (        forth.asm):02988 (7)             jsr     NPUSH           Anonynous execution token to the data stack
E37F 9E08             (        forth.asm):02989 (4)     @cont   ldx     DICEND          HERE to X
                      (        forth.asm):02990         * Optimization: replace the last JSR by a JMP, if possible.
E381 DC14             (        forth.asm):02991 (4)             ldd     JSRLAST
E383 2713             (        forth.asm):02992 (3)             beq     @rtsreq         Case #1
E385 311D             (        forth.asm):02993 (4+1)           leay    -3,x            Y has HERE - 3, D has JSRLAST
E387 103702           (        forth.asm):02994 (4)             cmpr    d,y
E38A 260C             (        forth.asm):02995 (3)             bne     @rtsreq
                      (        forth.asm):02996         * Tail call optimization applies (Case #2).
E38C 867E             (        forth.asm):02997 (2)             lda     #JMPOPC
E38E A7A4             (        forth.asm):02998 (4+0)           sta     ,y
E390 109E16           (        forth.asm):02999 (5)             ldy     FWDREF
E393 103712           (        forth.asm):03000 (4)             cmpr    x,y
E396 2604             (        forth.asm):03001 (3)             bne     @finalz         Case #3
E398 8639             (        forth.asm):03002 (2)     @rtsreq lda     #RTSOPC         RTS inherent
E39A A780             (        forth.asm):03003 (4+1)           sta     ,x+
E39C                  (        forth.asm):03004         @finalz
                      (        forth.asm):03005                 IFNE    DEBUG
                      (        forth.asm):03006                 lda     #ILLOPC         Illegal opcode
                      (        forth.asm):03007                 sta     ,x+
                      (        forth.asm):03008                 ENDC                    DEBUG
E39C 9F08             (        forth.asm):03009 (4)             stx     DICEND          Update HERE
                      (        forth.asm):03010                 IFNE    RELFEAT
                      (        forth.asm):03011                 RFXT    jsr,MONITOR+10  XT for MONITOR. All : words are candidates
                      (        forth.asm):03012         *                               for integrity check by ICHECK.
                      (        forth.asm):03013                 ENDC                    RELFEAT
E39E 39               (        forth.asm):03014 (4)             rts
                      (        forth.asm):03015         
E39F C7               (        forth.asm):03016         RECURSE fcb     $C7             ANSI (Core)
E3A0 52454355525345   (        forth.asm):03017                 fcc     'RECURSE'       ( -- )
E3A7 E367             (        forth.asm):03018                 fdb     COMPR
                      (        forth.asm):03019                 RFCS
E3A9 9E12             (        forth.asm):03020 (4)             ldx     RECADDR         Set up by LOCWRT
E3AB 7ED152           (        forth.asm):03021 (3)             jmp     EMXASXT         Set as action component
                      (        forth.asm):03022         
E3AE 06               (        forth.asm):03023         MARKER  fcb     6               ANSI (Tools ext)
E3AF 4D41524B4552     (        forth.asm):03024                 fcc     'MARKER'
E3B5 E39F             (        forth.asm):03025                 fdb     RECURSE
                      (        forth.asm):03026                 RFCS
E3B7 109E08           (        forth.asm):03027 (5)             ldy     DICEND          HERE
E3BA 9E06             (        forth.asm):03028 (4)             ldx     LSTWAD          LAST
E3BC 3430             (        forth.asm):03029 (4+4)           pshs    y,x             Preserve essential dictionary pointers
E3BE BDD513           (        forth.asm):03030 (7)             jsr     LOCWRT          No pre-req on input, does all the heavy lifting
                      (        forth.asm):03031         
                      (        forth.asm):03032         * From here on, all we need to do is to emit the code necessary to restore
                      (        forth.asm):03033         * DICEND (2,s) and LSTWAD (,s). Y has HERE, as of right now.
E3C1 AE62             (        forth.asm):03034 (5+1)           ldx     2,s             Saved HERE to X
E3C3 868E             (        forth.asm):03035 (2)             lda     #LDXOPC
E3C5 BDD585           (        forth.asm):03036 (7)             jsr     VARCON2
E3C8 CC9F08           (        forth.asm):03037 (3)             ldd     #($9F*256)|(DICEND-VARSPC)
E3CB EDA1             (        forth.asm):03038 (5+2)           std     ,y++            Compile stx DICEND (direct page)
                      (        forth.asm):03039         
E3CD AEE4             (        forth.asm):03040 (5+0)           ldx     ,s              Saved LAST to X
E3CF 868E             (        forth.asm):03041 (2)             lda     #LDXOPC
E3D1 BDD585           (        forth.asm):03042 (7)             jsr     VARCON2
E3D4 CC9F06           (        forth.asm):03043 (3)             ldd     #($9F*256)|(LSTWAD-VARSPC)
E3D7 EDA1             (        forth.asm):03044 (5+2)           std     ,y++            Compile stx LSTWAD (direct page)
                      (        forth.asm):03045         
E3D9 8639             (        forth.asm):03046 (2)             lda     #RTSOPC
E3DB A7A0             (        forth.asm):03047 (4+1)           sta     ,y+             Emit an RTS
E3DD 3264             (        forth.asm):03048 (4+1)           leas    4,s             Drop material previously on the system stack
E3DF 7EDD5C           (        forth.asm):03049 (3)             jmp     CREAT1          Finalize dictionary entry
                      (        forth.asm):03050         
E3E2 07               (        forth.asm):03051         EXCT    fcb     7               ANSI (Core)
E3E3 45584543555445   (        forth.asm):03052                 fcc     'EXECUTE'       ( i*x xt -- j*x )
E3EA E3AE             (        forth.asm):03053                 fdb     MARKER
                      (        forth.asm):03054                 RFCS
E3EC BDD7F3           (        forth.asm):03055 (7)             jsr     NPOP            Although the standard does not specify that
E3EF 2702             (        forth.asm):03056 (3)             beq     @exct1          a NUL address should trigger an error, I do
E3F1 1F15             (        forth.asm):03057 (4)             tfr     x,pc            Branch to the XT
E3F3 C60D             (        forth.asm):03058 (2)     @exct1  ldb     #13             Illegal argument
E3F5 BDD754           (        forth.asm):03059 (7)             jsr     ERRHDLR         No return
                      (        forth.asm):03060         
E3F8 03               (        forth.asm):03061         BYE     fcb     3               ANSI (Programming tools ext)
E3F9 425945           (        forth.asm):03062                 fcc     'BYE'
E3FC E3E2             (        forth.asm):03063                 fdb     EXCT
                      (        forth.asm):03064                 RFCS
                      (        forth.asm):03065                 IFNE    RTCFEAT
                      (        forth.asm):03066                 lda     #RTOREGB
                      (        forth.asm):03067                 jsr     RTREGRD         RTCB register to B
                      (        forth.asm):03068                 andb    #^RTBPIE        Disable periodic interrupt generation
                      (        forth.asm):03069                 jsr     RTREGWR
                      (        forth.asm):03070                 ldx     #40
                      (        forth.asm):03071                 jsr     MILLIS1         Wait for 40 milliseconds
                      (        forth.asm):03072                 orcc    #(FFLAG|IFLAG)  Disable maskable interrupts
                      (        forth.asm):03073                 ENDC                    RTCFEAT
E3FE 7ED037           (        forth.asm):03074 (3)             jmp     RSTHDL
                      (        forth.asm):03075         
E401 C6               (        forth.asm):03076         BKCHAR  fcb     $C6             ANSI (Core)
E402 5B434841525D     (        forth.asm):03077                 fcc     '[CHAR]'        Comp: ( "<spaces>name" -- )
E408 E3F8             (        forth.asm):03078                 fdb     BYE             Exec: ( -- char )
                      (        forth.asm):03079                 RFCS
E40A 8D0A             (        forth.asm):03080                 RFXT    bsr,CHAR+7      XT for CHAR
E40C 7EDD9A           (        forth.asm):03081                 RFXT    jmp,LITERAL+10  XT for LITERAL
                      (        forth.asm):03082         
E40F 04               (        forth.asm):03083         CHAR    fcb     4               ANSI (Core)
E410 43484152         (        forth.asm):03084                 fcc     'CHAR'          ( "<spaces>name" -- char )
E414 E401             (        forth.asm):03085                 fdb     BKCHAR
                      (        forth.asm):03086                 RFCS
E416 BDD885           (        forth.asm):03087 (7)             jsr     BKIN2PT         Derive X from BLK, >IN
E419 BDD38C           (        forth.asm):03088 (7)     @char1  jsr     SCNSTOK         X points to the beginning of the character
E41C 2712             (        forth.asm):03089 (3)             beq     @chrerr
E41E E684             (        forth.asm):03090 (4+0)           ldb     ,x
E420 4F               (        forth.asm):03091 (1)             clra                    D has CHAR
E421 1F01             (        forth.asm):03092 (4)             tfr     d,x
E423 BDD7E5           (        forth.asm):03093 (7)             jsr     NPUSH
E426 9E02             (        forth.asm):03094 (4)             ldx     TOKENSP         Set by SCNSTOK
E428 BDD39F           (        forth.asm):03095 (7)             jsr     SCNETOK
E42B 1F10             (        forth.asm):03096 (4)             tfr     x,d             TOKENEP
E42D 7ED161           (        forth.asm):03097 (3)             jmp     U2INFRD         Derive >IN from D
E430 C60D             (        forth.asm):03098 (2)     @chrerr ldb     #13             Illegal argument
E432 BDD754           (        forth.asm):03099 (7)             jsr     ERRHDLR         No return
                      (        forth.asm):03100         * No return.
                      (        forth.asm):03101         
                      (        forth.asm):03102         * Hairy code but working.
E435 04               (        forth.asm):03103         WORD    fcb     4               ANSI (Core)
E436 574F5244         (        forth.asm):03104                 fcc     'WORD'          ( char "<chars>ccc<char>" -- c-addr )
E43A E40F             (        forth.asm):03105                 fdb     CHAR
                      (        forth.asm):03106                 RFCS
E43C 0F4B             (        forth.asm):03107 (5)             clr     SQUOTFN         Do not skip leading delimiter(s)
E43E BDD7F3           (        forth.asm):03108 (7)     WORD1   jsr     NPOP            Entry point for S"
E441 1F16             (        forth.asm):03109 (4)             tfr     x,w             F has the delimiter ASCII code
E443 109E08           (        forth.asm):03110 (5)             ldy     DICEND          The counted string returned is stored at HERE
E446 3420             (        forth.asm):03111 (4+2)           pshs    y
E448 6FA0             (        forth.asm):03112 (6+1)           clr     ,y+             Initialize its length
E44A BDD885           (        forth.asm):03113 (7)             jsr     BKIN2PT         Derive X from BLK, >IN
E44D BDD3B7           (        forth.asm):03114 (7)     @word1  jsr     NXTCHAR         Current input char to A unless ZFLAG is set
E450 271B             (        forth.asm):03115 (3)             beq     @word3          EOL reached, this is the end
E452 0D4B             (        forth.asm):03116 (4)             tst     SQUOTFN         S"/." context: do not look for a leading delim.
E454 260C             (        forth.asm):03117 (3)             bne     @word2x
E456 1037F8           (        forth.asm):03118 (4)             cmpr    f,a             Leading delimiter matched?
E459 27F2             (        forth.asm):03119 (3)             beq     @word1          Yes, skip it (it might be repeated)
                      (        forth.asm):03120         * Either there was no leading delimiter or we went past the leading repetitions.
E45B 301F             (        forth.asm):03121 (4+1)           leax    -1,x            Go back one char.
E45D BDD3B7           (        forth.asm):03122 (7)     @word2  jsr     NXTCHAR         Acquire next character from the input stream
E460 270B             (        forth.asm):03123 (3)             beq     @word3          EOL reached
E462 1037F8           (        forth.asm):03124 (4)     @word2x cmpr    f,a             Trailing delimiter?
E465 2706             (        forth.asm):03125 (3)             beq     @word3
E467 A7A0             (        forth.asm):03126 (4+1)           sta     ,y+
E469 6CF4             (        forth.asm):03127 (6+3)           inc     [,s]            Increment string length
E46B 20F0             (        forth.asm):03128 (3)             bra     @word2
E46D 1F10             (        forth.asm):03129 (4)     @word3  tfr     x,d             Pointing one char after the delimiter or EOIS
E46F BDD161           (        forth.asm):03130 (7)             jsr     U2INFRD         Derive >IN from D
E472 3510             (        forth.asm):03131 (4+2)           puls    x
E474 3610             (        forth.asm):03132                 UCNPUSH                 Push back HERE
E476 39               (        forth.asm):03133 (4)             rts
                      (        forth.asm):03134         
E477 81               (        forth.asm):03135         LPAR    fcb     $81             ANSI (Core). No longer 79-STANDARD compliant
E478 28               (        forth.asm):03136                 fcc     '('             Exec: ( "ccc<paren>" -- )
E479 E435             (        forth.asm):03137                 fdb     WORD
                      (        forth.asm):03138                 RFCS
E47B 8E0029           (        forth.asm):03139 (3)             ldx     #')
E47E BDD7E5           (        forth.asm):03140 (7)             jsr     NPUSH
E481 8DB9             (        forth.asm):03141                 RFXT    bsr,WORD+7
E483 7EEDB0           (        forth.asm):03142                 RFXT    jmp,DROP+7
                      (        forth.asm):03143         
E486 06               (        forth.asm):03144         SOURCE  fcb     6               ANSI (Core)
E487 534F55524345     (        forth.asm):03145                 fcc     'SOURCE'        ( -- c-addr u )
E48D E477             (        forth.asm):03146                 fdb     LPAR
                      (        forth.asm):03147                 RFCS
E48F 9E20             (        forth.asm):03148 (4)             ldx     BSBFADR         Where we're at, from a physical address point
E491 BDD7E5           (        forth.asm):03149 (7)             jsr     NPUSH
E494 9E26             (        forth.asm):03150 (4)             ldx     ISLEN           Input stream length
E496 7ED7E5           (        forth.asm):03151 (3)             jmp     NPUSH
                      (        forth.asm):03152         
                      (        forth.asm):03153         * This is a straightforward implementation borrowed from GNU Forth 'see \':
                      (        forth.asm):03154         * : \
                      (        forth.asm):03155         *   BLK @
                      (        forth.asm):03156         *   IF     >IN @ C/L / 1+ C/L * >IN ! EXIT
                      (        forth.asm):03157         *   THEN
                      (        forth.asm):03158         *   SOURCE >IN ! DROP ; IMMEDIATE
                      (        forth.asm):03159         * However since C/L (number of columns per line) is 64 (a power of 2), things
                      (        forth.asm):03160         * can be coded in a more compact manner as: >IN @ 63 INVERT AND 64 + >IN !
E499 81               (        forth.asm):03161         BKSLSH  fcb     $81             ANSI (Core Ext)
E49A 5C               (        forth.asm):03162                 fcb     $5C             \ ( -- )
E49B E486             (        forth.asm):03163                 fdb     SOURCE
                      (        forth.asm):03164                 RFCS
E49D DC2C             (        forth.asm):03165 (4)             ldd     UBLK            BLK @ to D
E49F 270B             (        forth.asm):03166 (3)             beq     @comser         We operate from block 0: the console
E4A1 DC2A             (        forth.asm):03167 (4)             ldd     UTOIN           >IN @
E4A3 C4C0             (        forth.asm):03168 (2)             andb    #^$3F           Point to the beginning of the line
E4A5 CB40             (        forth.asm):03169 (2)             addb    #$40            next line
E4A7 8900             (        forth.asm):03170 (2)             adca    #0              Propagate potential carry from LSB
E4A9 DD2A             (        forth.asm):03171 (4)             std     UTOIN           >IN !
E4AB 39               (        forth.asm):03172 (4)             rts                     EXIT
E4AC 8DE1             (        forth.asm):03173         @comser RFXT    bsr,SOURCE+9    XT for SOURCE
E4AE BDD7F3           (        forth.asm):03174 (7)             jsr     NPOP
E4B1 9F2A             (        forth.asm):03175 (4)             stx     UTOIN           >IN !
E4B3 7EEDB0           (        forth.asm):03176                 RFXT    jmp,DROP+7      XT for DROP
                      (        forth.asm):03177                 ENDC
                      (        forth.asm):03178         
E4B6 82               (        forth.asm):03179         PSTR    fcb     $82             ANSI (Core)
E4B7 2E22             (        forth.asm):03180                 fcc     '."'            Comp: ( "ccc<quote>" -- )
E4B9 E499             (        forth.asm):03181                 fdb     BKSLSH          Exec: ( -- )
                      (        forth.asm):03182                 RFCS
E4BB 8D12             (        forth.asm):03183                 RFXT    bsr,SQUOTE+5    XT for S"
E4BD 0D25             (        forth.asm):03184 (4)             tst     USTATE+1
E4BF 2603             (        forth.asm):03185 (3)             bne     @pstcmp
E4C1 7EE884           (        forth.asm):03186                 RFXT    jmp,TYPE+7      XT for TYPE
E4C4 8EE884           (        forth.asm):03187         @pstcmp RFXT    ldx,#TYPE+7     Emit TYPE as an XT
E4C7 7ED152           (        forth.asm):03188 (3)             jmp     EMXASXT
                      (        forth.asm):03189         
E4CA 82               (        forth.asm):03190         SQUOTE  fcb     $82             ANSI (Core)
E4CB 5322             (        forth.asm):03191                 fcc     'S"'            Comp: ( "ccc<quote>" -- )
E4CD E4B6             (        forth.asm):03192                 fdb     PSTR            Exec: ( -- c-addr u )
                      (        forth.asm):03193                 RFCS
E4CF 8601             (        forth.asm):03194 (2)             lda     #1
E4D1 974B             (        forth.asm):03195 (3)             sta     SQUOTFN         Do skip leading delimiter(s)
E4D3 0D25             (        forth.asm):03196 (4)             tst     USTATE+1
E4D5 260C             (        forth.asm):03197 (3)             bne     @sqcmp
E4D7 8E0022           (        forth.asm):03198 (3)             ldx     #'"             We are interpreting
E4DA BDD7E5           (        forth.asm):03199 (7)             jsr     NPUSH
E4DD BDE43E           (        forth.asm):03200 (7)             jsr     WORD1
E4E0 7EE8A2           (        forth.asm):03201                 RFXT    jmp,COUNT+8     XT for COUNT
E4E3 109E08           (        forth.asm):03202 (5)     @sqcmp  ldy     DICEND          We are compiling
E4E6 867E             (        forth.asm):03203 (2)             lda     #JMPOPC         JMP extended
E4E8 A7A0             (        forth.asm):03204 (4+1)           sta     ,y+
E4EA 3420             (        forth.asm):03205 (4+2)           pshs    y
E4EC 3122             (        forth.asm):03206 (4+1)           leay    2,y             2 ALLOT
E4EE 109F08           (        forth.asm):03207 (5)             sty     DICEND
E4F1 8E0022           (        forth.asm):03208 (3)             ldx     #'"
E4F4 BDD7E5           (        forth.asm):03209 (7)             jsr     NPUSH
E4F7 BDE43E           (        forth.asm):03210 (7)             jsr     WORD1
E4FA BDD7F3           (        forth.asm):03211 (7)             jsr     NPOP
E4FD 4F               (        forth.asm):03212 (1)             clra
E4FE E684             (        forth.asm):03213 (4+0)           ldb     ,x              C@
E500 3001             (        forth.asm):03214 (4+1)           leax    1,x             1+. Skip the byte count (X has HERE)
E502 308B             (        forth.asm):03215 (4+2)           leax    d,x             Skip string length material
E504 3520             (        forth.asm):03216 (4+2)           puls    y
E506 AFA4             (        forth.asm):03217 (5+0)           stx     ,y              Install jump address
E508 3122             (        forth.asm):03218 (4+1)           leay    2,y             Counted string base address to Y
E50A 868E             (        forth.asm):03219 (2)             lda     #LDXOPC
E50C A780             (        forth.asm):03220 (4+1)           sta     ,x+
E50E 10AF81           (        forth.asm):03221 (6+2)           sty     ,x++
E511 9F08             (        forth.asm):03222 (4)             stx     DICEND          Update HERE
E513 8ED7E5           (        forth.asm):03223 (3)             ldx     #NPUSH
E516 BDD152           (        forth.asm):03224 (7)             jsr     EMXASXT
E519 8EE8A2           (        forth.asm):03225                 RFXT    ldx,#COUNT+8    XT for COUNT
E51C 7ED152           (        forth.asm):03226 (3)             jmp     EMXASXT
                      (        forth.asm):03227         
E51F 02               (        forth.asm):03228         DPLUS   fcb     2               ANSI (Double)
E520 442B             (        forth.asm):03229                 fcc     'D+'            ( d1 d2 -- d1+d2--signed )
E522 E4CA             (        forth.asm):03230                 fdb     SQUOTE          In processor's terms U has ( L1 H1 L2 H2 )
                      (        forth.asm):03231                 RFCS
E524 BDDB06           (        forth.asm):03232 (7)             jsr     MIN4PST         Make sure we have at least 4 cells stacked up
E527 EC46             (        forth.asm):03233 (5+1)           ldd     6,u             L1
E529 E342             (        forth.asm):03234 (5+1)           addd    2,u             L2
E52B ED46             (        forth.asm):03235 (5+1)           std     6,u             d1+d2 least significant cell
E52D EC44             (        forth.asm):03236 (5+1)           ldd     4,u             H1
E52F 10A9C4           (        forth.asm):03237 (6+0)           adcd    ,u              H2 (add with carry bit)
E532 ED44             (        forth.asm):03238 (5+1)           std     4,u             d1+d2 most significant cell
E534 3344             (        forth.asm):03239 (4+1)           leau    4,u             Drop 2 cells from the data stack
E536 39               (        forth.asm):03240 (4)             rts
                      (        forth.asm):03241         
E537 07               (        forth.asm):03242         DNEG    fcb     7               ANSI (Double)
E538 444E4547415445   (        forth.asm):03243                 fcc     'DNEGATE'
E53F E51F             (        forth.asm):03244                 fdb     DPLUS
                      (        forth.asm):03245                 RFCS
E541 BDDAFC           (        forth.asm):03246 (7)             jsr     MIN2PST         We need at least 2 cells stacked up
E544 10A642           (        forth.asm):03247 (6+1)           ldw     2,u             Least significant cell
E547 1053             (        forth.asm):03248 (2)             comw
E549 ECC4             (        forth.asm):03249 (5+0)           ldd     ,u              Most significant cell
E54B 1043             (        forth.asm):03250 (2)             comd
E54D 108B0001         (        forth.asm):03251 (4)             addw    #1
E551 10890000         (        forth.asm):03252 (4)             adcd    #0              Propagate carry flag
E555 10EDC4           (        forth.asm):03253 (8+0)           stq     ,u              Store the result back to the data stack
E558 39               (        forth.asm):03254 (4)             rts
                      (        forth.asm):03255         
E559 02               (        forth.asm):03256         DMINUS  fcb     2               ANSI (Double)
E55A 442D             (        forth.asm):03257                 fcc     'D-'            ( d1 d2 -- d1-d2--signed )
E55C E537             (        forth.asm):03258                 fdb     DNEG            In processor's terms U has ( L1 H1 L2 H2)
                      (        forth.asm):03259                 RFCS
E55E BDDB06           (        forth.asm):03260 (7)             jsr     MIN4PST         Make sure we have at least 4 cells stacked up
E561 EC46             (        forth.asm):03261 (5+1)           ldd     6,u             L1
E563 A342             (        forth.asm):03262 (5+1)           subd    2,u             L2
E565 ED46             (        forth.asm):03263 (5+1)           std     6,u             d1-d2 least significant cell
E567 EC44             (        forth.asm):03264 (5+1)           ldd     4,u             H1
E569 10A2C4           (        forth.asm):03265 (6+0)           sbcd    ,u              H2 (substract with borrow)
E56C ED44             (        forth.asm):03266 (5+1)           std     4,u             d1-d2 most significant cell
E56E 3344             (        forth.asm):03267 (4+1)           leau    4,u
E570 39               (        forth.asm):03268 (4)             rts
                      (        forth.asm):03269         
E571 03               (        forth.asm):03270         DZEQ    fcb     3               ANSI (Double)
E572 44303D           (        forth.asm):03271                 fcc     'D0='           ( d -- flag )
E575 E559             (        forth.asm):03272                 fdb     DMINUS
                      (        forth.asm):03273                 RFCS
E577 BDE016           (        forth.asm):03274                 RFXT    jsr,OR+5        XT for OR
E57A 7EE082           (        forth.asm):03275                 RFXT    jmp,NULP+5      XT for 0=
                      (        forth.asm):03276         
                      (        forth.asm):03277         * GNU Forth has:
                      (        forth.asm):03278         * f = FLAG(d1.hi==d2.hi ? d1.lo<d2.lo : d1.hi<d2.hi);
                      (        forth.asm):03279         * Comparisons between high cells are signed, but they are unsigned between
                      (        forth.asm):03280         * the low cells.
E57D 02               (        forth.asm):03281         DLESS   fcb     2               ANSI (Double)
E57E 443C             (        forth.asm):03282                 fcc     'D<'            ( d1 d2 -- flag )
E580 E571             (        forth.asm):03283                 fdb     DZEQ
                      (        forth.asm):03284                 RFCS
E582 BDDB06           (        forth.asm):03285 (7)             jsr     MIN4PST
                      (        forth.asm):03286         * Data stack structure at this point:
                      (        forth.asm):03287         * ,u    d2.hi                   1 cell
                      (        forth.asm):03288         * 2,u   d2.lo                   1 cell
                      (        forth.asm):03289         * 4,u   d1.hi                   1 cell
                      (        forth.asm):03290         * 6,u   d1.lo                   1 cell
E585 115F             (        forth.asm):03291 (2)             clrf                    A priori return value for FLAG
E587 ECC4             (        forth.asm):03292 (5+0)           ldd     ,u              D2.HI
E589 10A344           (        forth.asm):03293 (6+1)           cmpd    4,u             D1.HI
E58C 2611             (        forth.asm):03294 (3)             bne     @term2
E58E EC42             (        forth.asm):03295 (5+1)           ldd     2,u             D2.LO
E590 10A346           (        forth.asm):03296 (6+1)           cmpd    6,u             D1.LO
E593 2302             (        forth.asm):03297 (3)             bls     @done
E595 115A             (        forth.asm):03298 (2)     @anstru decf                    #$FF to F
E597 1FF9             (        forth.asm):03299 (4)     @done   tfr     f,b
E599 1D               (        forth.asm):03300 (1)             sex                     Sign extension B to D
E59A ED46             (        forth.asm):03301 (5+1)           std     6,u             FLAG returned as a cell
E59C 3346             (        forth.asm):03302 (4+1)           leau    6,u             Drop three cells from the data stack
E59E 39               (        forth.asm):03303 (4)             rts
E59F 2FF6             (        forth.asm):03304 (3)     @term2  ble     @done
E5A1 20F2             (        forth.asm):03305 (3)             bra     @anstru
                      (        forth.asm):03306         
E5A3 05               (        forth.asm):03307         TWOOVER fcb     5               ANSI (Core)
E5A4 324F564552       (        forth.asm):03308                 fcc     '2OVER'         ( d1 d2 -- d1 d2 d1 )
E5A9 E57D             (        forth.asm):03309                 fdb     DLESS
                      (        forth.asm):03310                 RFCS
E5AB BDDB06           (        forth.asm):03311 (7)             jsr     MIN4PST         At least four cells need to be stacked up
E5AE 10EC44           (        forth.asm):03312 (8+1)           ldq     4,u             D:W has MSC:LSC of D1
E5B1 1F61             (        forth.asm):03313 (4)             tfr     w,x
E5B3 BDD7E5           (        forth.asm):03314 (7)             jsr     NPUSH
E5B6 1F01             (        forth.asm):03315 (4)             tfr     d,x
E5B8 7ED7E5           (        forth.asm):03316 (3)             jmp     NPUSH
                      (        forth.asm):03317         
E5BB 05               (        forth.asm):03318         TWOSWAP fcb     5               ANSI (Core)
E5BC 3253574150       (        forth.asm):03319                 fcc     '2SWAP'         ( d1 d2 -- d2 d1 )
E5C1 E5A3             (        forth.asm):03320                 fdb     TWOOVER
                      (        forth.asm):03321                 RFCS
E5C3 BDDB06           (        forth.asm):03322 (7)             jsr     MIN4PST         At least four cells must be stacked up
E5C6 AE44             (        forth.asm):03323 (5+1)           ldx     4,u             D1 most significant cell
E5C8 10AE46           (        forth.asm):03324 (6+1)           ldy     6,u             D1 least significant cell
E5CB 10ECC4           (        forth.asm):03325 (8+0)           ldq     ,u              D:W has MSC:LSC of D2
E5CE 10ED44           (        forth.asm):03326 (8+1)           stq     4,u
E5D1 AFC4             (        forth.asm):03327 (5+0)           stx     ,u
E5D3 10AF42           (        forth.asm):03328 (6+1)           sty     2,u
E5D6 39               (        forth.asm):03329 (4)             rts
                      (        forth.asm):03330         
E5D7 05               (        forth.asm):03331         TWODROP fcb     5               ANSI (Core)
E5D8 3244524F50       (        forth.asm):03332                 fcc     '2DROP'         ( x1 x2 -- )
E5DD E5BB             (        forth.asm):03333                 fdb     TWOSWAP
                      (        forth.asm):03334                 RFCS
E5DF BDDAFC           (        forth.asm):03335 (7)             jsr     MIN2PST         At least two cells must be stacked up
E5E2 3344             (        forth.asm):03336 (4+1)           leau    4,u
E5E4 39               (        forth.asm):03337 (4)             rts
                      (        forth.asm):03338         
E5E5 04               (        forth.asm):03339         TWODUP  fcb     4               ANSI (Core)
E5E6 32445550         (        forth.asm):03340                 fcc     '2DUP'          ( double -- double double )
E5EA E5D7             (        forth.asm):03341                 fdb     TWODROP
                      (        forth.asm):03342                 RFCS
E5EC BDDAFC           (        forth.asm):03343 (7)             jsr     MIN2PST         At least two cells need to be stacked up
E5EF 10ECC4           (        forth.asm):03344 (8+0)           ldq     ,u              D:W has MSC:LSC of DOUBLE
E5F2 1F61             (        forth.asm):03345 (4)             tfr     w,x
E5F4 BDD7E5           (        forth.asm):03346 (7)             jsr     NPUSH
E5F7 1F01             (        forth.asm):03347 (4)             tfr     d,x
E5F9 7ED7E5           (        forth.asm):03348 (3)             jmp     NPUSH
                      (        forth.asm):03349         
E5FC 02               (        forth.asm):03350         TWOSTOR fcb     2               ANSI (Core)
E5FD 3221             (        forth.asm):03351                 fcc     '2!'            ( x1 x2 a-addr -- )
E5FF E5E5             (        forth.asm):03352                 fdb     TWODUP
                      (        forth.asm):03353                 RFCS
E601 BDDB01           (        forth.asm):03354 (7)             jsr     MIN3PST         At least three cells need to be stacked up
E604 10EC42           (        forth.asm):03355 (8+1)           ldq     2,u             DOUBLE to D:W
E607 10EDD4           (        forth.asm):03356 (8+3)           stq     [,u]            Store DOUBLE to ADDR
E60A 3346             (        forth.asm):03357 (4+1)           leau    6,u             Drop three cells from the user stack
E60C 39               (        forth.asm):03358 (4)             rts
                      (        forth.asm):03359         
E60D 02               (        forth.asm):03360         TWOFTCH fcb     2               ANSI (Core)
E60E 3240             (        forth.asm):03361                 fcc     '2@'            ( a-addr -- x1 x2 )
E610 E5FC             (        forth.asm):03362                 fdb     TWOSTOR
                      (        forth.asm):03363                 RFCS
E612 BDDAF7           (        forth.asm):03364 (7)             jsr     MIN1PST         At least cell needs to be stacked up
E615 10ECD4           (        forth.asm):03365 (8+3)           ldq     [,u]            D:W has MSC:LSC of DBLADDR @
E618 10A7C4           (        forth.asm):03366 (6+0)           stw     ,u              Least significant cell stacked in place
E61B 1F01             (        forth.asm):03367 (4)             tfr     d,x             Most significant cell goes through standard push
E61D 7ED7E5           (        forth.asm):03368 (3)             jmp     NPUSH
                      (        forth.asm):03369         
E620 07               (        forth.asm):03370         TONUMBR fcb     7               ANSI (Core)
E621 3E4E554D424552   (        forth.asm):03371                 fcc     '>NUMBER'       ( ud1 c-addr1 u1 -- ud2 c-addr2 u2 )
E628 E60D             (        forth.asm):03372                 fdb     TWOFTCH
                      (        forth.asm):03373                 RFCS
E62A BDDB06           (        forth.asm):03374 (7)             jsr     MIN4PST         At least 4 cells need to be stacked up
E62D AE42             (        forth.asm):03375 (5+1)           ldx     2,u             C-ADDR1 to X
E62F ECC4             (        forth.asm):03376 (5+0)   @cvloop ldd     ,u              Check U1. End of input string reached?
E631 2770             (        forth.asm):03377 (3)             beq     @cvdone         Yes--conversion is done
E633 E684             (        forth.asm):03378 (4+0)           ldb     ,x
                      (        forth.asm):03379         * B has the ASCII representation of something that may or may not be a valid
                      (        forth.asm):03380         * digit, expressed in BASE (alias (byte)UBASE+1). If it does, multiply D1 by
                      (        forth.asm):03381         * BASE and add that to D1 (aka D2 on exit). Then add DIGIT on the top of it.
E635 C030             (        forth.asm):03382 (2)             subb    #'0             Minimal ASCII value condition met?
E637 256A             (        forth.asm):03383 (3)             blo     @cvdone         No. Out of range. ,X cannot be a valid digit
E639 C10A             (        forth.asm):03384 (2)             cmpb    #10
E63B 2510             (        forth.asm):03385 (3)             blo     @cvnolt         No letter in potential BASE
                      (        forth.asm):03386                 IFEQ    CSSNTVE
E63D C111             (        forth.asm):03387 (2)             cmpb    #'A-'0
E63F 2562             (        forth.asm):03388 (3)             blo     @cvdone         Greater than 9 but lower than A
E641 C131             (        forth.asm):03389 (2)             cmpb    #'a-'0
E643 2506             (        forth.asm):03390 (3)             blo     @cvisuc         Upper case already
E645 C14A             (        forth.asm):03391 (2)             cmpb    #'z-'0
E647 225A             (        forth.asm):03392 (3)             bhi     @cvdone         Definitely out of range
E649 C020             (        forth.asm):03393 (2)             subb    #'a-'A          To upper case
                      (        forth.asm):03394                 ENDC                    CSSNTVE
E64B C007             (        forth.asm):03395 (2)     @cvisuc subb    #'A-':          A-Z to number
E64D D123             (        forth.asm):03396 (3)     @cvnolt cmpb    UBASE+1         B has a digit. Make sure it's less than BASE
E64F 2452             (        forth.asm):03397 (3)             bhs     @cvdone         Number under scrutiny is >= BASE
E651 3276             (        forth.asm):03398 (4+1)           leas    -10,s           Allocate scratch space
E653 6FE4             (        forth.asm):03399 (6+0)           clr     ,s
E655 E761             (        forth.asm):03400 (4+1)           stb     1,s
                      (        forth.asm):03401         * System and user stack structures are as follows:
                      (        forth.asm):03402         * ,s    current digit (1 cell)
                      (        forth.asm):03403         * 2,s   D0*B (1 cell)
                      (        forth.asm):03404         * 4,s   D1*B (1 cell)
                      (        forth.asm):03405         * 6,s   D2*B (1 cell)
                      (        forth.asm):03406         * 8,s   D3*B (1 cell)
                      (        forth.asm):03407         * ,u    U1 (1 cell)
                      (        forth.asm):03408         * 2,u   C-ADDR1 (1 cell)
                      (        forth.asm):03409         * 4,u   D1H most significant cell
                      (        forth.asm):03410         * 6,u   D1L least significant cell
E657 1F37             (        forth.asm):03411 (4)             tfr     u,v             Backup U
E659 3348             (        forth.asm):03412 (4+1)           leau    8,u             Point one byte after D1LL
E65B 3162             (        forth.asm):03413 (4+1)           leay    2,s             Point to D0*B
E65D 118604           (        forth.asm):03414 (3)             lde     #4              Four products to go through
E660 A6C2             (        forth.asm):03415 (4+1)   @cvmul  lda     ,-u
E662 D623             (        forth.asm):03416 (3)             ldb     UBASE+1
E664 3D               (        forth.asm):03417 (10)            mul
E665 EDA1             (        forth.asm):03418 (5+2)           std     ,y++
E667 114A             (        forth.asm):03419 (2)             dece
E669 26F5             (        forth.asm):03420 (3)             bne     @cvmul
E66B 1F73             (        forth.asm):03421 (4)             tfr     v,u             Restore U
                      (        forth.asm):03422         *
E66D A663             (        forth.asm):03423 (4+1)           lda     3,s             D0*B.L
E66F A747             (        forth.asm):03424 (4+1)           sta     7,u             D1L.L
                      (        forth.asm):03425         *
E671 A662             (        forth.asm):03426 (4+1)           lda     2,s             D0*B.H
E673 AB65             (        forth.asm):03427 (4+1)           adda    5,s             D1*B.L
E675 A746             (        forth.asm):03428 (4+1)           sta     6,u             D1L.H
                      (        forth.asm):03429         *
E677 A664             (        forth.asm):03430 (4+1)           lda     4,s             D1*B.H
E679 A967             (        forth.asm):03431 (4+1)           adca    7,s             D2*B.L
E67B A745             (        forth.asm):03432 (4+1)           sta     5,u             D1H.L
                      (        forth.asm):03433         *
E67D A666             (        forth.asm):03434 (4+1)           lda     6,s             D2*B.H
E67F A969             (        forth.asm):03435 (4+1)           adca    9,s             D3*B.L
E681 A744             (        forth.asm):03436 (4+1)           sta     4,u             D1H.H
                      (        forth.asm):03437         *
E683 2521             (        forth.asm):03438 (3)             bcs     @cvovf          Out of range error if carry is set
E685 6D68             (        forth.asm):03439 (5+1)           tst     8,s             D3*B.H
E687 261D             (        forth.asm):03440 (3)             bne     @cvovf          That one should be zero
                      (        forth.asm):03441         *
E689 EC46             (        forth.asm):03442 (5+1)           ldd     6,u             D1L
E68B E3E4             (        forth.asm):03443 (5+0)           addd    ,s              DIGIT
E68D ED46             (        forth.asm):03444 (5+1)           std     6,u
E68F EC44             (        forth.asm):03445 (5+1)           ldd     4,u             D1H
E691 10890000         (        forth.asm):03446 (4)             adcd    #0              Potential carry from lower cell
E695 ED44             (        forth.asm):03447 (5+1)           std     4,u
E697 326A             (        forth.asm):03448 (4+1)           leas    10,s            Release scratch space
                      (        forth.asm):03449         * Update the count of unconverted characters (ultimately U2)
E699 ECC4             (        forth.asm):03450 (5+0)           ldd     ,u
E69B 104A             (        forth.asm):03451 (2)             decd
E69D EDC4             (        forth.asm):03452 (5+0)           std     ,u
E69F 3001             (        forth.asm):03453 (4+1)           leax    1,x             Point to the next character in the input string
E6A1 208C             (        forth.asm):03454 (3)             bra     @cvloop         Here we go again
E6A3 AF42             (        forth.asm):03455 (5+1)   @cvdone stx     2,u             Set C-ADDR2
E6A5 39               (        forth.asm):03456 (4)             rts
E6A6 C604             (        forth.asm):03457 (2)     @cvovf  ldb     #4              Out of range
E6A8 BDD754           (        forth.asm):03458 (7)             jsr     ERRHDLR         No return
                      (        forth.asm):03459         
E6AB 02               (        forth.asm):03460         CVTE    fcb     2               ANSI (Core)
E6AC 233E             (        forth.asm):03461                 fcc     '#>'            ( xd -- c-addr u )
E6AE E620             (        forth.asm):03462                 fdb     TONUMBR
                      (        forth.asm):03463                 RFCS
E6B0 BDD7F3           (        forth.asm):03464 (7)             jsr     NPOP
E6B3 BDD7F3           (        forth.asm):03465 (7)             jsr     NPOP            Drop 2 cells from the data stack
E6B6 8E01EB           (        forth.asm):03466 (3)             ldx     #APADBUF
E6B9 3610             (        forth.asm):03467                 UCNPUSH
E6BB BDD243           (        forth.asm):03468 (7)             jsr     SLEN
E6BE 1F61             (        forth.asm):03469 (4)             tfr     w,x
E6C0 3610             (        forth.asm):03470                 UCNPUSH
E6C2 39               (        forth.asm):03471 (4)             rts
                      (        forth.asm):03472         
E6C3 04               (        forth.asm):03473         SIGN    fcb     4               ANSI (Core)
E6C4 5349474E         (        forth.asm):03474                 fcc     'SIGN'          ( n -- )
E6C8 E6AB             (        forth.asm):03475                 fdb     CVTE
                      (        forth.asm):03476                 RFCS
E6CA BDD7F3           (        forth.asm):03477 (7)             jsr     NPOP
E6CD 1F10             (        forth.asm):03478 (4)             tfr     x,d
E6CF 104D             (        forth.asm):03479 (2)             tstd
E6D1 2C04             (        forth.asm):03480 (3)             bge     @sign1
E6D3 C62D             (        forth.asm):03481 (2)             ldb     #'-
E6D5 2066             (        forth.asm):03482 (3)             bra     PREAPAD
E6D7 39               (        forth.asm):03483 (4)     @sign1  rts
                      (        forth.asm):03484         
E6D8 04               (        forth.asm):03485         HOLD    fcb     4               ANSI (Core)
E6D9 484F4C44         (        forth.asm):03486                 fcc     'HOLD'          ( char -- )
E6DD E6C3             (        forth.asm):03487                 fdb     SIGN
                      (        forth.asm):03488                 RFCS
E6DF BDD7F3           (        forth.asm):03489 (7)             jsr     NPOP
E6E2 1F10             (        forth.asm):03490 (4)             tfr     x,d
E6E4 2057             (        forth.asm):03491 (3)             bra     PREAPAD         B is inserted at the beginning of APADBUF.
                      (        forth.asm):03492         
E6E6 02               (        forth.asm):03493         SHARPS  fcb     2               ANSI (Core)
E6E7 2353             (        forth.asm):03494                 fcc     '#S'            ( ud1 -- ud2 )
E6E9 E6D8             (        forth.asm):03495                 fdb     HOLD
                      (        forth.asm):03496                 RFCS
E6EB 8601             (        forth.asm):03497 (2)             lda     #1
E6ED 973D             (        forth.asm):03498 (3)             sta     CVTFCN          CVT function #1 is #S
E6EF 2006             (        forth.asm):03499 (3)             bra     CVT0
                      (        forth.asm):03500         
                      (        forth.asm):03501         * Unsigned double on the top of the data stack gets divided by BASE.
                      (        forth.asm):03502         * The division algorithm implemented here is the binary long division.
                      (        forth.asm):03503         * See https://en.wikipedia.org/wiki/Division_algorithm for more information.
                      (        forth.asm):03504         * Remainder (converted to a character) gets prepended to APAD.
E6F1 01               (        forth.asm):03505         CVT     fcb     1               ANSI (Core)
E6F2 23               (        forth.asm):03506                 fcc     '#'             ( ud1 -- ud2 )
E6F3 E6E6             (        forth.asm):03507                 fdb     SHARPS
                      (        forth.asm):03508                 RFCS
E6F5 0F3D             (        forth.asm):03509 (5)             clr     CVTFCN          CVT function 0 is #
E6F7 BDD7F3           (        forth.asm):03510 (7)     CVT0    jsr     NPOP
E6FA 1F12             (        forth.asm):03511 (4)             tfr     x,y
E6FC BDD7F3           (        forth.asm):03512 (7)             jsr     NPOP
                      (        forth.asm):03513         * Stack structure:
                      (        forth.asm):03514         * ,s    Remainder               16 bits
                      (        forth.asm):03515         * 2,s   Bitmask high            16 bits
                      (        forth.asm):03516         * 4,s   Bitmask low             16 bits
                      (        forth.asm):03517         * 6,s   Quotient high           16 bits
                      (        forth.asm):03518         * 8,s   Quotient low            16 bits
                      (        forth.asm):03519         * 10,s  Numerator high          16 bits
                      (        forth.asm):03520         * 12,s  Numerator low           16 bits
                      (        forth.asm):03521         * 14,s  Denominator             16 bits
                      (        forth.asm):03522         * 16,s  Remainder carry         8 bits
E6FF 32E8EF           (        forth.asm):03523 (4+1)   CVT1    leas    -17,s
E702 DC22             (        forth.asm):03524 (4)             ldd     UBASE
E704 ED6E             (        forth.asm):03525 (5+1)           std     14,s            Denominator
E706 AF6C             (        forth.asm):03526 (5+1)           stx     12,s            Numerator least significant cell
E708 10AF6A           (        forth.asm):03527 (6+1)           sty     10,s            Numerator most significant cell
E70B 8D43             (        forth.asm):03528 (6)             bsr     DBDIVSG
                      (        forth.asm):03529         * Convert the remainder to a digit expressed in BASE.
E70D E661             (        forth.asm):03530 (4+1)           ldb     1,s
E70F 8630             (        forth.asm):03531 (2)             lda     #'0
E711 C10A             (        forth.asm):03532 (2)             cmpb    #10             B has the digit we want converted to BASE
E713 2502             (        forth.asm):03533 (3)             bcs     @cvtdgt
E715 8637             (        forth.asm):03534 (2)             lda     #'A-10
E717 103089           (        forth.asm):03535 (4)     @cvtdgt addr    a,b
E71A 8D21             (        forth.asm):03536 (6)             bsr     PREAPAD         Prepend B to the string currently in PAD
E71C 0D3D             (        forth.asm):03537 (4)             tst     CVTFCN
E71E 2711             (        forth.asm):03538 (3)             beq     @cvtend         Function 0 is straight #, i.e. we're done here
                      (        forth.asm):03539         * Function 1 is #S, we iterate unless the quotient is 0.
E720 EC68             (        forth.asm):03540 (5+1)           ldd     8,s
E722 10AA66           (        forth.asm):03541 (6+1)           ord     6,s
E725 270A             (        forth.asm):03542 (3)             beq     @cvtend
E727 AE68             (        forth.asm):03543 (5+1)           ldx     8,s             New numerator low
E729 10AE66           (        forth.asm):03544 (6+1)           ldy     6,s             New numerator high
E72C 32E811           (        forth.asm):03545 (4+1)           leas    17,s            Discard the stack frame
E72F 20CE             (        forth.asm):03546 (3)             bra     CVT1            And go at it again
                      (        forth.asm):03547         * Push back the quotient on the data stack (low then high cell).
E731 AE68             (        forth.asm):03548 (5+1)   @cvtend ldx     8,s
E733 3610             (        forth.asm):03549                 UCNPUSH
E735 AE66             (        forth.asm):03550 (5+1)           ldx     6,s
E737 3610             (        forth.asm):03551                 UCNPUSH
E739 32E811           (        forth.asm):03552 (4+1)           leas    17,s            Discard the stack frame
E73C 39               (        forth.asm):03553 (4)             rts
                      (        forth.asm):03554         
                      (        forth.asm):03555         * Insert the character in B in front of the string at APADBUF.
E73D 8E01EB           (        forth.asm):03556 (3)     PREAPAD ldx     #APADBUF
E740 BDD243           (        forth.asm):03557 (7)             jsr     SLEN
E743 103061           (        forth.asm):03558 (4)             addr    w,x             X points to the PAD string's NUL terminator
E746 105C             (        forth.asm):03559 (2)             incw                    Include the terminator
E748 3101             (        forth.asm):03560 (4+1)           leay    1,x
E74A 113912           (        forth.asm):03561 (6+?)           tfm     x-,y-
E74D D7EB             (        forth.asm):03562 (3)             stb     APADBUF
E74F 39               (        forth.asm):03563 (4)             rts
                      (        forth.asm):03564         
                      (        forth.asm):03565         * Double (numerator high/low) gets divided by a single cell number. Please note
                      (        forth.asm):03566         * that this is a strictly unsigned business. Input parameters are supposed to
                      (        forth.asm):03567         * have been set up by the caller on the system stack. The quotient (high/low)
                      (        forth.asm):03568         * and remainder are returned the same way. Current users of this routine are
                      (        forth.asm):03569         * CVT (#) and UMSLMOD (UM/MOD).
                      (        forth.asm):03570         *
                      (        forth.asm):03571         * Stack structure:
                      (        forth.asm):03572         * ,s    Return address          16 bits
                      (        forth.asm):03573         * 2,s   Remainder               16 bits
                      (        forth.asm):03574         * 4,s   Bitmask high            16 bits
                      (        forth.asm):03575         * 6,s   Bitmask low             16 bits
                      (        forth.asm):03576         * 8,s   Quotient high           16 bits
                      (        forth.asm):03577         * 10,s  Quotient low            16 bits
                      (        forth.asm):03578         * 12,s  Numerator high          16 bits
                      (        forth.asm):03579         * 14,s  Numerator low           16 bits
                      (        forth.asm):03580         * 16,s  Denominator             16 bits
                      (        forth.asm):03581         * 18,s  Remainder carry         8 bits
                      (        forth.asm):03582         *
E750 CC8000           (        forth.asm):03583 (3)     DBDIVSG ldd     #$8000
E753 ED64             (        forth.asm):03584 (5+1)           std     4,s             Bitmask high
E755 4F               (        forth.asm):03585 (1)             clra
E756 ED66             (        forth.asm):03586 (5+1)           std     6,s             Bitmask low
E758 ED68             (        forth.asm):03587 (5+1)           std     8,s             Quotient high
E75A ED6A             (        forth.asm):03588 (5+1)           std     10,s            Quotient low
E75C ED62             (        forth.asm):03589 (5+1)           std     2,s             Remainder
E75E 11C61F           (        forth.asm):03590 (3)             ldf     #31             32 bits to go
E761 6863             (        forth.asm):03591 (6+1)   @cvbeg  lsl     3,s
E763 6962             (        forth.asm):03592 (6+1)           rol     2,s             R := R << 1
E765 1FA8             (        forth.asm):03593 (4)             tfr     cc,a
E767 8401             (        forth.asm):03594 (2)             anda    #CFLAG
E769 A7E812           (        forth.asm):03595 (4+1)           sta     18,s            Save CFLAG after left shift of the remainder
                      (        forth.asm):03596         * We need to extract bit <f> (i) of the numerator. Since (i) varies from 31
                      (        forth.asm):03597         * downto 0, all we need to do is to shift left a 32 bit quantity and isolate
                      (        forth.asm):03598         * the carry flag as the bit of interest.
E76C EC6E             (        forth.asm):03599 (5+1)           ldd     14,s            Numerator low
E76E 1048             (        forth.asm):03600 (2)             lsld
E770 ED6E             (        forth.asm):03601 (5+1)           std     14,s
E772 EC6C             (        forth.asm):03602 (5+1)           ldd     12,s            Numerator high
E774 1049             (        forth.asm):03603 (2)             rold
E776 ED6C             (        forth.asm):03604 (5+1)           std     12,s
E778 1FA8             (        forth.asm):03605 (4)             tfr     cc,a
E77A 8401             (        forth.asm):03606 (2)             anda    #CFLAG          CFLAG is 1, which is ideal here
E77C AA63             (        forth.asm):03607 (4+1)           ora     3,s             R(0) := N(i)
E77E A763             (        forth.asm):03608 (4+1)           sta     3,s             Update the remainder
E780 1F89             (        forth.asm):03609 (4)             tfr     a,b             Remainder LSB
E782 A662             (        forth.asm):03610 (4+1)           lda     2,s             Remainder MSB
E784 6DE812           (        forth.asm):03611 (5+1)           tst     18,s
E787 2606             (        forth.asm):03612 (3)             bne     @frcsub         Carry was set on left shift of the remainder
E789 10A3E810         (        forth.asm):03613 (6+1)           cmpd    16,s            Denominator
E78D 2513             (        forth.asm):03614 (3)             blo     @cvshft
E78F A3E810           (        forth.asm):03615 (5+1)   @frcsub subd    16,s
E792 ED62             (        forth.asm):03616 (5+1)           std     2,s             R := R - D
                      (        forth.asm):03617         * Q(i) := 1 (use the bitmask).
E794 EC68             (        forth.asm):03618 (5+1)           ldd     8,s             Quotient high
E796 10AA64           (        forth.asm):03619 (6+1)           ord     4,s             Bitmask high
E799 ED68             (        forth.asm):03620 (5+1)           std     8,s
E79B EC6A             (        forth.asm):03621 (5+1)           ldd     10,s            Quotient low
E79D 10AA66           (        forth.asm):03622 (6+1)           ord     6,s             Bitmask low
E7A0 ED6A             (        forth.asm):03623 (5+1)           std     10,s
                      (        forth.asm):03624         * Shift the bitmask 1 bit right.
E7A2 EC64             (        forth.asm):03625 (5+1)   @cvshft ldd     4,s
E7A4 1044             (        forth.asm):03626 (2)             lsrd
E7A6 ED64             (        forth.asm):03627 (5+1)           std     4,s
E7A8 EC66             (        forth.asm):03628 (5+1)           ldd     6,s
E7AA 1046             (        forth.asm):03629 (2)             rord
E7AC ED66             (        forth.asm):03630 (5+1)           std     6,s
E7AE 115A             (        forth.asm):03631 (2)             decf
E7B0 2CAF             (        forth.asm):03632 (3)             bge     @cvbeg
E7B2 39               (        forth.asm):03633 (4)             rts
                      (        forth.asm):03634         
E7B3 02               (        forth.asm):03635         CVTB    fcb     2               ANSI (Core)
E7B4 3C23             (        forth.asm):03636                 fcc     '<#'            ( -- )
E7B6 E6F1             (        forth.asm):03637                 fdb     CVT
                      (        forth.asm):03638                 RFCS
E7B8 0FEB             (        forth.asm):03639 (5)             clr     APADBUF
E7BA 39               (        forth.asm):03640 (4)             rts
                      (        forth.asm):03641         
E7BB 01               (        forth.asm):03642         DOT     fcb     1               ANSI (Core)
E7BC 2E               (        forth.asm):03643                 fcc     '.'             ( n -- )
E7BD E7B3             (        forth.asm):03644                 fdb     CVTB
                      (        forth.asm):03645                 RFCS
E7BF 8601             (        forth.asm):03646 (2)             lda     #1
E7C1 9740             (        forth.asm):03647 (3)             sta     CVISSGN         Force a signed number conversion
E7C3 BDD7F3           (        forth.asm):03648 (7)     PTOP0   jsr     NPOP            N to X
E7C6 BDD45E           (        forth.asm):03649 (7)             jsr     CVNSTR
E7C9 8E0512           (        forth.asm):03650 (3)             ldx     #TBUFF
E7CC 8620             (        forth.asm):03651 (2)             lda     #SP
E7CE A180             (        forth.asm):03652 (4+1)   @ptop1  cmpa    ,x+             Skip leading spaces
E7D0 27FC             (        forth.asm):03653 (3)             beq     @ptop1
E7D2 301F             (        forth.asm):03654 (4+1)           leax    -1,x            Point to actual string start address
E7D4 BDD2EA           (        forth.asm):03655 (7)             jsr     PUTS
E7D7 7ED2D7           (        forth.asm):03656 (3)             jmp     PUTCH           Extra space after printing a number
                      (        forth.asm):03657         
E7DA 02               (        forth.asm):03658         UDOT    fcb     2               ANSI (Core)
E7DB 552E             (        forth.asm):03659                 fcc     'U.'            ( u -- )
E7DD E7BB             (        forth.asm):03660                 fdb     DOT
                      (        forth.asm):03661                 RFCS
E7DF 0F40             (        forth.asm):03662 (5)             clr     CVISSGN         Conversion is unsigned
E7E1 20E0             (        forth.asm):03663 (3)             bra     PTOP0
                      (        forth.asm):03664         
E7E3 02               (        forth.asm):03665         DOTR    fcb     2               ANSI (Core ext)
E7E4 2E52             (        forth.asm):03666                 fcc     '.R'
E7E6 E7DA             (        forth.asm):03667                 fdb     UDOT
                      (        forth.asm):03668                 RFCS
E7E8 8601             (        forth.asm):03669 (2)             lda     #1
E7EA 9740             (        forth.asm):03670 (3)             sta     CVISSGN
E7EC BDD7F3           (        forth.asm):03671 (7)     DOTR0   jsr     NPOP
E7EF 3410             (        forth.asm):03672 (4+2)           pshs    x               Length parameter value
E7F1 BDD7F3           (        forth.asm):03673 (7)             jsr     NPOP
E7F4 BDD45E           (        forth.asm):03674 (7)             jsr     CVNSTR
E7F7 8E0512           (        forth.asm):03675 (3)             ldx     #TBUFF
E7FA 8620             (        forth.asm):03676 (2)             lda     #SP
E7FC A180             (        forth.asm):03677 (4+1)   @dotr1  cmpa    ,x+
E7FE 27FC             (        forth.asm):03678 (3)             beq     @dotr1          Skip leading spaces
E800 301F             (        forth.asm):03679 (4+1)           leax    -1,x
E802 BDD243           (        forth.asm):03680 (7)             jsr     SLEN            String length is returned in W
E805 3506             (        forth.asm):03681 (4+2)           puls    d
E807 1E06             (        forth.asm):03682 (5)             exg     d,w
E809 103206           (        forth.asm):03683 (4)             subr    d,w
E80C 2F0D             (        forth.asm):03684 (3)             ble     @dotr3
E80E 8620             (        forth.asm):03685 (2)             lda     #SP
E810 105D             (        forth.asm):03686 (2)     @dotr2  tstw
E812 2707             (        forth.asm):03687 (3)             beq     @dotr3
E814 BDD2D7           (        forth.asm):03688 (7)             jsr     PUTCH
E817 105A             (        forth.asm):03689 (2)             decw
E819 20F5             (        forth.asm):03690 (3)             bra     @dotr2
E81B 7ED2EA           (        forth.asm):03691 (3)     @dotr3  jmp     PUTS
                      (        forth.asm):03692         
E81E 03               (        forth.asm):03693         UDOTR   fcb     3               ANSI (Core ext)
E81F 552E52           (        forth.asm):03694                 fcc     'U.R'
E822 E7E3             (        forth.asm):03695                 fdb     DOTR
                      (        forth.asm):03696                 RFCS
E824 0F40             (        forth.asm):03697 (5)             clr     CVISSGN
E826 20C4             (        forth.asm):03698 (3)             bra     DOTR0
                      (        forth.asm):03699         
E828 02               (        forth.asm):03700         BL      fcb     2               ANSI (Core)
E829 424C             (        forth.asm):03701                 fcc     'BL'            ( -- char )
E82B E81E             (        forth.asm):03702                 fdb     UDOTR
                      (        forth.asm):03703                 RFCS
E82D 8E0020           (        forth.asm):03704 (3)             ldx     #SP
E830 7ED7E5           (        forth.asm):03705 (3)             jmp     NPUSH
                      (        forth.asm):03706         
E833 05               (        forth.asm):03707         SPACE   fcb     5               ANSI (Core)
E834 5350414345       (        forth.asm):03708                 fcc     'SPACE'         ( -- )
E839 E828             (        forth.asm):03709                 fdb     BL
                      (        forth.asm):03710                 RFCS
E83B 8620             (        forth.asm):03711 (2)             lda     #SP
E83D 7ED2D7           (        forth.asm):03712 (3)             jmp     PUTCH
                      (        forth.asm):03713         
E840 06               (        forth.asm):03714         SPACES  fcb     6               ANSI (Core)
E841 535041434553     (        forth.asm):03715                 fcc     'SPACES'        ( n -- )
E847 E833             (        forth.asm):03716                 fdb     SPACE
                      (        forth.asm):03717                 RFCS
E849 BDD7F3           (        forth.asm):03718 (7)             jsr     NPOP
E84C 8620             (        forth.asm):03719 (2)             lda     #SP
E84E 1F16             (        forth.asm):03720 (4)             tfr     x,w
E850 105D             (        forth.asm):03721 (2)             tstw
E852 2601             (        forth.asm):03722 (3)     @loop   bne     @cont
E854 39               (        forth.asm):03723 (4)             rts
E855 BDD2D7           (        forth.asm):03724 (7)     @cont   jsr     PUTCH
E858 105A             (        forth.asm):03725 (2)             decw
E85A 20F6             (        forth.asm):03726 (3)             bra     @loop
                      (        forth.asm):03727         
E85C 04               (        forth.asm):03728         PAGE    fcb     4               ANSI (Facility)
E85D 50414745         (        forth.asm):03729                 fcc     'PAGE'
E861 E840             (        forth.asm):03730                 fdb     SPACES
                      (        forth.asm):03731                 RFCS
E863 8EEF4C           (        forth.asm):03732 (3)             ldx     #CSVT100
E866 7ED2EA           (        forth.asm):03733 (3)             jmp     PUTS
                      (        forth.asm):03734         
E869 02               (        forth.asm):03735         CRLF    fcb     2               ANSI (Core)
E86A 4352             (        forth.asm):03736                 fcc     'CR'            ( -- )
E86C E85C             (        forth.asm):03737                 fdb     PAGE
                      (        forth.asm):03738                 RFCS
E86E 7ED2F7           (        forth.asm):03739 (3)             jmp     PUTCR
                      (        forth.asm):03740         
E871 03               (        forth.asm):03741         PAD     fcb     3               ANSI (Core ext)
E872 504144           (        forth.asm):03742                 fcc     'PAD'
E875 E869             (        forth.asm):03743                 fdb     CRLF
                      (        forth.asm):03744                 RFCS
E877 8E0197           (        forth.asm):03745 (3)             ldx     #PADBUF
E87A 7ED7E5           (        forth.asm):03746 (3)             jmp     NPUSH
                      (        forth.asm):03747         
E87D 04               (        forth.asm):03748         TYPE    fcb     4               ANSI (Core)
E87E 54595045         (        forth.asm):03749                 fcc     'TYPE'          ( c-addr u -- )
E882 E871             (        forth.asm):03750                 fdb     PAD
                      (        forth.asm):03751                 RFCS
E884 BDD7F3           (        forth.asm):03752 (7)             jsr     NPOP            Character count (signed)
E887 1F16             (        forth.asm):03753 (4)             tfr     x,w
E889 BDD7F3           (        forth.asm):03754 (7)             jsr     NPOP            Buffer address
E88C 105D             (        forth.asm):03755 (2)             tstw                    
E88E 2601             (        forth.asm):03756 (3)     @loop   bne     @cont
E890 39               (        forth.asm):03757 (4)             rts
E891 A680             (        forth.asm):03758 (4+1)   @cont   lda     ,x+
E893 BDD2D7           (        forth.asm):03759 (7)             jsr     PUTCH
E896 105A             (        forth.asm):03760 (2)             decw
E898 20F4             (        forth.asm):03761 (3)             bra     @loop
                      (        forth.asm):03762         
E89A 05               (        forth.asm):03763         COUNT   fcb     5               ANSI (Core)
E89B 434F554E54       (        forth.asm):03764                 fcc     'COUNT'         ( c-addr1 -- c-addr2 u )
E8A0 E87D             (        forth.asm):03765                 fdb     TYPE
                      (        forth.asm):03766                 RFCS
E8A2 BDD7F3           (        forth.asm):03767 (7)             jsr     NPOP            C-ADDR1 to X
E8A5 E680             (        forth.asm):03768 (4+1)           ldb     ,x+             B has LSB(U) and X has C-ADDR2
E8A7 3610             (        forth.asm):03769                 UCNPUSH                 C-ADDR2 to the data stack (B is preserved)
E8A9 4F               (        forth.asm):03770 (1)             clra
E8AA 1F01             (        forth.asm):03771 (4)             tfr     d,x
E8AC 7ED7E5           (        forth.asm):03772 (3)             jmp     NPUSH           U to the data stack
                      (        forth.asm):03773         
E8AF 06               (        forth.asm):03774         ACCEPT  fcb     6               ANSI (Core)
E8B0 414343455054     (        forth.asm):03775                 fcc     'ACCEPT'        ( c-addr +n1 -- +n2 )
E8B6 E89A             (        forth.asm):03776                 fdb     COUNT
                      (        forth.asm):03777                 RFCS
E8B8 BDD7F3           (        forth.asm):03778 (7)             jsr     NPOP
E8BB 1F10             (        forth.asm):03779 (4)             tfr     x,d             Buffer length to B
E8BD BDD7F3           (        forth.asm):03780 (7)             jsr     NPOP            Buffer address to X. B is preserved
E8C0 BDD30D           (        forth.asm):03781 (7)             jsr     GETS            Input character count is returned via B
E8C3 4F               (        forth.asm):03782 (1)             clra
E8C4 3606             (        forth.asm):03783 (4+2)           pshu    d               This saves us "tfr d,x" and "UCNPUSH"
E8C6 39               (        forth.asm):03784 (4)             rts
                      (        forth.asm):03785         
E8C7 49               (        forth.asm):03786         TERPRET fcb     $49             79-STANDARD (REF) I make this compile time only
E8C8 494E544552505245 (        forth.asm):03787                 fcc     'INTERPRET'     ( -- )
     54
E8D1 E8AF             (        forth.asm):03788                 fdb     ACCEPT
                      (        forth.asm):03789                 RFCS
                      (        forth.asm):03790         * Obtain a base buffer address based on the value of BLK.
E8D3 9E2C             (        forth.asm):03791 (4)             ldx     UBLK
E8D5 260B             (        forth.asm):03792 (3)             bne     @isblk
                      (        forth.asm):03793         * A Zero BLK value indicates the console OR a counted string set up by EVALUATE.
E8D7 8E043E           (        forth.asm):03794 (3)             ldx     #CMDBUF         Base buffer address for serial line input
E8DA 0D49             (        forth.asm):03795 (4)             tst     SRCID           Counted string?
E8DC 2710             (        forth.asm):03796 (3)             beq     @rsolvd         No. Back to the serial console
E8DE 9E20             (        forth.asm):03797 (4)             ldx     BSBFADR         BSBFADR and ISLEN have been set up previously
E8E0 200C             (        forth.asm):03798 (3)             bra     @rsolvd
                      (        forth.asm):03799         * BLK is NZ, map the block in memory.
E8E2 BDD7E5           (        forth.asm):03800 (7)     @isblk  jsr     NPUSH           X has the target block number
E8E5 BDDC1C           (        forth.asm):03801                 RFXT    jsr,BLOCK+8     XT for BLOCK. Map the block in
E8E8 3710             (        forth.asm):03802                 UCNPOP                  Retrieve buffer address (to X)
                      (        forth.asm):03803         * The physical address of the current block might have changed. This should be
                      (        forth.asm):03804         * reflected by clearing ISEADDR.
E8EA 104F             (        forth.asm):03805 (2)             clrd
E8EC DD28             (        forth.asm):03806 (4)             std     ISEADDR
E8EE 9F20             (        forth.asm):03807 (4)     @rsolvd stx     BSBFADR
                      (        forth.asm):03808         * Note: >IN is supposed to have been set by the caller!
E8F0 DC2A             (        forth.asm):03809 (4)             ldd     UTOIN
E8F2 103001           (        forth.asm):03810 (4)             addr    d,x
E8F5 7ED0BF           (        forth.asm):03811 (3)             jmp     _INTERP         Finally invoke _INTERP.
                      (        forth.asm):03812         
E8F8 04               (        forth.asm):03813         LOAD    fcb     4               ANSI (Block)
E8F9 4C4F4144         (        forth.asm):03814                 fcc     'LOAD'          ( i*x u -- j*x )
E8FD E8C7             (        forth.asm):03815                 fdb     TERPRET
                      (        forth.asm):03816                 RFCS
E8FF BDD7F3           (        forth.asm):03817 (7)             jsr     NPOP            ZFLAG is set by NPOP
E902 2601             (        forth.asm):03818 (3)             bne     LOAD1
E904 39               (        forth.asm):03819 (4)             rts                     Block 0 is _not_ loadable
E905 BDD850           (        forth.asm):03820 (7)     LOAD1   jsr     SAVINP          Save input parameters. X is preserved
E908 9F2C             (        forth.asm):03821 (4)             stx     UBLK            Update BLK with the LOAD argument
E90A CC0400           (        forth.asm):03822 (3)             ldd     #BLKSIZ         1024 bytes
E90D DD26             (        forth.asm):03823 (4)             std     ISLEN           Set input stream length
E90F 104F             (        forth.asm):03824 (2)             clrd
E911 9749             (        forth.asm):03825 (3)             sta     SRCID           Not invoked in EVALUATE context
E913 DD2A             (        forth.asm):03826 (4)     LOAD2   std     UTOIN           Clear >IN
E915 DD28             (        forth.asm):03827 (4)             std     ISEADDR         End of input stream address (included)
                      (        forth.asm):03828         * Map the new BLK in, interpret code from there.
E917 8DBA             (        forth.asm):03829                 RFXT    bsr,TERPRET+12  XT for INTERPRET
E919 BDD86B           (        forth.asm):03830 (7)             jsr     RSTINP          Restore input parameters
E91C 7ED885           (        forth.asm):03831 (3)             jmp     BKIN2PT         Map BLK in (if needed) and update BSBFADR
                      (        forth.asm):03832         
E91F 08               (        forth.asm):03833         EVAL    fcb     8               ANSI (Core/Block)
E920 4556414C55415445 (        forth.asm):03834                 fcc     'EVALUATE'      ( i * x c-addr u -- j * x )
E928 E8F8             (        forth.asm):03835                 fdb     LOAD
                      (        forth.asm):03836                 RFCS
E92A BDDAFC           (        forth.asm):03837 (7)             jsr     MIN2PST         Need at least 2 parameters on the data stack
                      (        forth.asm):03838         * The whole thing looks like LOAD1 except we do not need to map a block in.
E92D AE42             (        forth.asm):03839 (5+1)           ldx     2,u             C-ADDR
E92F 10AEC4           (        forth.asm):03840 (6+0)           ldy     ,u              U
E932 3344             (        forth.asm):03841 (4+1)           leau    4,u             Drop 2 cells from the data stack
E934 BDD850           (        forth.asm):03842 (7)             jsr     SAVINP          Save input context. X is preserved
E937 9F20             (        forth.asm):03843 (4)             stx     BSBFADR         Set BSBFADR from C-ADDR
E939 109F26           (        forth.asm):03844 (5)             sty     ISLEN           Set ISLEN from U
E93C 86FF             (        forth.asm):03845 (2)             lda     #$FF
E93E 9749             (        forth.asm):03846 (3)             sta     SRCID           -1 (byte) to SRCID. Invoked in EVALUATE context
E940 104F             (        forth.asm):03847 (2)             clrd
E942 DD2C             (        forth.asm):03848 (4)             std     UBLK            Target block number is zero
E944 20CD             (        forth.asm):03849 (3)             bra     LOAD2           Interpret, restore input context and proceed
                      (        forth.asm):03850         
E946 04               (        forth.asm):03851         THRU    fcb     4               ANSI (Block ext)
E947 54485255         (        forth.asm):03852                 fcc     'THRU'          ( u1 u2 -- )
E94B E91F             (        forth.asm):03853                 fdb     EVAL
                      (        forth.asm):03854                 RFCS
E94D BDD7F3           (        forth.asm):03855 (7)             jsr     NPOP
E950 1F12             (        forth.asm):03856 (4)             tfr     x,y             Y has U2 (highblk)
E952 BDD7F3           (        forth.asm):03857 (7)             jsr     NPOP            X has U1 (lowblk)--both are unsigned numbers
E955 103712           (        forth.asm):03858 (4)     @thrlop cmpr    x,y
E958 2401             (        forth.asm):03859 (3)             bhs     @cont           Limit is >= to the loop index
E95A 39               (        forth.asm):03860 (4)             rts
E95B 3430             (        forth.asm):03861 (4+4)   @cont   pshs    x,y             Backup loop parameters
E95D 3610             (        forth.asm):03862                 UCNPUSH                 Current block number to the data stack
E95F 8D9E             (        forth.asm):03863                 RFXT    bsr,LOAD+7      XT for LOAD
E961 3530             (        forth.asm):03864 (4+4)           puls    y,x             Retrieve loop parameters
E963 3001             (        forth.asm):03865 (4+1)           leax    1,x             Iterate over to the next screen
E965 20EE             (        forth.asm):03866 (3)             bra     @thrlop
                      (        forth.asm):03867         
E967 02               (        forth.asm):03868         MILLIS  fcb     2               ANSI (Facility ext)
E968 4D53             (        forth.asm):03869                 fcc     'MS'            ( u -- )
E96A E946             (        forth.asm):03870                 fdb     THRU
                      (        forth.asm):03871                 RFCS
E96C BDD7F3           (        forth.asm):03872 (7)             jsr     NPOP            ZFLAG is set by NPOP
E96F 270B             (        forth.asm):03873 (3)             beq     @ms3
E971 CC00C2           (        forth.asm):03874 (3)     MILLIS1 ldd     #MSLCNT
E974 104A             (        forth.asm):03875 (2)     @ms2    decd
E976 26FC             (        forth.asm):03876 (3)             bne     @ms2
E978 301F             (        forth.asm):03877 (4+1)           leax    -1,x
E97A 26F5             (        forth.asm):03878 (3)             bne     MILLIS1
E97C 39               (        forth.asm):03879 (4)     @ms3    rts
                      (        forth.asm):03880         
E97D 04               (        forth.asm):03881         KEYP    fcb     4               ANSI (Facility)
E97E 4B45593F         (        forth.asm):03882                 fcc     'KEY?'          ( -- flag )
E982 E967             (        forth.asm):03883                 fdb     MILLIS
                      (        forth.asm):03884                 RFCS
E984 1FC1             (        forth.asm):03885 (4)             tfr     0,x
E986 0D55             (        forth.asm):03886 (4)             tst     SERBCNT
E988 2702             (        forth.asm):03887 (3)             beq     @done
E98A 301F             (        forth.asm):03888 (4+1)           leax    -1,x            Return the ANSI true
E98C 7ED7E5           (        forth.asm):03889 (3)     @done   jmp     NPUSH
                      (        forth.asm):03890         
E98F 03               (        forth.asm):03891         KEY     fcb     3               ANSI (Core)
E990 4B4559           (        forth.asm):03892                 fcc     'KEY'           ( -- char )
E993 E97D             (        forth.asm):03893                 fdb     KEYP
                      (        forth.asm):03894                 RFCS
E995 BDD2AB           (        forth.asm):03895 (7)             jsr     GETCH
E998 1F89             (        forth.asm):03896 (4)             tfr     a,b
E99A 4F               (        forth.asm):03897 (1)             clra
E99B 1F01             (        forth.asm):03898 (4)             tfr     d,x
E99D 7ED7E5           (        forth.asm):03899 (3)             jmp     NPUSH
                      (        forth.asm):03900         
E9A0 04               (        forth.asm):03901         EMIT    fcb     4               ANSI (Core)
E9A1 454D4954         (        forth.asm):03902                 fcc     'EMIT'          ( x -- )
E9A5 E98F             (        forth.asm):03903                 fdb     KEY
                      (        forth.asm):03904                 RFCS
E9A7 BDD7F3           (        forth.asm):03905 (7)             jsr     NPOP
E9AA 1F10             (        forth.asm):03906 (4)             tfr     x,d
E9AC 1F98             (        forth.asm):03907 (4)             tfr     b,a
E9AE 7ED2D7           (        forth.asm):03908 (3)             jmp     PUTCH
                      (        forth.asm):03909         
E9B1 01               (        forth.asm):03910         PLUS    fcb     1               ANSI (Core)
E9B2 2B               (        forth.asm):03911                 fcc     '+'             ( n1 | u1 n2 | u2 -- n3 | u3 )
E9B3 E9A0             (        forth.asm):03912                 fdb     EMIT
                      (        forth.asm):03913                 RFCS
E9B5 BDDAFC           (        forth.asm):03914 (7)             jsr     MIN2PST         We need at least two cells stacked up
E9B8 EC42             (        forth.asm):03915 (5+1)           ldd     2,u             N1 to D
E9BA E3C4             (        forth.asm):03916 (5+0)           addd    ,u              D has N1+N2
E9BC ED42             (        forth.asm):03917 (5+1)           std     2,u             D to N3
E9BE 3342             (        forth.asm):03918 (4+1)           leau    2,u             Drop the top cell
E9C0 39               (        forth.asm):03919 (4)             rts
                      (        forth.asm):03920         
E9C1 02               (        forth.asm):03921         ONEM    fcb     2               ANSI (Core)
E9C2 312D             (        forth.asm):03922                 fcc     '1-'            ( n1|u1 -- n2|u2 )
E9C4 E9B1             (        forth.asm):03923                 fdb     PLUS
                      (        forth.asm):03924                 RFCS
E9C6 BDDAF7           (        forth.asm):03925 (7)             jsr     MIN1PST         We need at least one cell stacked up
E9C9 ECC4             (        forth.asm):03926 (5+0)           ldd     ,u
E9CB 104A             (        forth.asm):03927 (2)             decd
E9CD EDC4             (        forth.asm):03928 (5+0)           std     ,u
E9CF 39               (        forth.asm):03929 (4)             rts
                      (        forth.asm):03930         
E9D0 02               (        forth.asm):03931         ONEP    fcb     2               ANSI (Core)
E9D1 312B             (        forth.asm):03932                 fcc     '1+'            ( n1|u1 -- n2|u2 )
E9D3 E9C1             (        forth.asm):03933                 fdb     ONEM
                      (        forth.asm):03934                 RFCS
E9D5 BDDAF7           (        forth.asm):03935 (7)             jsr     MIN1PST         We need at least one cell stacked up
E9D8 ECC4             (        forth.asm):03936 (5+0)           ldd     ,u
E9DA 104C             (        forth.asm):03937 (2)             incd
E9DC EDC4             (        forth.asm):03938 (5+0)           std     ,u
E9DE 39               (        forth.asm):03939 (4)             rts
                      (        forth.asm):03940         
E9DF 05               (        forth.asm):03941         CHARP   fcb     5               ANSI Core
E9E0 434841522B       (        forth.asm):03942                 fcc     'CHAR+'         ( c-addr1 -- c-addr2 )
E9E5 E9D0             (        forth.asm):03943                 fdb     ONEP
                      (        forth.asm):03944                 RFCS
E9E7 20EC             (        forth.asm):03945                 RFXT    bra,ONEP+5      XT for 1+
                      (        forth.asm):03946         
E9E9 01               (        forth.asm):03947         MINUS   fcb     1               ANSI (Core)
E9EA 2D               (        forth.asm):03948                 fcc     '-'             ( n1|u1 n2|u2 -- n3|u3 )
E9EB E9DF             (        forth.asm):03949                 fdb     CHARP
                      (        forth.asm):03950                 RFCS
E9ED BDDAFC           (        forth.asm):03951 (7)             jsr     MIN2PST         We need at least two cells stacked up
E9F0 EC42             (        forth.asm):03952 (5+1)           ldd     2,u             N1 to D
E9F2 A3C4             (        forth.asm):03953 (5+0)           subd    ,u              D has N1-N2
E9F4 ED42             (        forth.asm):03954 (5+1)           std     2,u             Store D to N3
E9F6 3342             (        forth.asm):03955 (4+1)           leau    2,u             Drop the top cell
E9F8 39               (        forth.asm):03956 (4)             rts
                      (        forth.asm):03957         
E9F9 05               (        forth.asm):03958         FALSE   fcb     5               ANSI (Core ext)
E9FA 46414C5345       (        forth.asm):03959                 fcc     'FALSE'
E9FF E9E9             (        forth.asm):03960                 fdb     MINUS
                      (        forth.asm):03961                 RFCS
EA01 1FC1             (        forth.asm):03962 (4)             tfr     0,x
EA03 7ED7E5           (        forth.asm):03963 (3)             jmp     NPUSH
                      (        forth.asm):03964         
EA06 04               (        forth.asm):03965         TRUE    fcb     4               ANSI (Core ext)
EA07 54525545         (        forth.asm):03966                 fcc     'TRUE'
EA0B E9F9             (        forth.asm):03967                 fdb     FALSE
                      (        forth.asm):03968                 RFCS
EA0D 8EFFFF           (        forth.asm):03969 (3)             ldx     #-1
EA10 7ED7E5           (        forth.asm):03970 (3)             jmp     NPUSH
                      (        forth.asm):03971         
EA13 05               (        forth.asm):03972         SHIFT   fcb     5               79-STANDARD (REF)
EA14 5348494654       (        forth.asm):03973                 fcc     'SHIFT'
EA19 EA06             (        forth.asm):03974                 fdb     TRUE
                      (        forth.asm):03975                 RFCS
EA1B BDDAFC           (        forth.asm):03976 (7)             jsr     MIN2PST         Two cells need to be stacked up
EA1E 10A6C4           (        forth.asm):03977 (6+0)           ldw     ,u              Shift bitcount
EA21 EC42             (        forth.asm):03978 (5+1)           ldd     2,u             The data itself
EA23 105D             (        forth.asm):03979 (2)     @shftlp tstw
EA25 2712             (        forth.asm):03980 (3)             beq     @shfdon
EA27 2D08             (        forth.asm):03981 (3)             blt     @shftrg
EA29 1048             (        forth.asm):03982 (2)             lsld                    Shift left (W is positive)
EA2B 270C             (        forth.asm):03983 (3)             beq     @shfdon         Done if outcome is zero
EA2D 105A             (        forth.asm):03984 (2)             decw
EA2F 20F2             (        forth.asm):03985 (3)             bra     @shftlp
EA31 1044             (        forth.asm):03986 (2)     @shftrg lsrd                    Shift right (W is negative)
EA33 2704             (        forth.asm):03987 (3)             beq     @shfdon         Done if outcome is zero
EA35 105C             (        forth.asm):03988 (2)             incw
EA37 20EA             (        forth.asm):03989 (3)             bra     @shftlp
EA39 ED42             (        forth.asm):03990 (5+1)   @shfdon std     2,u             Return value stored there
EA3B 3342             (        forth.asm):03991 (4+1)           leau    2,u             Drop one cell from the data stack
EA3D 39               (        forth.asm):03992 (4)             rts
                      (        forth.asm):03993         
                      (        forth.asm):03994         * Signed multiplication by hardware support.
EA3E 01               (        forth.asm):03995         MULT    fcb     1               ANSI (Core)
EA3F 2A               (        forth.asm):03996                 fcc     '*'             ( n1|u1 n2|u2 -- n3|u3 [n4|u4] )
EA40 EA13             (        forth.asm):03997                 fdb     SHIFT
                      (        forth.asm):03998                 RFCS
EA42 0F3A             (        forth.asm):03999 (5)             clr     MULFCN          Function 0 is *
EA44 BDDAFC           (        forth.asm):04000 (7)     MULT1   jsr     MIN2PST         Two cells need to be stacked up
EA47 EC42             (        forth.asm):04001 (5+1)           ldd     2,u             N1 to D
EA49 11AFC4           (        forth.asm):04002 (30+0)          muld    ,u              D:W has N1*N2
EA4C 10A742           (        forth.asm):04003 (6+1)           stw     2,u             LSC to N3
EA4F 0D3A             (        forth.asm):04004 (4)             tst     MULFCN
EA51 2603             (        forth.asm):04005 (3)             bne     @mstsem
                      (        forth.asm):04006         * Semantics: return only the LSC.
EA53 3342             (        forth.asm):04007 (4+1)           leau    2,u             Drop one cell from the data stack
EA55 39               (        forth.asm):04008 (4)             rts
                      (        forth.asm):04009         * M* semantics, also return the MSC.
EA56 EDC4             (        forth.asm):04010 (5+0)   @mstsem std     ,u              MSC to N4
EA58 39               (        forth.asm):04011 (4)             rts
                      (        forth.asm):04012         
EA59 02               (        forth.asm):04013         MSTAR   fcb     2               ANSI (Core)
EA5A 4D2A             (        forth.asm):04014                 fcc     'M*'            ( n1 n2 -- d )
EA5C EA3E             (        forth.asm):04015                 fdb     MULT
EA5E 8601             (        forth.asm):04016 (2)             lda     #1
EA60 973A             (        forth.asm):04017 (3)             sta     MULFCN          Function 1 is M*
EA62 20E0             (        forth.asm):04018 (3)             bra     MULT1
                      (        forth.asm):04019         
                      (        forth.asm):04020         * The algorithm implemented here is similar to Donald's Knuth algorithm M,
                      (        forth.asm):04021         * as described in "The Art of Computer Programming", Volume II, 3rd edition,
                      (        forth.asm):04022         * section 4.3.1, pp 268. It is not as generic as algorithm M but fits our
                      (        forth.asm):04023         * particular purpose here: a 16x16 bit unsigned multiplication that yields
                      (        forth.asm):04024         * a 32 bit result. A simpler description of algorithm M can be found in
                      (        forth.asm):04025         * Henry S. Warren Junior's "Hacker's Delight", second edition, section 8-1,
                      (        forth.asm):04026         * pp 171. A C prototype implementation for a little endian host is provided
                      (        forth.asm):04027         * in SW/util/umstar.c.
                      (        forth.asm):04028         * In essence we reduce the problem to a 2 digit by 2 digit (expressed in
                      (        forth.asm):04029         * base 256) multiplication and use the 6809 MUL (A * B -> D) instruction.
EA64 03               (        forth.asm):04030         UMSTAR  fcb     3               ANSI (Core)
EA65 554D2A           (        forth.asm):04031                 fcc     'UM*'           ( u1 u2 -- ud )
EA68 EA59             (        forth.asm):04032                 fdb     MSTAR
                      (        forth.asm):04033                 RFCS
EA6A BDDAFC           (        forth.asm):04034 (7)             jsr     MIN2PST         2 parameters need to be stacked up
                      (        forth.asm):04035         * Register allocation notes:
                      (        forth.asm):04036         * X: pointer to ud1 (ARG_U/p in the C code).
                      (        forth.asm):04037         * Y: pointer to ud2 (ARG_V/q in the C code).
                      (        forth.asm):04038         * E: Inner loop index (i in the C code).
                      (        forth.asm):04039         * F: Outer loop index (j in the C code).
                      (        forth.asm):04040         *
                      (        forth.asm):04041         * We save U to the system stack and use it to point to a scratch area allocated
                      (        forth.asm):04042         * from the system stack that will contain the 4 bytes (double cell) ultimately
                      (        forth.asm):04043         * holding the result (MSB first, what else?).
                      (        forth.asm):04044         *
                      (        forth.asm):04045         * System stack structure:
                      (        forth.asm):04046         * ,S    Result scratch area (Result MSB)
                      (        forth.asm):04047         * 2,S   Result scratch area (Result LSB)
                      (        forth.asm):04048         * 4,S   Saved U register
                      (        forth.asm):04049         * Total: 6 bytes.
EA6D 327A             (        forth.asm):04050 (4+1)           leas    -6,s            Allocate system stack scratch space
EA6F EF64             (        forth.asm):04051 (5+1)           stu     4,s             Save the U register
EA71 104F             (        forth.asm):04052 (2)             clrd
EA73 EDE4             (        forth.asm):04053 (5+0)           std     ,s              Initialize the result's MSB
EA75 ED62             (        forth.asm):04054 (5+1)           std     2,s             Initialize the result's LSB
EA77 3141             (        forth.asm):04055 (4+1)           leay    1,u             Initialize outer loop pointer (q in the C code)
EA79 3363             (        forth.asm):04056 (4+1)           leau    3,s             Initialize the result pointer (r in the C code)
EA7B 11C602           (        forth.asm):04057 (3)             ldf     #2              Outer loop index
EA7E AE64             (        forth.asm):04058 (5+1)   @outer  ldx     4,s             Saved U register
EA80 3003             (        forth.asm):04059 (4+1)           leax    3,x             Initialize inner loop pointer (p in the C code)
EA82 118602           (        forth.asm):04060 (3)             lde     #2              Inner loop index
EA85 A684             (        forth.asm):04061 (4+0)   @inner  lda     ,x              *p to A
EA87 E6A4             (        forth.asm):04062 (4+0)           ldb     ,y              *q to B
EA89 3D               (        forth.asm):04063 (10)            mul                     *p * *q to D (tmpval in the C code)
EA8A E35F             (        forth.asm):04064 (5+1)           addd    -1,u            r[-1] += tmpval
EA8C ED5F             (        forth.asm):04065 (5+1)           std     -1,u
EA8E 2402             (        forth.asm):04066 (3)             bcc     @ncarry
EA90 6C5E             (        forth.asm):04067 (6+1)           inc     -2,u            r[-2] += carry (propagate carry from ADDD above)
EA92 335F             (        forth.asm):04068 (4+1)   @ncarry leau    -1,u            r--
EA94 301F             (        forth.asm):04069 (4+1)           leax    -1,x            p--
EA96 114A             (        forth.asm):04070 (2)             dece                    i--
EA98 26EB             (        forth.asm):04071 (3)             bne     @inner
EA9A 3341             (        forth.asm):04072 (4+1)           leau    1,u             r++
EA9C 313F             (        forth.asm):04073 (4+1)           leay    -1,y            q--
EA9E 115A             (        forth.asm):04074 (2)             decf                    j--
EAA0 26DC             (        forth.asm):04075 (3)             bne     @outer
EAA2 EE64             (        forth.asm):04076 (5+1)           ldu     4,s             Restore the U register
EAA4 10ECE4           (        forth.asm):04077 (8+0)           ldq     ,s
EAA7 10EDC4           (        forth.asm):04078 (8+0)           stq     ,u              Result to the data stack (in place)
EAAA 3266             (        forth.asm):04079 (4+1)           leas    6,s             Release system stack scratch space
EAAC 39               (        forth.asm):04080 (4)             rts
                      (        forth.asm):04081         
EAAD 05               (        forth.asm):04082         CELLS   fcb     5               ANSI (Core)
EAAE 43454C4C53       (        forth.asm):04083                 fcc     'CELLS'         ( n1 -- n2 )
EAB3 EA64             (        forth.asm):04084                 fdb     UMSTAR
                      (        forth.asm):04085                 RFCS
EAB5 2005             (        forth.asm):04086                 RFXT    bra,TWOTIM+5
                      (        forth.asm):04087         
EAB7 02               (        forth.asm):04088         TWOTIM  fcb     2               ANSI (Core)
EAB8 322A             (        forth.asm):04089                 fcc     '2*'            ( x1 -- x2 )
EABA EAAD             (        forth.asm):04090                 fdb     CELLS
                      (        forth.asm):04091                 RFCS
EABC BDDAF7           (        forth.asm):04092 (7)             jsr     MIN1PST         One cell needs to be stacked up
EABF ECC4             (        forth.asm):04093 (5+0)           ldd     ,u
EAC1 1048             (        forth.asm):04094 (2)             asld
EAC3 EDC4             (        forth.asm):04095 (5+0)           std     ,u
EAC5 39               (        forth.asm):04096 (4)             rts
                      (        forth.asm):04097         
EAC6 02               (        forth.asm):04098         TWODIV  fcb     2               ANSI (Core)
EAC7 322F             (        forth.asm):04099                 fcc     '2/'            ( x1 -- x2 )
EAC9 EAB7             (        forth.asm):04100                 fdb     TWOTIM
                      (        forth.asm):04101                 RFCS
EACB BDDAF7           (        forth.asm):04102 (7)             jsr     MIN1PST         One cell needs to be stacked up
EACE ECC4             (        forth.asm):04103 (5+0)           ldd     ,u
EAD0 1047             (        forth.asm):04104 (2)             asrd
EAD2 EDC4             (        forth.asm):04105 (5+0)           std     ,u
EAD4 39               (        forth.asm):04106 (4)             rts
                      (        forth.asm):04107         
EAD5 03               (        forth.asm):04108         MOD     fcb     3               ANSI (Core)
EAD6 4D4F44           (        forth.asm):04109                 fcc     'MOD'           ( N1 N2 -- N3 )
EAD9 EAC6             (        forth.asm):04110                 fdb     TWODIV
                      (        forth.asm):04111                 RFCS
EADB 8601             (        forth.asm):04112 (2)             lda     #DVFMOD
EADD 9737             (        forth.asm):04113 (3)             sta     DIVFCN          Function 1: return only the modulo
EADF 2031             (        forth.asm):04114 (3)             bra     DIV1
                      (        forth.asm):04115         
EAE1 04               (        forth.asm):04116         SLMOD   fcb     4               ANSI (Core)
EAE2 2F4D4F44         (        forth.asm):04117                 fcc     '/MOD'          ( N1 N2 -- N3 N4 )
EAE6 EAD5             (        forth.asm):04118                 fdb     MOD
                      (        forth.asm):04119                 RFCS
EAE8 0F37             (        forth.asm):04120 (5)             clr     DIVFCN          Function 0: return the quotient and the modulo
EAEA 2026             (        forth.asm):04121 (3)             bra     DIV1
                      (        forth.asm):04122         
EAEC 06               (        forth.asm):04123         FMSLMOD fcb     6               ANSI (Core)
EAED 464D2F4D4F44     (        forth.asm):04124                 fcc     'FM/MOD'        ( D1 N1 -- N2 N3 )
EAF3 EAE1             (        forth.asm):04125                 fdb     SLMOD
                      (        forth.asm):04126                 RFCS
EAF5 8608             (        forth.asm):04127 (2)             lda     #(DVFSLMD|DVOA1D) Function 0, arg #1 is double
EAF7 9737             (        forth.asm):04128 (3)             sta     DIVFCN
EAF9 2017             (        forth.asm):04129 (3)             bra     DIV1
                      (        forth.asm):04130         
EAFB 06               (        forth.asm):04131         SMSLREM fcb     6               ANSI (Core)
EAFC 534D2F52454D     (        forth.asm):04132                 fcc     'SM/REM'        ( D1 N1 -- N2 N3 )
EB02 EAEC             (        forth.asm):04133                 fdb     FMSLMOD
                      (        forth.asm):04134                 RFCS
                      (        forth.asm):04135         * Function 0, arg #1 is double, want symmetric division.
EB04 8618             (        forth.asm):04136 (2)             lda     #(DVFSLMD|DVOA1D|DVOWSYM)
EB06 9737             (        forth.asm):04137 (3)             sta     DIVFCN
EB08 2008             (        forth.asm):04138 (3)             bra     DIV1
                      (        forth.asm):04139         
                      (        forth.asm):04140         * /, MOD and /MOD are essentially the same function returning
                      (        forth.asm):04141         * the different parts returned by DIVQ.
                      (        forth.asm):04142         * We use a global variable to distinguish which functionality
                      (        forth.asm):04143         * is being requested:
                      (        forth.asm):04144         * 0: return the modulo and the quotient (/MOD).
                      (        forth.asm):04145         * 1: return the modulo only (MOD).
                      (        forth.asm):04146         * 2: return the quotient only (/).
EB0A 01               (        forth.asm):04147         DIV     fcb     1               ANSI (Core)
EB0B 2F               (        forth.asm):04148                 fcc     '/'             ( n1|d1 n2 -- n3 [n4] )
EB0C EAFB             (        forth.asm):04149                 fdb     SMSLREM
                      (        forth.asm):04150                 RFCS
EB0E 8602             (        forth.asm):04151 (2)             lda     #DVFDIV
EB10 9737             (        forth.asm):04152 (3)             sta     DIVFCN          Function 2: return only the quotient
EB12 0F3B             (        forth.asm):04153 (5)     DIV1    clr     F83DIVF         Assume no adjustment required for floored div.
                      (        forth.asm):04154         
                      (        forth.asm):04155         * Split function code options into individual flags, extract base function code.
EB14 0F38             (        forth.asm):04156 (5)             clr     DIVDBL
EB16 0F39             (        forth.asm):04157 (5)             clr     DIVSYM
EB18 8601             (        forth.asm):04158 (2)             lda     #1
EB1A D637             (        forth.asm):04159 (3)             ldb     DIVFCN
EB1C C508             (        forth.asm):04160 (2)             bitb    #DVOA1D
EB1E 2702             (        forth.asm):04161 (3)             beq     *+4
EB20 9738             (        forth.asm):04162 (3)             sta     DIVDBL
EB22 C510             (        forth.asm):04163 (2)             bitb    #DVOWSYM
EB24 2702             (        forth.asm):04164 (3)             beq     *+4
EB26 9739             (        forth.asm):04165 (3)             sta     DIVSYM
EB28 C407             (        forth.asm):04166 (2)             andb    #DVFMASK
EB2A D737             (        forth.asm):04167 (3)             stb     DIVFCN
                      (        forth.asm):04168         
EB2C 0D38             (        forth.asm):04169 (4)             tst     DIVDBL          Numerator is double cell?
EB2E 2605             (        forth.asm):04170 (3)             bne     *+7             Yes
EB30 BDDAFC           (        forth.asm):04171 (7)             jsr     MIN2PST         Assert single cell division reqs are met
EB33 2003             (        forth.asm):04172 (3)             bra     *+5             Stacked parameters reqs verified OK
EB35 BDDB01           (        forth.asm):04173 (7)             jsr     MIN3PST         Assert double cell division reqs are met
                      (        forth.asm):04174         
EB38 0D39             (        forth.asm):04175 (4)             tst     DIVSYM
EB3A 2608             (        forth.asm):04176 (3)             bne     @dvsym          Symmetric division is wanted
EB3C A642             (        forth.asm):04177 (4+1)           lda     2,u             Numerator's MSB
EB3E A8C4             (        forth.asm):04178 (4+0)           eora    ,u              Different sign from the denominator's MSB?
EB40 2A02             (        forth.asm):04179 (3)             bpl     @dvsym          No, proceed to the division code
EB42 0C3B             (        forth.asm):04180 (5)             inc     F83DIVF         Numerator and denominator have different signs
EB44 0D38             (        forth.asm):04181 (4)     @dvsym  tst     DIVDBL
EB46 2705             (        forth.asm):04182 (3)             beq     @dvsgn
EB48 10EC42           (        forth.asm):04183 (8+1)           ldq     2,u             Double cell numerator to D:W
EB4B 2009             (        forth.asm):04184 (3)             bra     @dvactu
                      (        forth.asm):04185         * Division by zero conditions are dealt with through the trap handler.
EB4D 104F             (        forth.asm):04186 (2)     @dvsgn  clrd                    Clear the numerator's MSC
EB4F 10A642           (        forth.asm):04187 (6+1)           ldw     2,u             Numerator's LSC
EB52 2A02             (        forth.asm):04188 (3)             bpl     @dvactu         Branch if no sign extension is needed
                      (        forth.asm):04189         * Sign extension from W to Q.
EB54 1043             (        forth.asm):04190 (2)             comd                    -1 to D (numerator's MSC)
EB56 11AEC4           (        forth.asm):04191 (36)    @dvactu divq    ,u              ,u has the denominator
EB59 8D1F             (        forth.asm):04192 (6)             bsr     FDIVADJ         Perform floored division adjustment, if needed
                      (        forth.asm):04193         
EB5B 0D38             (        forth.asm):04194 (4)             tst     DIVDBL
EB5D 2702             (        forth.asm):04195 (3)             beq     *+4
EB5F 3342             (        forth.asm):04196 (4+1)           leau    2,u             Drop one cell from the data stack
                      (        forth.asm):04197         
EB61 0D37             (        forth.asm):04198 (4)             tst     DIVFCN
EB63 2606             (        forth.asm):04199 (3)             bne     @div4
EB65 ED42             (        forth.asm):04200 (5+1)           std     2,u             Function 0: return the modulo and the quotient
EB67 10A7C4           (        forth.asm):04201 (6+0)   @div3   stw     ,u              Function 2: return only the quotient
EB6A 39               (        forth.asm):04202 (4)             rts
EB6B 3342             (        forth.asm):04203 (4+1)   @div4   leau    2,u             Drop one cell from the data stack
EB6D 1F07             (        forth.asm):04204 (4)             tfr     d,v             Backup the modulo
EB6F 9637             (        forth.asm):04205 (3)             lda     DIVFCN
EB71 8101             (        forth.asm):04206 (2)             cmpa    #1
EB73 26F2             (        forth.asm):04207 (3)             bne     @div3
EB75 1F70             (        forth.asm):04208 (4)             tfr     v,d             Restore the modulo
EB77 EDC4             (        forth.asm):04209 (5+0)           std     ,u              Function 1: return only the modulo
EB79 39               (        forth.asm):04210 (4)             rts
                      (        forth.asm):04211         
                      (        forth.asm):04212         * Quotient is returned in W, modulo in D but this is symmetric division :-(
                      (        forth.asm):04213         * Need to return a floored division result for compat. with F83 and ANSI impls.
EB7A 104D             (        forth.asm):04214 (2)     FDIVADJ tstd                    Is the remainder zero?
EB7C 2708             (        forth.asm):04215 (3)             beq     @no83ad         Yes. No adjusment required for floored division
EB7E 0D3B             (        forth.asm):04216 (4)             tst     F83DIVF         Different signs for numerator and denominator?
EB80 2704             (        forth.asm):04217 (3)             beq     @no83ad         No. Adjusment not needed for floored division
                      (        forth.asm):04218         * Adjusment for F83 floored division.
EB82 105A             (        forth.asm):04219 (2)             decw                    Decrement the quotient
EB84 E3C4             (        forth.asm):04220 (5+0)           addd    ,u              Add the denominator to the modulo
EB86 39               (        forth.asm):04221 (4)     @no83ad rts
                      (        forth.asm):04222         
EB87 02               (        forth.asm):04223         STRSLSH fcb     2               ANSI (Core)
EB88 2A2F             (        forth.asm):04224                 fcc     '*/'            ( N1 N2 N3 -- N4 [N5] )
EB8A EB0A             (        forth.asm):04225                 fdb     DIV
                      (        forth.asm):04226                 RFCS
EB8C 8601             (        forth.asm):04227 (2)             lda     #1
EB8E 973C             (        forth.asm):04228 (3)             sta     STSLFCN
EB90 BDDB01           (        forth.asm):04229 (7)     STRSL1  jsr     MIN3PST         Three cells need to be stacked up
EB93 0F3B             (        forth.asm):04230 (5)             clr     F83DIVF         Assume no adjustment required for floored div.
                      (        forth.asm):04231         * Division by zero conditions are dealt with through the trap handler.
EB95 EC44             (        forth.asm):04232 (5+1)           ldd     4,u             N1
EB97 11AF42           (        forth.asm):04233 (30+1)          muld    2,u             N2 (N1 * N2 -> D:W)
EB9A 3402             (        forth.asm):04234 (4+1)           pshs    a               Product's MSC's MSB
EB9C A8C4             (        forth.asm):04235 (4+0)           eora    ,u              Different sign from the denominator's?
EB9E 2A02             (        forth.asm):04236 (3)             bpl     @stslpr         No. Floored division adjustment not needed
EBA0 0C3B             (        forth.asm):04237 (5)             inc     F83DIVF
EBA2 3502             (        forth.asm):04238 (4+1)   @stslpr puls    a
EBA4 11AEC4           (        forth.asm):04239 (36)            divq    ,u              N3
EBA7 8DD1             (        forth.asm):04240 (6)             bsr     FDIVADJ         Perform floored division adjustment, if needed
EBA9 3342             (        forth.asm):04241 (4+1)           leau    2,u
EBAB 0D3C             (        forth.asm):04242 (4)             tst     STSLFCN
EBAD 2606             (        forth.asm):04243 (3)             bne     @strsl2         Just the quotient, Ma'am!
EBAF ED42             (        forth.asm):04244 (5+1)           std     2,u             N4: the modulo
EBB1 10A7C4           (        forth.asm):04245 (6+0)           stw     ,u              N5: the quotient
EBB4 39               (        forth.asm):04246 (4)             rts
EBB5 3342             (        forth.asm):04247 (4+1)   @strsl2 leau    2,u
EBB7 10A7C4           (        forth.asm):04248 (6+0)           stw     ,u              N4
EBBA 39               (        forth.asm):04249 (4)             rts
                      (        forth.asm):04250         
EBBB 05               (        forth.asm):04251         STRSLMD fcb     5               ANSI (Core)
EBBC 2A2F4D4F44       (        forth.asm):04252                 fcc     '*/MOD'         ( N1 N2 N3 -- N4 N5 )
EBC1 EB87             (        forth.asm):04253                 fdb     STRSLSH
                      (        forth.asm):04254                 RFCS
EBC3 0F3C             (        forth.asm):04255 (5)             clr     STSLFCN
EBC5 20C9             (        forth.asm):04256 (3)             bra     STRSL1
                      (        forth.asm):04257         
EBC7 06               (        forth.asm):04258         UMSLMOD fcb     6               ANSI (Core)
EBC8 554D2F4D4F44     (        forth.asm):04259                 fcc     'UM/MOD'        ( ud u1 -- u2 u3 )
EBCE EBBB             (        forth.asm):04260                 fdb     STRSLMD
                      (        forth.asm):04261                 RFCS
EBD0 BDDB01           (        forth.asm):04262 (7)             jsr     MIN3PST
EBD3 ECC4             (        forth.asm):04263 (5+0)           ldd     ,u              Is U1 zero?
EBD5 2605             (        forth.asm):04264 (3)             bne     @cont           No
EBD7 C604             (        forth.asm):04265 (2)     @oor    ldb     #4              Division by zero/Out of range
EBD9 BDD754           (        forth.asm):04266 (7)             jsr     ERRHDLR         No return
EBDC BDD7F3           (        forth.asm):04267 (7)     @cont   jsr     NPOP
EBDF 1F10             (        forth.asm):04268 (4)             tfr     x,d             U1 (denominator) to D
EBE1 BDD7F3           (        forth.asm):04269 (7)             jsr     NPOP
EBE4 1F12             (        forth.asm):04270 (4)             tfr     x,y             Numerator MSC TO Y
EBE6 BDD7F3           (        forth.asm):04271 (7)             jsr     NPOP            Numerator LSC to X
EBE9 32E8EF           (        forth.asm):04272 (4+1)           leas    -17,s
EBEC ED6E             (        forth.asm):04273 (5+1)           std     14,s            Denominator
EBEE AF6C             (        forth.asm):04274 (5+1)           stx     12,s            Numerator least significant cell
EBF0 10AF6A           (        forth.asm):04275 (6+1)           sty     10,s            Numerator most significant cell
EBF3 BDE750           (        forth.asm):04276 (7)             jsr     DBDIVSG
EBF6 EC66             (        forth.asm):04277 (5+1)           ldd     6,s             Quotient high
EBF8 26DD             (        forth.asm):04278 (3)             bne     @oor            Out of range
EBFA AEE4             (        forth.asm):04279 (5+0)           ldx     ,s              Remainder (U2)
EBFC 3610             (        forth.asm):04280                 UCNPUSH
EBFE AE68             (        forth.asm):04281 (5+1)           ldx     8,s             Quotient low (U3)
EC00 3610             (        forth.asm):04282                 UCNPUSH
EC02 32E811           (        forth.asm):04283 (4+1)           leas    17,s
EC05 39               (        forth.asm):04284 (4)             rts
                      (        forth.asm):04285         
                      (        forth.asm):04286         * Returns the current value of the Sreg register (informational only).
                      (        forth.asm):04287         * This word is either called (JSROPC) or jumped to (JMPOPC), as a result
                      (        forth.asm):04288         * of the tail call optimization process. There is no way to tell the
                      (        forth.asm):04289         * difference. Here we assume that it is called and return Sreg.
EC06 01               (        forth.asm):04290         SYSSTK  fcb     1               Non-standard
EC07 53               (        forth.asm):04291                 fcc     'S'
EC08 EBC7             (        forth.asm):04292                 fdb     UMSLMOD
                      (        forth.asm):04293                 RFCS
EC0A 1F41             (        forth.asm):04294 (4)             tfr     s,x
EC0C 7ED7E5           (        forth.asm):04295 (3)             jmp     NPUSH
                      (        forth.asm):04296         
EC0F 02               (        forth.asm):04297         SYSSTAT fcb     2               Non-standard
EC10 5340             (        forth.asm):04298                 fcc     'S@'
EC12 EC06             (        forth.asm):04299                 fdb     SYSSTK
                      (        forth.asm):04300                 RFCS
EC14 AEE4             (        forth.asm):04301 (5+0)           ldx     ,s
EC16 7ED7E5           (        forth.asm):04302 (3)             jmp     NPUSH
                      (        forth.asm):04303         
EC19 07               (        forth.asm):04304         PAYLOAD fcb     7               Non standard
EC1A 5041594C4F4144   (        forth.asm):04305                 fcc     'PAYLOAD'       ( -- len ) where len is the code payload
EC21 EC0F             (        forth.asm):04306                 fdb     SYSSTAT         of the word located by FIND (or NULL)
                      (        forth.asm):04307                 RFCS
EC23 9E10             (        forth.asm):04308 (4)             ldx     FNDPLD          Code payload reported by FIND
EC25 7ED7E5           (        forth.asm):04309 (3)             jmp     NPUSH
                      (        forth.asm):04310         
                      (        forth.asm):04311         * Differences from the original code (WORDS):
                      (        forth.asm):04312         * - display number in HEX rather than in the current base.
                      (        forth.asm):04313         * - dropped feat: the original stuff was interactively paged by 15 line screens.
                      (        forth.asm):04314         * - added feat: display code implementation payload.
                      (        forth.asm):04315         * - added feat: display the immedediate and define (compile time only) flags.
                      (        forth.asm):04316         * - added feat: display the forgettable status (R/W). Everything user
                      (        forth.asm):04317         *   defined is forgettable (i.e. RAM resident).
EC28 05               (        forth.asm):04318         WORDS   fcb     5               ANSI (Programming tools)
EC29 574F524453       (        forth.asm):04319                 fcc     'WORDS'         ( -- )
EC2E EC19             (        forth.asm):04320                 fdb     PAYLOAD
                      (        forth.asm):04321                 RFCS
EC30 9E08             (        forth.asm):04322 (4)             ldx     DICEND
EC32 9F1A             (        forth.asm):04323 (4)             stx     VLPRVEP         Last word code address + 1
EC34 9E06             (        forth.asm):04324 (4)             ldx     LSTWAD
EC36 9F1C             (        forth.asm):04325 (4)     @vlist1 stx     VLPRVHD         Last word header pointer
EC38 108E0512         (        forth.asm):04326 (4)             ldy     #TBUFF
EC3C E680             (        forth.asm):04327 (4+1)           ldb     ,x+
EC3E 3404             (        forth.asm):04328 (4+1)           pshs    b
EC40 C41F             (        forth.asm):04329 (2)             andb    #WRLNMSK        Mask out word length
EC42 4F               (        forth.asm):04330 (1)             clra
EC43 3404             (        forth.asm):04331 (4+1)           pshs    b               Preserve word length
EC45 1F06             (        forth.asm):04332 (4)             tfr     d,w
EC47 113812           (        forth.asm):04333 (6+?)           tfm     x+,y+
EC4A 3502             (        forth.asm):04334 (4+1)           puls    a               Restore word length to A
EC4C C620             (        forth.asm):04335 (2)             ldb     #WRLNMSK+1
EC4E 103289           (        forth.asm):04336 (4)             subr    a,b             Number of spaces we want to emit
EC51 8620             (        forth.asm):04337 (2)             lda     #SP
EC53 A7A0             (        forth.asm):04338 (4+1)   @vlist2 sta     ,y+
EC55 5A               (        forth.asm):04339 (1)             decb
EC56 26FB             (        forth.asm):04340 (3)             bne     @vlist2
EC58 6FA0             (        forth.asm):04341 (6+1)           clr     ,y+             Terminate formatted output string
EC5A 3410             (        forth.asm):04342 (4+2)           pshs    x               Address of the current word backlink address
EC5C BDD2F7           (        forth.asm):04343 (7)             jsr     PUTCR           Carriage return is output before anything else
EC5F 8E0512           (        forth.asm):04344 (3)             ldx     #TBUFF
EC62 BDD2EA           (        forth.asm):04345 (7)             jsr     PUTS            Output word name formatted on 17 chars + SP
EC65 AEE4             (        forth.asm):04346 (5+0)           ldx     ,s
                      (        forth.asm):04347                 IFNE    RELFEAT
                      (        forth.asm):04348                 leax    3,x             Word XT to X (Skip backlink and checksum)
                      (        forth.asm):04349                 ELSE
EC67 3002             (        forth.asm):04350 (4+1)           leax    2,x             Word XT to X (Skip backlink)
                      (        forth.asm):04351                 ENDC                    RELFEAT
EC69 1F10             (        forth.asm):04352 (4)             tfr     x,d             CVNSTR depends on UBASE and we want HEX output
EC6B 108E0512         (        forth.asm):04353 (4)             ldy     #TBUFF
EC6F BDD192           (        forth.asm):04354 (7)             jsr     HDMP4           So we use trusted debugging code
EC72 8E0512           (        forth.asm):04355 (3)             ldx     #TBUFF
EC75 BDD2EA           (        forth.asm):04356 (7)             jsr     PUTS
                      (        forth.asm):04357         * Now to display word implementation length.
                      (        forth.asm):04358         * Implementation code length is from ,s+3 (or 2) to VLPRVEP
EC78 8609             (        forth.asm):04359 (2)             lda     #HT
EC7A BDD2D7           (        forth.asm):04360 (7)             jsr     PUTCH
EC7D 9E1A             (        forth.asm):04361 (4)             ldx     VLPRVEP
EC7F 10AEE4           (        forth.asm):04362 (6+0)           ldy     ,s
                      (        forth.asm):04363                 IFNE    RELFEAT
                      (        forth.asm):04364                 leay    3,y             Current word code entry address
                      (        forth.asm):04365                 ELSE
EC82 3122             (        forth.asm):04366 (4+1)           leay    2,y             Current word code entry address
                      (        forth.asm):04367                 ENDC                    RELFEAT
EC84 103221           (        forth.asm):04368 (4)             subr    y,x
EC87 1F10             (        forth.asm):04369 (4)             tfr     x,d
EC89 108E0512         (        forth.asm):04370 (4)             ldy     #TBUFF
EC8D BDD192           (        forth.asm):04371 (7)             jsr     HDMP4
EC90 8E0512           (        forth.asm):04372 (3)             ldx     #TBUFF
EC93 BDD2EA           (        forth.asm):04373 (7)             jsr     PUTS
                      (        forth.asm):04374         # Display attribute flags.
EC96 8609             (        forth.asm):04375 (2)             lda     #HT
EC98 BDD2D7           (        forth.asm):04376 (7)             jsr     PUTCH
EC9B 8E0512           (        forth.asm):04377 (3)             ldx     #TBUFF
EC9E E662             (        forth.asm):04378 (4+1)           ldb     2,s             Word attribute to B
ECA0 862D             (        forth.asm):04379 (2)             lda     #'-
ECA2 C580             (        forth.asm):04380 (2)             bitb    #IMDFLM         Check for immediate
ECA4 2702             (        forth.asm):04381 (3)             beq     @vlist4
ECA6 8649             (        forth.asm):04382 (2)             lda     #'I
ECA8 A780             (        forth.asm):04383 (4+1)   @vlist4 sta     ,x+
ECAA 862D             (        forth.asm):04384 (2)             lda     #'-
ECAC C540             (        forth.asm):04385 (2)             bitb    #DEFFLM         Check for define (compile time only)
ECAE 2702             (        forth.asm):04386 (3)             beq     @vlist5
ECB0 8643             (        forth.asm):04387 (2)             lda     #'C
ECB2 A780             (        forth.asm):04388 (4+1)   @vlist5 sta     ,x+
                      (        forth.asm):04389                 IFNE    RELFEAT
                      (        forth.asm):04390                 lda     #'-
                      (        forth.asm):04391                 bitb    #MONFLM         Check for monitored status
                      (        forth.asm):04392                 beq     @vlst51
                      (        forth.asm):04393                 lda     #'M
ECB4                  (        forth.asm):04394         @vlst51 sta     ,x+
                      (        forth.asm):04395                 ENDC                    RELFEAT
                      (        forth.asm):04396         * Check for forgettable also. In ROM => R else W unless we just processed '@'.
ECB4 8652             (        forth.asm):04397 (2)             lda     #'R
ECB6 10AEE4           (        forth.asm):04398 (6+0)           ldy     ,s
                      (        forth.asm):04399                 IFNE    RELFEAT
                      (        forth.asm):04400                 leay    3,y             Word entry point to Y
                      (        forth.asm):04401                 ELSE
ECB9 3122             (        forth.asm):04402 (4+1)           leay    2,y             Word entry point to Y
                      (        forth.asm):04403                 ENDC                    RELFEAT
ECBB 108C0D84         (        forth.asm):04404 (4)             cmpy    #RAMFTCH        @ in RAM is unforgettable
ECBF 2708             (        forth.asm):04405 (3)             beq     @vlist6
ECC1 108CD000         (        forth.asm):04406 (4)             cmpy    #ROMSTRT        as are all ROM resident words
ECC5 2402             (        forth.asm):04407 (3)             bcc     @vlist6
ECC7 8657             (        forth.asm):04408 (2)             lda     #'W
ECC9 A780             (        forth.asm):04409 (4+1)   @vlist6 sta     ,x+
ECCB 6F84             (        forth.asm):04410 (6+0)           clr     ,x
ECCD 8E0512           (        forth.asm):04411 (3)             ldx     #TBUFF
ECD0 BDD2EA           (        forth.asm):04412 (7)             jsr     PUTS
                      (        forth.asm):04413         * The point at which VLPRVHD==WDICSPC is a singularity (RAM to ROM transition).
ECD3 9E1C             (        forth.asm):04414 (4)             ldx     VLPRVHD
ECD5 8C0D80           (        forth.asm):04415 (3)             cmpx    #WDICSPC
ECD8 2608             (        forth.asm):04416 (3)             bne     @vlist7
ECDA 8EEF36           (        forth.asm):04417 (3)             ldx     #QMARK          Word just before @ (ROM flavor)
ECDD 9F1C             (        forth.asm):04418 (4)             stx     VLPRVHD
ECDF 8EEF40           (        forth.asm):04419 (3)             ldx     #THEEND
ECE2 9F1A             (        forth.asm):04420 (4)     @vlist7 stx     VLPRVEP
ECE4 3510             (        forth.asm):04421 (4+2)           puls    x
ECE6 3504             (        forth.asm):04422 (4+1)           puls    b
ECE8 AE84             (        forth.asm):04423 (5+0)           ldx     ,x              Point to previous word
ECEA 1026FF48         (        forth.asm):04424 (5)             lbne    @vlist1
ECEE 39               (        forth.asm):04425 (4)             rts
                      (        forth.asm):04426         
ECEF 05               (        forth.asm):04427         STATE   fcb     5               ANSI (Core/Programming tools ext)
ECF0 5354415445       (        forth.asm):04428                 fcc     'STATE'         ( -- a-addr )
ECF5 EC28             (        forth.asm):04429                 fdb     WORDS
                      (        forth.asm):04430                 RFCS
ECF7 8E0124           (        forth.asm):04431 (3)             ldx     #USTATE
ECFA 7ED7E5           (        forth.asm):04432 (3)             jmp     NPUSH
                      (        forth.asm):04433         
ECFD 04               (        forth.asm):04434         BASE    fcb     4               ANSI (Core)
ECFE 42415345         (        forth.asm):04435                 fcc     'BASE'          ( -- a-addr )
ED02 ECEF             (        forth.asm):04436                 fdb     STATE
                      (        forth.asm):04437                 RFCS
ED04 8E0122           (        forth.asm):04438 (3)             ldx     #UBASE
ED07 7ED7E5           (        forth.asm):04439 (3)             jmp     NPUSH
                      (        forth.asm):04440         
ED0A 07               (        forth.asm):04441         DECIMAL fcb     7               ANSI (Core)
ED0B 444543494D414C   (        forth.asm):04442                 fcc     'DECIMAL'       ( -- )
ED12 ECFD             (        forth.asm):04443                 fdb     BASE
                      (        forth.asm):04444                 RFCS
ED14 CC000A           (        forth.asm):04445 (3)             ldd     #10
ED17 DD22             (        forth.asm):04446 (4)     BASESET std     UBASE
ED19 39               (        forth.asm):04447 (4)             rts
                      (        forth.asm):04448         
ED1A 03               (        forth.asm):04449         HEX     fcb     3               ANSI (Core)
ED1B 484558           (        forth.asm):04450                 fcc     'HEX'           ( -- )
ED1E ED0A             (        forth.asm):04451                 fdb     DECIMAL
                      (        forth.asm):04452                 RFCS
ED20 CC0010           (        forth.asm):04453 (3)             ldd     #16
ED23 20F2             (        forth.asm):04454 (3)             bra     BASESET
                      (        forth.asm):04455         
ED25 02               (        forth.asm):04456         DOTTICK fcb     2               Non-standard (SwiftForth)
ED26 2E27             (        forth.asm):04457                 fcb     $2E,$27         .' ( memaddr -- )
ED28 ED1A             (        forth.asm):04458                 fdb     HEX
                      (        forth.asm):04459                 RFCS
                      (        forth.asm):04460                 IFNE    SSDFEAT
ED2A BDD7F3           (        forth.asm):04461 (7)             jsr     NPOP
ED2D 1F12             (        forth.asm):04462 (4)             tfr     x,y
ED2F 8E04C2           (        forth.asm):04463 (3)             ldx     #HEXBUF
ED32 BDD61E           (        forth.asm):04464 (7)             jsr     FINDSYM
                      (        forth.asm):04465                 ELSE
                      (        forth.asm):04466                 lda     #'$
                      (        forth.asm):04467                 jsr     PUTCH
                      (        forth.asm):04468                 jsr     NPOP
                      (        forth.asm):04469                 tfr     x,d
                      (        forth.asm):04470                 ldy     #HEXBUF
                      (        forth.asm):04471                 jsr     HDMP4
                      (        forth.asm):04472                 ENDC                    SSDFEAT
ED35 8E04C2           (        forth.asm):04473 (3)             ldx     #HEXBUF
ED38 7ED2EA           (        forth.asm):04474 (3)             jmp     PUTS
                      (        forth.asm):04475         
                      (        forth.asm):04476         * Display a dump of the data stack in the current BASE. In Leo Brodie's
                      (        forth.asm):04477         * "Starting Forth" the data stack is printed from the bottom up. So it is here.
ED3B 02               (        forth.asm):04478         DDUMP   fcb     2               ANSI (Programming tools)
ED3C 2E53             (        forth.asm):04479                 fcc     '.S'            ( -- )
ED3E ED25             (        forth.asm):04480                 fdb     DOTTICK
                      (        forth.asm):04481                 RFCS
ED40 CC0340           (        forth.asm):04482 (3)             ldd     #NSTBOT
ED43 103230           (        forth.asm):04483 (4)             subr    u,d
ED46 1044             (        forth.asm):04484 (2)             lsrd                    DEPTH is in D
ED48 272A             (        forth.asm):04485 (3)             beq     @ndump3         Data stack is empty
ED4A 3440             (        forth.asm):04486 (4+2)           pshs    u
ED4C CE0340           (        forth.asm):04487 (3)             ldu     #NSTBOT         Pointing to the bottom of the data stack
ED4F 8601             (        forth.asm):04488 (2)             lda     #1
ED51 9740             (        forth.asm):04489 (3)             sta     CVISSGN         Force a signed number conversion
ED53 3404             (        forth.asm):04490 (4+1)   @ndump1 pshs    b
ED55 AEC3             (        forth.asm):04491 (5+2)           ldx     ,--u
ED57 BDD45E           (        forth.asm):04492 (7)             jsr     CVNSTR
ED5A 8E0512           (        forth.asm):04493 (3)             ldx     #TBUFF
                      (        forth.asm):04494         # Skip leading spaces.
ED5D A680             (        forth.asm):04495 (4+1)   @ndump2 lda     ,x+
ED5F 8120             (        forth.asm):04496 (2)             cmpa    #SP
ED61 27FA             (        forth.asm):04497 (3)             beq     @ndump2
ED63 301F             (        forth.asm):04498 (4+1)           leax    -1,x
ED65 BDD2EA           (        forth.asm):04499 (7)             jsr     PUTS
ED68 8620             (        forth.asm):04500 (2)             lda     #SP
ED6A BDD2D7           (        forth.asm):04501 (7)             jsr     PUTCH
ED6D 3504             (        forth.asm):04502 (4+1)           puls    b
ED6F 5A               (        forth.asm):04503 (1)             decb
ED70 26E1             (        forth.asm):04504 (3)             bne     @ndump1
ED72 3540             (        forth.asm):04505 (4+2)           puls    u
ED74 39               (        forth.asm):04506 (4)     @ndump3 rts
                      (        forth.asm):04507         
ED75 04               (        forth.asm):04508         QRYDUP  fcb     4               ANSI (Core)
ED76 3F445550         (        forth.asm):04509                 fcc     '?DUP'          ( x -- 0 | x x )
ED7A ED3B             (        forth.asm):04510                 fdb     DDUMP
                      (        forth.asm):04511                 RFCS
ED7C BDD7F3           (        forth.asm):04512 (7)             jsr     NPOP            ZFLAG is set by NPOP
ED7F 3610             (        forth.asm):04513                 UCNPUSH                 Push back the original parameter
ED81 1026EA60         (        forth.asm):04514 (5)             lbne    NPUSH           And DUP if NZ
ED85 39               (        forth.asm):04515 (4)             rts
                      (        forth.asm):04516         
ED86 04               (        forth.asm):04517         TUCK    fcb     4               ANSI (Core ext)
ED87 5455434B         (        forth.asm):04518                 fcc     'TUCK'          ( x1 x2 -- x2 x1 x2 ) i.e. SWAP OVER
ED8B ED75             (        forth.asm):04519                 fdb     QRYDUP
                      (        forth.asm):04520                 RFCS
ED8D 8D2B             (        forth.asm):04521                 RFXT    bsr,SWAP+7      XT for SWAP
ED8F 2065             (        forth.asm):04522                 RFXT    bra,OVER+7      XT for OVER
                      (        forth.asm):04523         
ED91 03               (        forth.asm):04524         NIP     fcb     3               ANSI (Core ext)
ED92 4E4950           (        forth.asm):04525                 fcc     'NIP'           ( x1 x2 -- x2 ) i.e. SWAP DROP
ED95 ED86             (        forth.asm):04526                 fdb     TUCK
                      (        forth.asm):04527                 RFCS
ED97 8D21             (        forth.asm):04528                 RFXT    bsr,SWAP+7      XT for SWAP
ED99 2015             (        forth.asm):04529                 RFXT    bra,DROP+7      XT for DROP
                      (        forth.asm):04530         
ED9B 03               (        forth.asm):04531         DUP     fcb     3               ANSI (Core)
ED9C 445550           (        forth.asm):04532                 fcc     'DUP'           ( x -- x x )
ED9F ED91             (        forth.asm):04533                 fdb     NIP
                      (        forth.asm):04534                 RFCS
EDA1 BDDAF7           (        forth.asm):04535 (7)             jsr     MIN1PST         At least one cell needs to be stacked up
EDA4 AEC4             (        forth.asm):04536 (5+0)           ldx     ,u
EDA6 7ED7E5           (        forth.asm):04537 (3)             jmp     NPUSH
                      (        forth.asm):04538         
EDA9 04               (        forth.asm):04539         DROP    fcb     4               ANSI (Core)
EDAA 44524F50         (        forth.asm):04540                 fcc     'DROP'          ( x -- )
EDAE ED9B             (        forth.asm):04541                 fdb     DUP
                      (        forth.asm):04542                 RFCS
EDB0 7ED7F3           (        forth.asm):04543 (3)             jmp     NPOP
                      (        forth.asm):04544         
EDB3 04               (        forth.asm):04545         SWAP    fcb     4               ANSI (Core)
EDB4 53574150         (        forth.asm):04546                 fcc     'SWAP'          ( x1 x2 -- x2 x1 )
EDB8 EDA9             (        forth.asm):04547                 fdb     DROP
                      (        forth.asm):04548                 RFCS
EDBA BDDAFC           (        forth.asm):04549 (7)             jsr     MIN2PST         We need at least two cells stacked up
EDBD 10ECC4           (        forth.asm):04550 (8+0)           ldq     ,u              In place SWAP
EDC0 1E06             (        forth.asm):04551 (5)             exg     d,w
EDC2 10EDC4           (        forth.asm):04552 (8+0)           stq     ,u
EDC5 39               (        forth.asm):04553 (4)             rts
                      (        forth.asm):04554         
EDC6 04               (        forth.asm):04555         PICK    fcb     4               ANSI (Core ext)
EDC7 5049434B         (        forth.asm):04556                 fcc     'PICK'          ( xu ... x1 x0 u -- xu ... x1 x0 xu )
EDCB EDB3             (        forth.asm):04557                 fdb     SWAP
                      (        forth.asm):04558                 RFCS
EDCD BDD7F3           (        forth.asm):04559 (7)             jsr     NPOP            Arg <u> to X (expressed in cells)
EDD0 CC0340           (        forth.asm):04560 (3)     PICK1   ldd     #NSTBOT
EDD3 103230           (        forth.asm):04561 (4)             subr    u,d
EDD6 1044             (        forth.asm):04562 (2)             lsrd                    D has the data stack depth in cells
EDD8 103701           (        forth.asm):04563 (4)             cmpr    d,x             We need to make sure (unsigned) X < D
EDDB 240D             (        forth.asm):04564 (3)             bhs     @pick1
EDDD 1F10             (        forth.asm):04565 (4)             tfr     x,d
EDDF 1048             (        forth.asm):04566 (2)             lsld                    Arg <u> cells byte count to D
EDE1 30CB             (        forth.asm):04567 (4+2)           leax    d,u
EDE3 1F12             (        forth.asm):04568 (4)             tfr     x,y             For the sake of ROLL's implementation
EDE5 AE84             (        forth.asm):04569 (5+0)           ldx     ,x
EDE7 3610             (        forth.asm):04570                 UCNPUSH
EDE9 39               (        forth.asm):04571 (4)             rts
EDEA C60D             (        forth.asm):04572 (2)     @pick1  ldb     #13             Argument is greater than or equal to DEPTH
EDEC BDD754           (        forth.asm):04573 (7)             jsr     ERRHDLR         No return
                      (        forth.asm):04574         
EDEF 04               (        forth.asm):04575         OVER    fcb     4               ANSI (Core)
EDF0 4F564552         (        forth.asm):04576                 fcc     'OVER'          ( x1 x2 -- x1 x2 x1 )
EDF4 EDC6             (        forth.asm):04577                 fdb     PICK
                      (        forth.asm):04578                 RFCS
EDF6 8E0001           (        forth.asm):04579 (3)             ldx     #1
EDF9 20D5             (        forth.asm):04580 (3)             bra     PICK1
                      (        forth.asm):04581         
EDFB 04               (        forth.asm):04582         ROLL    fcb     4               ANSI (Core ext)
EDFC 524F4C4C         (        forth.asm):04583                 fcc     'ROLL'          ( xu xu-1 ... x0 u -- xu-1 ... x0 xu )
EE00 EDEF             (        forth.asm):04584                 fdb     OVER
                      (        forth.asm):04585                 RFCS
EE02 BDD7F3           (        forth.asm):04586 (7)             jsr     NPOP
EE05 1F16             (        forth.asm):04587 (4)     ROLL1   tfr     x,w             Backup arg <u> to W
EE07 8DC7             (        forth.asm):04588 (6)             bsr     PICK1           Let PICK do the error handling
EE09 3121             (        forth.asm):04589 (4+1)           leay    1,y             Point to the LSB of the cell being picked
EE0B 303E             (        forth.asm):04590 (4+1)           leax    -2,y
EE0D 105C             (        forth.asm):04591 (2)             incw
EE0F 103066           (        forth.asm):04592 (4)             addr    w,w
EE12 113912           (        forth.asm):04593 (6+?)           tfm     x-,y-
EE15 7ED7F3           (        forth.asm):04594 (3)             jmp     NPOP
                      (        forth.asm):04595         
EE18 03               (        forth.asm):04596         ROT     fcb     3               ANSI (Core)
EE19 524F54           (        forth.asm):04597                 fcc     'ROT'           ( x1 x2 x3 -- x2 x3 x1 )
EE1C EDFB             (        forth.asm):04598                 fdb     ROLL
                      (        forth.asm):04599                 RFCS
EE1E 8E0002           (        forth.asm):04600 (3)             ldx     #2
EE21 20E2             (        forth.asm):04601 (3)             bra     ROLL1
                      (        forth.asm):04602         
EE23 04               (        forth.asm):04603         MROT    fcb     4               Non-standard
EE24 2D524F54         (        forth.asm):04604                 fcc     '-ROT'
EE28 EE18             (        forth.asm):04605                 fdb     ROT
                      (        forth.asm):04606                 RFCS
EE2A 8DF2             (        forth.asm):04607                 RFXT    bsr,ROT+6       XT for ROT
EE2C 20F0             (        forth.asm):04608                 RFXT    bra,ROT+6       XT for ROT
                      (        forth.asm):04609         
EE2E 02               (        forth.asm):04610         CCOMMA  fcb     2               ANSI (Core)
EE2F 432C             (        forth.asm):04611                 fcc     'C,'            ( char -- )
EE31 EE23             (        forth.asm):04612                 fdb     MROT
                      (        forth.asm):04613                 RFCS
EE33 BDD7F3           (        forth.asm):04614 (7)             jsr     NPOP
EE36 1F10             (        forth.asm):04615 (4)             tfr     x,d
EE38 109E08           (        forth.asm):04616 (5)             ldy     DICEND
EE3B E7A0             (        forth.asm):04617 (4+1)           stb     ,y+
EE3D 109F08           (        forth.asm):04618 (5)             sty     DICEND
EE40 39               (        forth.asm):04619 (4)             rts
                      (        forth.asm):04620         
EE41 01               (        forth.asm):04621         COMMA   fcb     1               ANSI (Core)
EE42 2C               (        forth.asm):04622                 fcc     ','             ( x -- )
EE43 EE2E             (        forth.asm):04623                 fdb     CCOMMA
                      (        forth.asm):04624                 RFCS
EE45 BDD7F3           (        forth.asm):04625 (7)             jsr     NPOP
EE48 109E08           (        forth.asm):04626 (5)             ldy     DICEND
EE4B AFA1             (        forth.asm):04627 (5+2)           stx     ,y++
EE4D 109F08           (        forth.asm):04628 (5)             sty     DICEND
EE50 39               (        forth.asm):04629 (4)             rts
                      (        forth.asm):04630         
EE51 05               (        forth.asm):04631         ALLOT   fcb     5               ANSI (Core)
EE52 414C4C4F54       (        forth.asm):04632                 fcc     'ALLOT'         ( n -- )
EE57 EE41             (        forth.asm):04633                 fdb     COMMA
                      (        forth.asm):04634                 RFCS
EE59 BDD7F3           (        forth.asm):04635 (7)             jsr     NPOP            N to X
EE5C DC08             (        forth.asm):04636 (4)             ldd     DICEND
EE5E 308B             (        forth.asm):04637 (4+2)           leax    d,x
EE60 9F08             (        forth.asm):04638 (4)             stx     DICEND          Adjust HERE
EE62 39               (        forth.asm):04639 (4)             rts
                      (        forth.asm):04640         
EE63 04               (        forth.asm):04641         FILL    fcb     4               ANSI (Core)
EE64 46494C4C         (        forth.asm):04642                 fcc     'FILL'          ( c-addr u char -- )
EE68 EE51             (        forth.asm):04643                 fdb     ALLOT
                      (        forth.asm):04644                 RFCS
EE6A BDD7F3           (        forth.asm):04645 (7)             jsr     NPOP
EE6D 1F16             (        forth.asm):04646 (4)             tfr     x,w             Byte fill value to W
EE6F BDD7F3           (        forth.asm):04647 (7)     FILL1   jsr     NPOP
EE72 1F12             (        forth.asm):04648 (4)             tfr     x,y             Byte count to Y
EE74 1E26             (        forth.asm):04649 (5)             exg     y,w             Byte count to W, byte fill value to Y
EE76 BDD7F3           (        forth.asm):04650 (7)             jsr     NPOP            Destination address to X
EE79 105D             (        forth.asm):04651 (2)             tstw
EE7B 2F0B             (        forth.asm):04652 (3)             ble     @filend
EE7D 1F20             (        forth.asm):04653 (4)             tfr     y,d             Byte fill value to B
EE7F E784             (        forth.asm):04654 (4+0)           stb     ,x
EE81 105A             (        forth.asm):04655 (2)             decw
EE83 3101             (        forth.asm):04656 (4+1)           leay    1,x
EE85 113812           (        forth.asm):04657 (6+?)           tfm     x+,y+
EE88 39               (        forth.asm):04658 (4)     @filend rts
                      (        forth.asm):04659         
EE89 05               (        forth.asm):04660         BLANK   fcb     5               ANSI (String)
EE8A 424C414E4B       (        forth.asm):04661                 fcc     'BLANK'         ( c-addr u -- )
EE8F EE63             (        forth.asm):04662                 fdb     FILL
                      (        forth.asm):04663                 RFCS
EE91 10860020         (        forth.asm):04664 (4)             ldw     #SP
EE95 20D8             (        forth.asm):04665 (3)             bra     FILL1
                      (        forth.asm):04666         
EE97 06               (        forth.asm):04667         CMOVED  fcb     6               ANSI (String)
EE98 434D4F56453E     (        forth.asm):04668                 fcc     'CMOVE>'
EE9E EE89             (        forth.asm):04669                 fdb     BLANK
                      (        forth.asm):04670                 RFCS
EEA0 BDD59E           (        forth.asm):04671 (7)             jsr     ACQMOVP
EEA3 105D             (        forth.asm):04672 (2)             tstw
EEA5 270D             (        forth.asm):04673 (3)             beq     @cmovd1
EEA7 105A             (        forth.asm):04674 (2)     CMOVD1  decw
EEA9 103061           (        forth.asm):04675 (4)             addr    w,x
EEAC 103062           (        forth.asm):04676 (4)             addr    w,y
EEAF 105C             (        forth.asm):04677 (2)             incw
EEB1 113912           (        forth.asm):04678 (6+?)           tfm     x-,y-
EEB4 39               (        forth.asm):04679 (4)     @cmovd1 rts
                      (        forth.asm):04680         
EEB5 05               (        forth.asm):04681         CMOVE   fcb     5               ANSI (String)
EEB6 434D4F5645       (        forth.asm):04682                 fcc     'CMOVE'
EEBB EE97             (        forth.asm):04683                 fdb     CMOVED
                      (        forth.asm):04684                 RFCS
EEBD BDD59E           (        forth.asm):04685 (7)             jsr     ACQMOVP
EEC0 113812           (        forth.asm):04686 (6+?)           tfm     x+,y+
EEC3 39               (        forth.asm):04687 (4)             rts
                      (        forth.asm):04688         
                      (        forth.asm):04689         * Functionally:
                      (        forth.asm):04690         * : MOVE ( addr1 addr2 u -- )      \ u is expressed in bytes
                      (        forth.asm):04691         *   DUP 2OVER                      \ addr1 addr2 u u addr1 addr2
                      (        forth.asm):04692         *   SWAP -                         \ addr1 addr2 u u addr2-addr1
                      (        forth.asm):04693         *   SWAP                           \ addr1 addr2 u addr2-addr1 u
                      (        forth.asm):04694         *   U< IF CMOVE> ELSE CMOVE THEN ;
                      (        forth.asm):04695         * For those who care to read the 1994 specification, arg <u> is expressed in
                      (        forth.asm):04696         * address units. For the rest of us, mere mortals, this is just a byte count.
                      (        forth.asm):04697         * As an aside, this is functionality provided by the glibc memmove function.
EEC4 04               (        forth.asm):04698         MOVE    fcb     4               ANSI (Core)
EEC5 4D4F5645         (        forth.asm):04699                 fcc     'MOVE'          ( addr1 addr2 u -- )
EEC9 EEB5             (        forth.asm):04700                 fdb     CMOVE
                      (        forth.asm):04701                 RFCS
EECB BDD59E           (        forth.asm):04702 (7)             jsr     ACQMOVP         ADDR1 -> X, ADDR2 -> Y, U -> W
EECE 105D             (        forth.asm):04703 (2)             tstw
EED0 270D             (        forth.asm):04704 (3)             beq     @movend
                      (        forth.asm):04705         * addr2 addr1 - u U< IF CMOVE> ELSE CMOVE THEN
EED2 1F20             (        forth.asm):04706 (4)             tfr     y,d             D has addr2 (dest)
EED4 103210           (        forth.asm):04707 (4)             subr    x,d             D has addr2 - addr1 (dest - src)
EED7 103760           (        forth.asm):04708 (4)             cmpr    w,d
EEDA 25CB             (        forth.asm):04709 (3)             blo     CMOVD1          CMOVE>
EEDC 113812           (        forth.asm):04710 (6+?)           tfm     x+,y+           CMOVE
EEDF 39               (        forth.asm):04711 (4)     @movend rts
                      (        forth.asm):04712         
EEE0 04               (        forth.asm):04713         LAST    fcb     4               79-STANDARD (REF)
EEE1 4C415354         (        forth.asm):04714                 fcc     'LAST'
EEE5 EEC4             (        forth.asm):04715                 fdb     MOVE
                      (        forth.asm):04716                 RFCS
EEE7 9E06             (        forth.asm):04717 (4)             ldx     LSTWAD
EEE9 7ED7E5           (        forth.asm):04718 (3)             jmp     NPUSH
                      (        forth.asm):04719         
EEEC 04               (        forth.asm):04720         HERE    fcb     4               ANSI (Core)
EEED 48455245         (        forth.asm):04721                 fcc     'HERE'          ( -- addr )
EEF1 EEE0             (        forth.asm):04722                 fdb     LAST
                      (        forth.asm):04723                 RFCS
EEF3 9E08             (        forth.asm):04724 (4)             ldx     DICEND
EEF5 7ED7E5           (        forth.asm):04725 (3)             jmp     NPUSH
                      (        forth.asm):04726         
EEF8 02               (        forth.asm):04727         PLUSST  fcb     2               ANSI (Core)
EEF9 2B21             (        forth.asm):04728                 fcc     '+!'            ( n|u a-addr -- )
EEFB EEEC             (        forth.asm):04729                 fdb     HERE
                      (        forth.asm):04730                 RFCS
EEFD BDDAFC           (        forth.asm):04731 (7)             jsr     MIN2PST         We need at least two cells stacked up
EF00 AEC4             (        forth.asm):04732 (5+0)           ldx     ,u              ADDR to X
EF02 EC84             (        forth.asm):04733 (5+0)           ldd     ,x              @ADDR to D
EF04 E342             (        forth.asm):04734 (5+1)           addd    2,u             Add INCR to D
EF06 ED84             (        forth.asm):04735 (5+0)           std     ,x              Store the sum back to ADDR
EF08 3344             (        forth.asm):04736 (4+1)           leau    4,u             Drop two cells from the data stack
EF0A 39               (        forth.asm):04737 (4)             rts
                      (        forth.asm):04738         
EF0B 02               (        forth.asm):04739         CSTORE  fcb     2               ANSI (Core)
EF0C 4321             (        forth.asm):04740                 fcc     'C!'            ( char c-addr -- )
EF0E EEF8             (        forth.asm):04741                 fdb     PLUSST
                      (        forth.asm):04742                 RFCS
EF10 BDDAFC           (        forth.asm):04743 (7)             jsr     MIN2PST         We need at least two cells stacked up
EF13 A643             (        forth.asm):04744 (4+1)           lda     3,u             CHAR to A
EF15 A7D4             (        forth.asm):04745 (4+3)           sta     [,u]            Actual store to C-ADDR
EF17 3344             (        forth.asm):04746 (4+1)           leau    4,u             Drop two cells from the data stack
EF19 39               (        forth.asm):04747 (4)             rts
                      (        forth.asm):04748         
EF1A 01               (        forth.asm):04749         STORE   fcb     1               ANSI (Core)
EF1B 21               (        forth.asm):04750                 fcc     '!'             ( x a-addr -- )
EF1C EF0B             (        forth.asm):04751                 fdb     CSTORE
                      (        forth.asm):04752                 RFCS
EF1E BDDAFC           (        forth.asm):04753 (7)             jsr     MIN2PST         At least two cells need to be stacked up
EF21 EC42             (        forth.asm):04754 (5+1)           ldd     2,u             X to D
EF23 EDD4             (        forth.asm):04755 (5+3)           std     [,u]            Actual store to A-ADDR
EF25 3344             (        forth.asm):04756 (4+1)           leau    4,u             Drop two cells from the user stack
EF27 39               (        forth.asm):04757 (4)             rts
                      (        forth.asm):04758         
EF28 02               (        forth.asm):04759         CFETCH  fcb     2               ANSI (Core)
EF29 4340             (        forth.asm):04760                 fcc     'C@'            ( c-addr -- char )
EF2B EF1A             (        forth.asm):04761                 fdb     STORE
                      (        forth.asm):04762                 RFCS
EF2D BDDAF7           (        forth.asm):04763 (7)             jsr     MIN1PST         We need at least one cell stacked up
EF30 4F               (        forth.asm):04764 (1)             clra
EF31 E6D4             (        forth.asm):04765 (4+3)           ldb     [,u]
EF33 EDC4             (        forth.asm):04766 (5+0)           std     ,u
EF35 39               (        forth.asm):04767 (4)             rts
                      (        forth.asm):04768         
EF36 01               (        forth.asm):04769         QMARK   fcb     1               ANSI (Programming tools)
EF37 3F               (        forth.asm):04770                 fcc     '?'
EF38 EF28             (        forth.asm):04771                 fdb     CFETCH
                      (        forth.asm):04772                 RFCS
EF3A BD0D84           (        forth.asm):04773 (7)             jsr     RAMFTCH         Call the RAM based incarnation of @
EF3D 7EE7BF           (        forth.asm):04774                 RFXT    jmp,DOT+4       XT for .
                      (        forth.asm):04775         
                      (        forth.asm):04776         * End of ROM part of the builtin dictionary.
     EF40             (        forth.asm):04777         THEEND  equ     *               This is the end, Beautiful friend
                      (        forth.asm):04778         *                               This is the end, My only friend
                      (        forth.asm):04779         
                      (        forth.asm):04780         * This word is relocated to RAM, so that we can compile new definitions.
                      (        forth.asm):04781         * FORTHIN will take care of that and adjust the relevant pointers.
EF40 01               (        forth.asm):04782         FETCH   fcb     1               ANSI (Core)
EF41 40               (        forth.asm):04783                 fcc     '@'             ( a-addr -- x )
EF42 EF36             (        forth.asm):04784                 fdb     QMARK
                      (        forth.asm):04785                 RFCS
EF44 BDDAF7           (        forth.asm):04786 (7)             jsr     MIN1PST         At least one cell needs to be stacked up
EF47 ECD4             (        forth.asm):04787 (5+3)           ldd     [,u]
EF49 EDC4             (        forth.asm):04788 (5+0)           std     ,u              Returned through the data stack
EF4B 39               (        forth.asm):04789 (4)             rts
                      (        forth.asm):04790         
     EF4C             (        forth.asm):04791         REALEND equ     *
                      (        forth.asm):04792         
                      (        forth.asm):04793         *******************************************************************************
                      (        forth.asm):04794         * String literals.
                      (        forth.asm):04795         
                      (        forth.asm):04796         * Using CR+LF as it is Minicom's default.
                      (        forth.asm):04797         
                      (        forth.asm):04798         * Clear the screen, VT100 style.
EF4C 1B5B481B5B4A0D00 (        forth.asm):04799         CSVT100 fcb     $1B,'[','H',$1B,'[','J',CR,NUL
                      (        forth.asm):04800         
EF54 0D0A             (        forth.asm):04801         BOOTMSG fcb     CR,LF
                      (        forth.asm):04802                 IFNE    RTCFEAT
                      (        forth.asm):04803                 fcc     'Z79Forth/AR 6309 ANS Forth System'
                      (        forth.asm):04804                 ELSE
EF56 5A3739466F727468 (        forth.asm):04805                 fcc     'Z79Forth/AI 6309 ANS Forth System'
     2F41492036333039
     20414E5320466F72
     7468205379737465
     6D
                      (        forth.asm):04806                 ENDC                    RTCFEAT
EF77 0D0A             (        forth.asm):04807                 fcb     CR,LF
EF79 3230323431303137 (        forth.asm):04808                 fcc     '20241017 (C) Francois Laagel 2019'
     2028432920467261
     6E636F6973204C61
     6167656C20323031
     39
EF9A 0D0A0D0A00       (        forth.asm):04809                 fcb     CR,LF,CR,LF,NUL
                      (        forth.asm):04810         
EF9F 52414D204F4B3A20 (        forth.asm):04811         RAMOKM  fcc     'RAM OK: 32 KB'
     3332204B42
EFAC 0D0A00           (        forth.asm):04812         CRLFSTR fcb     CR,LF,NUL
                      (        forth.asm):04813         
EFAF 52414D2063686563 (        forth.asm):04814         RAMFM   fcc     'RAM check failed'
     6B206661696C6564
EFBF 0D0A00           (        forth.asm):04815                 fcb     CR,LF,NUL
                      (        forth.asm):04816         
                      (        forth.asm):04817                 IFNE    RTCFEAT
EFC2                  (        forth.asm):04818         RTPRESM fcc     'MC146818 RTC'
                      (        forth.asm):04819                 fcb     CR,LF,NUL
                      (        forth.asm):04820                 ENDC
                      (        forth.asm):04821         
                      (        forth.asm):04822                 IFEQ    CSSNTVE
EFC2 206F6B           (        forth.asm):04823         OKFEEDB fcc     ' ok'           As per GNU Forth's implementation...
                      (        forth.asm):04824                 ELSE
EFC5                  (        forth.asm):04825         OKFEEDB fcc     ' OK'
                      (        forth.asm):04826                 ENDC                    CSSNTVE
EFC5 0D0A00           (        forth.asm):04827                 fcb     CR,LF,NUL
                      (        forth.asm):04828         
EFC8 0F               (        forth.asm):04829         SANRST  fcb     $0F             ASCII Shift in (restore dflt charset)
EFC9 1B5B3F3235680D00 (        forth.asm):04830                 fcb     $1B,'[','?','2','5','h',CR,NUL  Cursor back on
                      (        forth.asm):04831         
                      (        forth.asm):04832         * Error messages for IODZHDL.
EFD1 496C6C6567616C20 (        forth.asm):04833         IOPERRM fcn     'Illegal opcode near '
     6F70636F6465206E
     6561722000
EFE6 4469766973696F6E (        forth.asm):04834         DV0ERRM fcn     'Division by 0 near '
     2062792030206E65
     61722000
                      (        forth.asm):04835         
EFFA 4461746120737461 (        forth.asm):04836         ERRMTBL fcn     'Data stack overflow'   Error 0
     636B206F76657266
     6C6F7700
F00E 4461746120737461 (        forth.asm):04837                 fcn     'Data stack underflow'  Error 1
     636B20756E646572
     666C6F7700
F023 3F00             (        forth.asm):04838                 fcn     '?'                     Error 2
F025 557365722041424F (        forth.asm):04839                 fcn     'User ABORT'            Error 3
     525400
F030 4F6F52206572726F (        forth.asm):04840                 fcn     'OoR error'             Error 4 (formerly 'Division by zero')
     7200
F03A 4D697373696E6720 (        forth.asm):04841                 fcn     'Missing word name'     Error 5
     776F7264206E616D
     6500
F04C 496E636F72726563 (        forth.asm):04842                 fcn     'Incorrect STATE'       Error 6
     7420535441544500
F05C 52657475726E2073 (        forth.asm):04843                 fcn     'Return stack overflow' Error 7
     7461636B206F7665
     72666C6F7700
F072 52657475726E2073 (        forth.asm):04844                 fcn     'Return stack underflow' Error 8
     7461636B20756E64
     6572666C6F7700
F089 496C6C6567616C20 (        forth.asm):04845                 fcn     'Illegal construct'     Error 9
     636F6E7374727563
     7400
F09B 417373657274696F (        forth.asm):04846                 fcn     'Assertion failed'      Error 10
     6E206661696C6564
     00
F0AC 00               (        forth.asm):04847                 fcn     ''                      Error 11 (formerly 'RO word')
F0AD 4D697373696E6720 (        forth.asm):04848                 fcn     'Missing delimiter'     Error 12
     64656C696D697465
     7200
F0BF 496C6C6567616C20 (        forth.asm):04849                 fcn     'Illegal argument'      Error 13
     617267756D656E74
     00
F0D0 4E6F206D61746368 (        forth.asm):04850                 fcn     'No matching CREATE'    Error 14
     696E672043524541
     544500
                      (        forth.asm):04851                 IFNE DEBUG
                      (        forth.asm):04852                 fcn     'No current buffer'     Error 15
                      (        forth.asm):04853                 ELSE
F0E3 00               (        forth.asm):04854                 fcn     ''                      Error 15
                      (        forth.asm):04855                 ENDC                            DEBUG
F0E4 4E616D6520746F6F (        forth.asm):04856                 fcn     'Name too long'         Error 16
     206C6F6E6700
F0F2 494F206572726F72 (        forth.asm):04857                 fcn     'IO error'              Error 17
     00
F0FB 3E494E204F6F5200 (        forth.asm):04858                 fcn     '>IN OoR'               Error 18
                      (        forth.asm):04859         
                      (        forth.asm):04860         * A-list used for numeric literal base prefixes.
F103 24               (        forth.asm):04861         BASALST fcc     '$'             Hexadecimal prefix
F104 10               (        forth.asm):04862                 fcb     16
F105 23               (        forth.asm):04863                 fcc     '#'             Decimal prefix (standard)
F106 0A               (        forth.asm):04864                 fcb     10
F107 26               (        forth.asm):04865                 fcc     '&'             Decimal prefix (as in LWASM, VolksForth)
F108 0A               (        forth.asm):04866                 fcb     10
F109 25               (        forth.asm):04867                 fcc     '%'             Binary prefix
F10A 02               (        forth.asm):04868                 fcb     2
F10B 40               (        forth.asm):04869                 fcc     '@'             Octal prefix
F10C 08               (        forth.asm):04870                 fcb     8
F10D 00               (        forth.asm):04871                 fcb     0               End of list marker
                      (        forth.asm):04872         
                      (        forth.asm):04873         * Under no circumstance should the following symbol be negative!
     0EE2             (        forth.asm):04874         AVL     equ     VECTBL-*        Available EEPROM space left
                      (        forth.asm):04875         
                      (        forth.asm):04876         *******************************************************************************
                      (        forth.asm):04877         * Interrupt vector table
                      (        forth.asm):04878                 org     VECTBL
                      (        forth.asm):04879         
FFF0 D000             (        forth.asm):04880                 fdb     IODZHDL         Illegal opcode/Division by zero trap
FFF2 D036             (        forth.asm):04881                 fdb     SWI3HDL         SWI 3 interrupt vector address
FFF4 D036             (        forth.asm):04882                 fdb     SWI2HDL         SWI 2 interrupt vector address
FFF6 D252             (        forth.asm):04883                 fdb     FIRQHDL         FIRQ interrupt vector address
FFF8 D036             (        forth.asm):04884                 fdb     IRQHDL          IRQ interrupt vector address
FFFA D036             (        forth.asm):04885                 fdb     SWIHDL          SWI interrupt vector address
FFFC D1DA             (        forth.asm):04886                 fdb     NMIHDL          NMI vector address
FFFE D037             (        forth.asm):04887                 fdb     RSTHDL          RESET vector address
                      (        forth.asm):04888         

Symbol Table:
[ G] _BS                              D301
[ G] _INTERP                          D0BF
[ G] ABORT                            E25D
[ G] ABS                              E110
[ G] AC8N1                            0014
[ G] ACCEPT                           E8AF
[ G] ACDIV16                          0001
[ G] ACIACTL                          C008
[ G] ACIADAT                          C009
[ G] ACIISVC                          0080
[ G] ACIOVRN                          0020
[ G] ACIRDRF                          0001
[ G] ACIRSET                          0043
[ G] ACIRTS0                          0095
[ G] ACIRTS1                          00D5
[ G] ACITDRE                          0002
[ G] ACQMOVP                          D59E
[ G] ACQVMRA                          D5A1
[ G] ACRDINT                          0080
[ G] ACRST                            0003
[ G] ACRTS0                           0000
[ G] ACRTS1                           0040
[ G] ADDS                             D1BA
[ G] ADIV16                           D18D
[ G] AGAIN                            E14D
[ G] AGAIN1                           E165
[ G] AHEAD                            DF3C
[ G] AHEAD1                           DF47
[ G] ALIGN                            DD04
[ G] ALIGND                           DB3E
[ G] ALLOT                            EE51
[ G] ANCMPF                           0134
[ G] AND                              E023
[ G] APADBUF                          01EB
[ G] AVL                              0EE2
[ G] BALCHK                           D846
[ G] BALERR                           D84B
[ G] BALNCD                           0135
[ G] BASALST                          F103
[ G] BASBKUP                          0136
[ G] BASE                             ECFD
[ G] BASESET                          ED17
[ G] BCSOPC                           2503
[ G] BDICEND                          010C
[ G] BDIRTY                           0004
[ G] BEGIN                            E139
[ G] BFDISP                           0410
[ G] BINUSE                           0001
[ G] BKCHAR                           E401
[ G] BKIN2PT                          D885
[ G] BKQUOT                           E2DE
[ G] BKSLSH                           E499
[ G] BL                               E828
[ G] BLANK                            EE89
[ G] BLK                              DC65
[ G] BLKSIZ                           0400
[ G] BLOCK                            DC14
[ G] BLSTWAD                          010A
[ G] BMAPPD                           0002
[ G] BNEOPC                           2603
[ G] BOBLKNO                          0402
[ G] BOFLAGS                          0401
[ G] BOOTMSG                          EF54
[ G] BOTERM                           0400
[ G] BS                               0008
[ G] BSBFADR                          0120
[ G] BUF0                             0560
[ G] BUF1                             0970
[ G] BUFFER                           DBCC
[ G] BYE                              E3F8
[ G] CCOMMA                           EE2E
[ G] CCREGM                           D21D
[ G] CELLP                            DB54
[ G] CELLS                            EAAD
[ G] CF1BKRD                          DAB6
[ G] CF1BKWR                          DAD1
[ G] CF1BPRE                          DA99
[ G] CF1SRD                           DA65
[ G] CF1SWR                           DA84
[ G] CFANTHS                          DA10
[ G] CFBASE                           C0C0
[ G] CFBSYB                           0080
[ G] CFCARDP                          0146
[ G] CFCHIGR                          C0C5
[ G] CFCLOWR                          C0C4
[ G] CFCMDIS                          D9F5
[ G] CFCMMIR                          0147
[ G] CFCOMDR                          C0C7
[ G] CFDATAR                          C0C0
[ G] CFDRHDR                          C0C6
[ G] CFDRQB                           0008
[ G] CFDRSEL                          DA07
[ G] CFDSCB                           0010
[ G] CFDWFB                           0020
[ G] CFERRB                           0001
[ G] CFERRCD                          0148
[ G] CFERRCK                          D9E8
[ G] CFERROR                          C0C1
[ G] CFETCH                           EF28
[ G] CFFEATR                          C0C1
[ G] CFIDDEV                          00EC
[ G] CFINIAB                          DA64
[ G] CFINIT                           DA2E
[ G] CFLAG                            0001
[ G] CFR1SRA                          DA83
[ G] CFRDY                            D9D2
[ G] CFRDYB                           0040
[ G] CFRSCTS                          0020
[ G] CFSCNTR                          C0C2
[ G] CFSCSZ                           0200
[ G] CFSETFT                          00EF
[ G] CFSNUMR                          C0C3
[ G] CFSTATR                          C0C7
[ G] CFWAIT                           D9CA
[ G] CFWSCTS                          0030
[ G] CHAR                             E40F
[ G] CHARP                            E9DF
[ G] CHARS                            DB4A
[ G] CHKNDPT                          DAEC
[ G] CKDPTRA                          DAF7
[ G] CKNBPFX                          D3BE
[ G] CMDBFSZ                          0084
[ G] CMDBUF                           043E
[ G] CMOVD1                           EEA7
[ G] CMOVE                            EEB5
[ G] CMOVED                           EE97
[ G] CMP2                             D58A
[ G] CMP2RA                           D58D
[ G] CMPCOMA                          E323
[ G] COMMA                            EE41
[ G] COMP                             D115
[ G] COMPC                            E334
[ G] COMPC1                           E33A
[ G] COMPLRA                          D127
[ G] COMPR                            E367
[ G] CONS                             DDB3
[ G] COUNT                            E89A
[ G] CR                               000D
[ G] CREAT1                           DD5C
[ G] CREATE                           DD3B
[ G] CRLF                             E869
[ G] CRLFSTR                          EFAC
[ G] CSPOP                            D7F3
[ G] CSPUSH                           D7E5
[ G] CSSNTVE                          0000
[ G] CSTORE                           EF0B
[ G] CSVT100                          EF4C
[ G] CURTOKL                          0141
[ G] CVISSGN                          0140
[ G] CVNSTR                           D45E
[ G] CVT                              E6F1
[ G] CVT0                             E6F7
[ G] CVT1                             E6FF
[ G] CVTB                             E7B3
[ G] CVTE                             E6AB
[ G] CVTFCN                           013D
[ G] CYCLO                            014A
[ G] DBDIVSG                          E750
[ G] DDUMP                            ED3B
[SG] DEBUG                            0000
[SG] DEBUG                            0000
[ G] DECIMAL                          ED0A
[ G] DEFFLG                           0144
[ G] DEFFLM                           0040
[ G] DEPTH                            DD26
[ G] DEV0                             C0C0
[ G] DEV1                             C400
[ G] DEV2                             C800
[ G] DEV3                             CC00
[ G] DEV4                             C040
[ G] DEV5                             D400
[ G] DEV6                             C008
[ G] DEV7                             DC00
[ G] DICEND                           0108
[ G] DIFF                             DFC7
[ G] DIV                              EB0A
[ G] DIV1                             EB12
[ G] DIVDBL                           0138
[ G] DIVFCN                           0137
[ G] DIVSYM                           0139
[ G] DLESS                            E57D
[ G] DMINUS                           E559
[ G] DNEG                             E537
[ G] DO                               DE86
[ G] DOES                             DD64
[ G] DOESEX                           DD72
[ G] DOEX                             DE9F
[ G] DOT                              E7BB
[ G] DOTR                             E7E3
[ G] DOTR0                            E7EC
[ G] DOTTICK                          ED25
[ G] DPLUS                            E51F
[ G] DPOPRA                           D804
[ G] DPREGM                           D229
[ G] DPSHRA                           D7F2
[ G] DREGM                            D221
[ G] DROP                             EDA9
[ G] DUP                              ED9B
[ G] DV0ERRM                          EFE6
[ G] DVFDIV                           0002
[ G] DVFMASK                          0007
[ G] DVFMOD                           0001
[ G] DVFSLMD                          0000
[ G] DVOA1D                           0008
[ G] DVOWSYM                          0010
[ G] DZEQ                             E571
[ G] EBUFS                            DB0B
[ G] ELSE                             DF82
[ G] EMIT                             E9A0
[ G] EMPTYB                           DB1B
[ G] EMXASXT                          D152
[ G] EQ                               DFAF
[ G] ERRHD1                           D757
[ G] ERRHDLR                          D754
[ G] ERRMTBL                          EFFA
[ G] ETX                              0003
[ G] EVAL                             E91F
[ G] EVRDPTH                          D805
[ G] EXCT                             E3E2
[ G] EXIT                             E172
[ G] F83DIVF                          013B
[ G] FALSE                            E9F9
[ G] FDCTSYM                          D5AC
[ G] FDIVADJ                          EB7A
[ G] FETCH                            EF40
[ G] FFLAG                            0040
[ G] FILL                             EE63
[ G] FILL1                            EE6F
[ G] FIND                             E26A
[ G] FINDSYM                          D61E
[ G] FIRQHDL                          D252
[ G] FLUSH                            DBA7
[ G] FMSLMOD                          EAEC
[ G] FNDPLD                           0110
[ G] FORTHIN                          D355
[ G] FWDREF                           0116
[ G] GETCH                            D2AB
[ G] GETS                             D30D
[ G] HDMP2                            D1AB
[ G] HDMP4                            D192
[ G] HERE                             EEEC
[ G] HEX                              ED1A
[ G] HEX1D                            D179
[ G] HEXBFSZ                          0050
[ G] HEXBUF                           04C2
[ G] HOLD                             E6D8
[ G] HT                               0009
[ G] HVNMI                            0001
[ G] HVNMI2                           0000
[ G] ICHECK                           DE35
[ G] IF                               DF5D
[ G] IFLAG                            0010
[ G] ILLOPC                           00C7
[ G] IMDFLG                           0143
[ G] IMDFLM                           0080
[ G] IMMED                            DDF6
[ G] IMMED1                           DE04
[ G] INDI                             E202
[ G] INDIP                            E225
[ G] INDJ                             E22E
[ G] INDJP                            E236
[ G] INDK                             E23F
[ G] INF                              E0D2
[ G] INIT                             D047
[ G] INTERP                           D0B2
[ G] INTISRA                          D0F2
[ G] INTRPRA                          D0FB
[ G] INVERT                           E036
[ G] IODZHDL                          D000
[ G] IOERR                            DA7E
[ G] IOPERRM                          EFD1
[ G] IOSTRT                           C000
[ G] IRQHDL                           D036
[ G] ISDBLF                           013F
[ G] ISEADDR                          0128
[ G] ISERCHD                          D373
[ G] ISLEN                            0126
[ G] ISNEGF                           013E
[ G] JMPOPC                           007E
[ G] JSRLAST                          0114
[ G] JSROPC                           00BD
[ G] KEY                              E98F
[ G] KEYP                             E97D
[ G] LAST                             EEE0
[ G] LBRACK                           E2B8
[ G] LDXOPC                           008E
[ G] LEAVE                            E1E4
[ G] LF                               000A
[ G] LIST                             DCC6
[ G] LITER                            D56E
[ G] LITERAL                          DD90
[ G] LOAD                             E8F8
[ G] LOAD1                            E905
[ G] LOAD2                            E913
[ G] LOCWRT                           D513
[ G] LOOP                             DEA8
[ G] LOOP1                            DEB2
[ G] LOOPEX                           DEEF
[ G] LPAR                             E477
[ G] LSTWAD                           0106
[ G] LWMNRA                           D52A
[ G] MARKER                           E3AE
[ G] MAX                              E0E0
[ G] MCCABE                           DB2E
[ G] MILLIS                           E967
[ G] MILLIS1                          E971
[ G] MIN                              E0F8
[ G] MIN1PST                          DAF7
[ G] MIN2PST                          DAFC
[ G] MIN3PST                          DB01
[ G] MIN4PST                          DB06
[ G] MINTLRA                          D0BD
[ G] MINUS                            E9E9
[ G] MOD                              EAD5
[ G] MONITOR                          DE2A
[ G] MOVE                             EEC4
[ G] MROT                             EE23
[ G] MRUBUFA                          011E
[ G] MSLCNT                           00C2
[ G] MSTAR                            EA59
[ G] MULFCN                           013A
[ G] MULT                             EA3E
[ G] MULT1                            EA44
[ G] NAK                              0015
[ G] NCLR                             D34B
[ G] NDCTWKS                          D644
[ G] NEGATE                           E126
[ G] NIP                              ED91
[ G] NMCVCRA                          D139
[ G] NMCVIRA                          D0D0
[ G] NMI2DM                           D1C5
[ G] NMI4DM                           D1CB
[ G] NMIDML                           D1D1
[ G] NMIHDL                           D1DA
[ G] NONAME                           E357
[ G] NOT                              E09E
[ G] NPOP                             D7F3
[ G] NPUSH                            D7E5
[ G] NSTBOT                           0340
[ G] NSTKSZ                           0100
[ G] NSTTOP                           0240
[ G] NUL                              0000
[ G] NULP                             E07D
[ G] NUMCVRA                          D456
[ G] NUMCVT                           D3E4
[ G] NXTCHAR                          D3B7
[ G] OKFEEDB                          EFC2
[ G] ONEM                             E9C1
[ G] ONEP                             E9D0
[ G] OR                               E011
[ G] OVER                             EDEF
[ G] PAD                              E871
[ G] PADBSZ                           0054
[ G] PADBUF                           0197
[ G] PAGE                             E85C
[ G] PAYLOAD                          EC19
[ G] PCREGM                           D23A
[ G] PICK                             EDC6
[ G] PICK1                            EDD0
[ G] PLOAD                            010E
[ G] PLOOP                            DEF4
[ G] PLOOPEX                          DF01
[ G] PLOPEX1                          DF04
[ G] PLUS                             E9B1
[ G] PLUSST                           EEF8
[ G] POSTPON                          E2E9
[ G] pragma                           0000
[ G] PRBLKIN                          D727
[ G] PREAPAD                          E73D
[ G] PSTR                             E4B6
[ G] PTOP0                            E7C3
[ G] PUTCH                            D2D7
[ G] PUTCR                            D2F7
[ G] PUTS                             D2EA
[ G] QDO                              DE3F
[ G] QDO1                             DE65
[ G] QDOEX                            DE6C
[ G] QMARK                            EF36
[ G] QRYDUP                           ED75
[ G] QUIT                             E247
[ G] RAKEVAR                          0118
[ G] ram_time                         014C
[ G] RAMCHK                           D057
[ G] RAMFAIL                          D069
[ G] RAMFM                            EFAF
[SG] RAMFTCH                          0D84
[ G] RAMOK                            D07B
[ G] RAMOKM                           EF9F
[ G] RAMSIZE                          8000
[ G] RAMSTRT                          0000
[ G] RBRACK                           E2AF
[ G] RBRACK1                          E2B5
[ G] RCLR                             D34F
[ G] READLN                           D166
[ G] REALEND                          EF4C
[ G] RECADDR                          0112
[ G] RECURSE                          E39F
[ G] REFILL                           DC42
[SG] RELFEAT                          0000
[SG] RELFEAT                          0001
[ G] REPEAT                           E1C0
[ G] RFETCH                           E21E
[ G] RFROM                            E1CE
[ G] ROLL                             EDFB
[ G] ROLL1                            EE05
[ G] rom_time                         D8B4
[ G] ROMSTRT                          D000
[ G] ROT                              EE18
[ G] rot_c                            D8B4
[ G] rot_cs                           D8BB
[ G] rot_d                            D8B7
[ G] rot_h                            D8B8
[ G] rot_m                            D8B9
[ G] rot_o                            D8B6
[ G] rot_s                            D8BA
[ G] rot_y                            D8B5
[ G] RPICKN                           E207
[ G] RPOP                             D830
[ G] RPOPRA                           D846
[ G] RPSHRA                           D82F
[ G] RPUSH                            D817
[ G] RSBSPFX                          D457
[ G] RSP                              0100
[ G] RSTBOT                           043E
[ G] RSTHDL                           D037
[ G] RSTINP                           D86B
[ G] RSTKSZ                           00FE
[ G] RSTRCT                           DE0E
[ G] RSTTOP                           0340
[ G] rt_c                             014C
[ G] rt_d                             014F
[ G] rt_h                             0150
[ G] rt_m                             0151
[ G] rt_o                             014E
[ G] rt_s                             0152
[ G] rt_y                             014D
[ G] RTADV32                          0020
[ G] RTADVRS                          0070
[ G] RTARS64                          000A
[ G] RTAS                             D400
[ G] RTAUIP                           0080
[ G] RTB24                            0002
[ G] RTBDM                            0004
[ G] RTBPIE                           0040
[ G] RTBSET                           0080
[ G] rtc_base                         C040
[ G] rtc_get_time                     D8BC
[ G] rtc_get_time_loop                D8C1
[ G] rtc_get_time_sample              D8E1
[ G] rtc_read_8bit                    D94B
[ G] rtc_reg_cd                       C04D
[ G] rtc_reg_ce                       C04E
[ G] rtc_reg_cf                       C04F
[ G] rtc_reg_d1                       C046
[ G] rtc_reg_d10                      C047
[ G] rtc_reg_h1                       C044
[ G] rtc_reg_h10                      C045
[ G] rtc_reg_mi1                      C042
[ G] rtc_reg_mi10                     C043
[ G] rtc_reg_mo1                      C048
[ G] rtc_reg_mo10                     C049
[ G] rtc_reg_s1                       C040
[ G] rtc_reg_s10                      C041
[ G] rtc_reg_w                        C04C
[ G] rtc_reg_y1                       C04A
[ G] rtc_reg_y10                      C04B
[ G] rtc_set_time                     D95D
[ G] rtc_write_8bit                   D9BA
[ G] RTCAVL                           0145
[ G] RTCFEAT                          0000
[ G] RTCFTCH                          DC99
[ G] RTCPF                            0040
[ G] RTCSTOR                          DCA8
[ G] RTDS                             D401
[ G] RTODOM                           0007
[ G] RTODOW                           0006
[ G] RTOHOUR                          0004
[ G] RTOHRA                           0005
[ G] RTOMIN                           0002
[ G] RTOMINA                          0003
[ G] RTOMON                           0008
[ G] RTOPRES                          003F
[ G] RTOREGA                          000A
[ G] RTOREGB                          000B
[ G] RTOREGC                          000C
[ G] RTOREGD                          000D
[ G] RTOSEC                           0000
[ G] RTOSECA                          0001
[ G] RTOUMB                           000E
[ G] RTOYEAR                          0009
[ G] RTSOPC                           0039
[ G] RTUMSZ                           0032
[ G] SANRST                           EFC8
[ G] SAVBUF                           DB66
[ G] SAVINP                           D850
[ G] SCNETOK                          D39F
[ G] SCNSTOK                          D38C
[ G] SCR                              DC7D
[ G] SERBCNT                          0155
[ G] SERBDEQ                          0154
[ G] SERBENQ                          0153
[ G] SERBSZ                           0040
[ G] SERBUF                           0157
[ G] SHARPS                           E6E6
[ G] SHIFT                            EA13
[ G] SIGN                             E6C3
[ G] SINFEQ                           DFE0
[ G] SLEN                             D243
[ G] SLMOD                            EAE1
[ G] SMSLREM                          EAFB
[ G] SOURCE                           E486
[ G] SP                               0020
[ G] SPACE                            E833
[ G] SPACES                           E840
[ G] SQUOTE                           E4CA
[ G] SQUOTFN                          014B
[ G] SRCID                            0149
[ G] SREGM                            D23F
[ G] SSDFEAT                          0001
[ G] STATE                            ECEF
[ G] STOD                             DD0D
[ G] STORE                            EF1A
[ G] STRSL1                           EB90
[ G] STRSLMD                          EBBB
[ G] STRSLSH                          EB87
[ G] STSLFCN                          013C
[ G] SUP                              E0C4
[ G] SVCTOKL                          0142
[ G] SWAP                             EDB3
[ G] SWDIC                            D4A5
[ G] SWDIC1                           D4AA
[ G] SWI2HDL                          D036
[ G] SWI3HDL                          D036
[ G] SWIHDL                           D036
[ G] SYSSTAT                          EC0F
[ G] SYSSTK                           EC06
[ G] TBUFF                            0512
[ G] TBUFSZ                           0048
[ G] TERPRET                          E8C7
[ G] THEEND                           EF40
[ G] THEN                             DF90
[ G] THRU                             E946
[ G] TICK                             E2BF
[ G] TICKS                            DC89
[ G] TIKSHI                           0130
[ G] TIKSLOW                          0132
[ G] TOIN                             DC71
[ G] TOKENEP                          0104
[ G] TOKENSP                          0102
[ G] TONUMBR                          E620
[ G] TOR                              E1D9
[ G] TRUE                             EA06
[ G] TUCK                             ED86
[ G] TWODIV                           EAC6
[ G] TWODROP                          E5D7
[ G] TWODUP                           E5E5
[ G] TWOFTCH                          E60D
[ G] TWOOVER                          E5A3
[ G] TWOSTOR                          E5FC
[ G] TWOSWAP                          E5BB
[ G] TWOTIM                           EAB7
[ G] TYPE                             E87D
[ G] U2INFRD                          D161
[ G] UBASE                            0122
[ G] UBLK                             012C
[ G] UDOT                             E7DA
[ G] UDOTR                            E81E
[ G] UINF                             E0B5
[ G] UMSLMOD                          EBC7
[ G] UMSTAR                           EA64
[ G] UNLESS                           DF71
[ G] UNLOOP                           DF2D
[ G] UNMON                            DE1D
[ G] UNTIL                            E193
[ G] UPDATE                           DBB4
[ G] UREGM                            D236
[ G] USCR                             012E
[ G] USTATE                           0124
[ G] USUP                             E0A6
[ G] UTOIN                            012A
[ G] VARCON                           D580
[ G] VARCON1                          D582
[ G] VARCON2                          D585
[ G] VARI                             DDD2
[ G] VARSPC                           0100
[ G] VECTBL                           FFF0
[ G] VLPRVEP                          011A
[ G] VLPRVHD                          011C
[ G] WBIFDRT                          DB7D
[ G] WDICSPC                          0D80
[ G] WHILE                            E1B2
[ G] WIEN2IN                          D100
[ G] WORD                             E435
[ G] WORD1                            E43E
[ G] WORDS                            EC28
[ G] WREGM                            D225
[ G] WRLNMSK                          001F
[ G] WTCFEAT                          0001
[ G] WTCFTCH                          DCB2
[ G] WTCSTOR                          DCBC
[ G] WTOOLNG                          D542
[ G] WTREGRD                          D8BC
[ G] WTREGWR                          D95D
[ G] XMITOK                           0156
[ G] XOFF                             0013
[ G] XON                              0011
[ G] XOR                              DFFB
[ G] XOR1                             E00C
[ G] XREGM                            D22E
[ G] YREGM                            D232
[ G] ZFLAG                            0004
[ G] ZGREAT                           E04B
[ G] ZLESS                            E064
[ G] ZNEQ                             E094
